"(no recorded payment)","(keine erfasste Zahlung)"
"0 = unlimited repeats per sale","0 = unbegrenzte Wiederholungen pro Verkauf"
"0 = usable immediately. Otherwise it becomes spendable this many days after the sale.","0 = sofort nutzbar. Sonst wird es so viele Tage nach dem Verkauf einlösbar."
"<p>Your PIN reset code is <b>{0}</b>.</p><p>It expires in {1} minutes. If you didn't ask for this, ignore this email, your current PIN still works.</p>","<p>Ihr Code zum Zurücksetzen der PIN lautet <b>{0}</b>.</p><p>Er läuft in {1} Minuten ab. Wenn Sie das nicht angefordert haben, ignorieren Sie diese E-Mail, Ihre aktuelle PIN funktioniert weiterhin.</p>"
"A PIN must be 4 to 8 digits.","Eine PIN muss 4 bis 8 Ziffern haben."
"A built-in field of the form (mobile_no, email_id, tax_id, building_no, street, district, city, postal_code, additional_no) or any field of Customer.","Ein eingebautes Feld des Formulars (mobile_no, email_id, tax_id, building_no, street, district, city, postal_code, additional_no) oder ein beliebiges Feld des Kunden."
"A bundle needs specific product rows, not 'all products'","Ein Set braucht konkrete Produktzeilen, nicht „alle Produkte“"
"A check could not run","Eine Prüfung konnte nicht ausgeführt werden"
"A customer billed in another currency (Customer, Currency and Price List) buys in it: prices, payment and receipt in that currency, at a rate fixed for the shift. Off: such a customer is refused.","Ein Kunde, der in einer anderen Währung abgerechnet wird (Kunde, Währung und Preisliste), kauft in dieser Währung: Preise, Zahlung und Beleg in dieser Währung, zu einem für die Schicht festen Kurs. Aus: Ein solcher Kunde wird abgelehnt."
"A gift card cannot pay for a gift card","Eine Geschenkkarte kann nicht mit einer Geschenkkarte bezahlt werden"
"A hold needs a customer, so the shop knows whose goods these are","Eine Reservierung braucht einen Kunden, damit das Geschäft weiß, wem die Ware gehört"
"A label for the batch this code was generated/imported in.","Eine Bezeichnung für die Serie, in der dieser Code erzeugt/importiert wurde."
"A manual discount of {0}% exceeds the {1}% limit, approver passcode required","Ein manueller Rabatt von {0}% überschreitet die Grenze von {1}%, Freigabecode eines Freigebers erforderlich"
"A manual discount of {0}% exceeds the {1}% limit. Enter the manager passcode or send an approval request.","Ein manueller Rabatt von {0}% überschreitet die Grenze von {1}%. Geben Sie den Freigabecode des Managers ein oder senden Sie eine Freigabeanfrage."
"A manual discount of {0}% exceeds the {1}% limit. Send an approval request.","Ein manueller Rabatt von {0}% überschreitet die Grenze von {1}%. Senden Sie eine Freigabeanfrage."
"A percentage of the qualifying items, or a fixed amount","Ein Prozentsatz der qualifizierenden Artikel oder ein Festbetrag"
"A price cannot be below zero.","Ein Preis kann nicht unter null liegen."
"A reason the cashier can pick when refunding an item (shown at the till).","Ein Grund, den der Kassierer beim Erstatten eines Artikels wählen kann (wird an der Kasse angezeigt)."
"A refund does not go back onto a gift card or cashback. Refund that part as store credit.","Eine Erstattung geht nicht auf eine Geschenkkarte oder auf Cashback zurück. Erstatten Sie diesen Teil als Guthaben."
"A register closed with a counted difference over the alert threshold.","Eine Kasse wurde mit einer Zähldifferenz über der Warnschwelle geschlossen."
"A register is still open well past the end of its shift.","Eine Kasse ist lange nach Ende ihrer Schicht noch offen."
"A reusable timetable, one schedule can serve many outlets.","Ein wiederverwendbarer Zeitplan, ein Plan kann für viele Filialen gelten."
"A sale that took longer than usual is written to the Error Log with its timings.","Ein Verkauf, der länger als üblich gedauert hat, wird mit den gemessenen Zeiten im Error Log festgehalten."
"A salesperson is required but none exists","Ein Verkäufer ist erforderlich, aber es gibt keinen"
"A shift belongs to","Eine Schicht gilt"
"A shift left open holds its sales out of the books, and on ERPNext 16 can block its outlet.","Eine offen gelassene Schicht hält ihre Verkäufe aus der Buchhaltung heraus und kann unter ERPNext 16 ihre Filiale blockieren."
"A statistics page for managers. With the Lumen Reports app installed it embeds a ready-made POS sales dashboard, otherwise it suggests installing it.","Eine Statistikseite für Manager. Ist die App Lumen Reports installiert, bettet sie ein fertiges POS-Verkaufsdashboard ein, sonst schlägt sie vor, die App zu installieren."
"Absolute difference (over or short) on any payment method that triggers the email.","Absolute Differenz (Über- oder Fehlbetrag) bei einer beliebigen Zahlungsart, ab der die E-Mail gesendet wird."
"Account {0} belongs to {1}, not {2}","Konto {0} gehört zu {1}, nicht zu {2}"
"Account {0} does not belong to {1}","Konto {0} gehört nicht zu {1}"
"Account {0} is a group account. Pick an account under it","Konto {0} ist ein Gruppenkonto. Wählen Sie ein Konto darunter"
"Account {0} is a {1} account, which cashback cannot post to","Konto {0} ist ein Konto vom Typ {1}, auf das Cashback nicht buchen kann"
"Account {0} is a {1} account, which needs a party on every line","Konto {0} ist ein Konto vom Typ {1}, das in jeder Zeile eine Partei braucht"
"Account {0} is disabled","Konto {0} ist deaktiviert"
"Account {0} must be an Asset account, and it is {1}","Konto {0} muss ein Aktivkonto sein, ist aber vom Typ {1}"
"Accounting periods locking sales today: {0}","Abrechnungszeiträume, die heute Verkäufe sperren: {0}"
"Accounting periods that will lock sales: {0}","Abrechnungszeiträume, die Verkäufe sperren werden: {0}"
"Add a Sales Person in ERPNext, or set Salesperson at the till to Optional.","Legen Sie in ERPNext eine Sales Person an oder stellen Sie Verkäufer an der Kasse auf Optional."
"Add a service charge to every sale (e.g. restaurants / salons).","Jedem Verkauf eine Servicegebühr hinzufügen (z. B. Restaurants / Salons)."
"Add at least one item the customer is taking instead","Fügen Sie mindestens einen Artikel hinzu, den der Kunde stattdessen mitnimmt"
"Add at least one item to the test basket","Fügen Sie dem Testwarenkorb mindestens einen Artikel hinzu"
"Add at least one product row or tick 'Apply on all products'","Fügen Sie mindestens eine Produktzeile hinzu oder haken Sie „Auf alle Produkte anwenden“ an"
"Add the goods being held","Fügen Sie die reservierte Ware hinzu"
"Add the items that make up the bundle","Fügen Sie die Artikel hinzu, aus denen das Set besteht"
"After this date the shop may cancel the hold. Nothing happens automatically.","Nach diesem Datum darf das Geschäft die Reservierung stornieren. Automatisch passiert nichts."
"Alert only, a till is never closed automatically, because a close without a real cash count produces figures nobody can trust.","Nur eine Warnung, eine Kasse wird nie automatisch geschlossen, weil ein Abschluss ohne echte Bargeldzählung Zahlen liefert, denen niemand trauen kann."
"All Customers","Alle Kunden"
"Allocated Price","Zugewiesener Preis"
"Allocated prices add up to {0}, but the Bundle Price is {1}, they must match exactly","Die zugewiesenen Preise ergeben {0}, der Setpreis ist aber {1}, beide müssen genau übereinstimmen"
"Allow a refund to be parked on the customer's Store Credit instead of handing money back. Turn OFF if shop policy is money-back only. Note: credit the customer actually SPENT on that sale can always be returned to credit (capped at what they spent), otherwise a credit-paid sale would have no refund method at all.","Erlaubt, eine Erstattung auf das Guthaben des Kunden zu buchen, statt Geld auszuzahlen. Schalten Sie dies AUS, wenn im Geschäft nur Geld erstattet wird. Hinweis: Guthaben, das der Kunde bei diesem Verkauf tatsächlich EINGELÖST hat, kann immer auf das Guthaben zurückerstattet werden (höchstens bis zum eingelösten Betrag), sonst hätte ein mit Guthaben bezahlter Verkauf überhaupt keine Zahlungsart für die Erstattung."
"Allow a single discount on the whole cart (subject to the discount limit + edit-price role).","Einen einzelnen Rabatt auf den ganzen Warenkorb erlauben (abhängig von der Rabattgrenze + der Rolle für Preisänderungen)."
"Allow printing an X-report (mid-shift drawer read) without closing the register.","Drucken eines X-Berichts (Zwischenstand der Kassenschublade während der Schicht) erlauben, ohne die Kasse zu schließen."
"Allow refund as","Erstattung erlauben als"
"Allow refunding to Store Credit","Erstattung auf Guthaben erlauben"
"Allow refunding to this mode","Erstattung auf diese Zahlungsart erlauben"
"Always positive. Earn adds, the rest remove.","Immer positiv. Sammeln erhöht, alle anderen verringern."
"Always positive; Issue adds to the balance, Redeem subtracts","Immer positiv. Ausstellen erhöht den Saldo, Einlösen verringert ihn"
"Amount must be positive, use Entry Type to add or subtract","Der Betrag muss positiv sein, verwenden Sie den Buchungstyp zum Hinzufügen oder Abziehen"
"An accounting period is meant to lock a month that is over. In ERPNext, Accounting Period: delete one made ahead of time (ERPNext 15 and 16 do not let anyone edit a period that has not ended), or untick Sales Invoice and Journal Entry in it.","Ein Abrechnungszeitraum soll einen abgelaufenen Monat sperren. In ERPNext, Abrechnungszeitraum: Löschen Sie einen im Voraus angelegten (ERPNext 15 und 16 lassen einen noch nicht abgelaufenen Zeitraum nicht bearbeiten), oder entfernen Sie darin die Haken bei Ausgangsrechnung und Buchungssatz."
"An approved request can still return it","Rückgabe mit genehmigter Anfrage trotzdem möglich"
"An end time EARLIER than (or equal to) the start means the shift crosses midnight.","Eine Endzeit FRÜHER als der Beginn (oder gleich) bedeutet, dass die Schicht über Mitternacht geht."
"An item tag (the tags you add to items in ERPNext)","Ein Artikel-Schlagwort (die Schlagworte, die Sie Artikeln in ERPNext hinzufügen)"
"Anyone holding this role passes. Leave blank to name a single person instead.","Jeder mit dieser Rolle ist zugelassen. Lassen Sie das Feld leer, um stattdessen eine einzelne Person anzugeben."
"Applies to this group AND everything under it.","Gilt für diese Gruppe UND alles darunter."
"Apply on all products","Auf alle Produkte anwenden"
"Approver Name","Name des Freigebers"
"Approver Role (for requests)","Freigeberrolle (für Anfragen)"
"Ask for a reset code first.","Fordern Sie zuerst einen Code zum Zurücksetzen an."
"Asset account for what other companies of the group owe this one for customer balances spent here. Created automatically when empty.","Aktivkonto für das, was andere Unternehmen der Gruppe diesem Unternehmen für hier eingelöste Kundensalden schulden. Wird automatisch angelegt, wenn leer."
"At least one payment is required","Mindestens eine Zahlung ist erforderlich"
"Audit log","Audit-Protokoll"
"Auto-lock after (minutes)","Automatisch sperren nach (Minuten)"
"Auto-lock after this many minutes of inactivity (0 = manual lock only).","Nach so vielen Minuten Inaktivität automatisch sperren (0 = nur manuell sperren)."
"Automatic rate status","Status des automatischen Kurses"
"Background jobs are switched off on this site","Hintergrundjobs sind auf dieser Website ausgeschaltet"
"Basket Discount Type","Warenkorb-Rabattart"
"Basket Discount Value","Warenkorb-Rabattwert"
"Basket Discount Value must be greater than zero","Der Warenkorb-Rabattwert muss größer als null sein"
"Block regular returns after the return window below. Past the window, the cashier can send a return-approval request that an Approver Role holder approves while the register is open.","Reguläre Rückgaben nach der unten festgelegten Rückgabefrist sperren. Nach Ablauf der Frist kann der Kassierer eine Freigabeanfrage für die Rückgabe senden, die ein Inhaber der Freigeberrolle genehmigt, während die Kasse geöffnet ist."
"Blocked Mode of Payment","Gesperrte Zahlungsart"
"Bundle Price","Setpreis"
"Bundle Price must be greater than zero","Der Setpreis muss größer als null sein"
"Bundle Price only: units of this product required per bundle","Nur bei Setpreis: benötigte Einheiten dieses Produkts pro Set"
"Bundle {0} does not exist","Set {0} existiert nicht"
"Bundle {0} is inactive","Set {0} ist inaktiv"
"Bundle {0} is incomplete, it needs exactly: {1}","Set {0} ist unvollständig, es braucht genau: {1}"
"Bundle {0} is not offered at {1}","Set {0} wird in {1} nicht angeboten"
"Bundle {0} is not valid today","Set {0} ist heute nicht gültig"
"Buy Quantity","Kaufmenge"
"Buy Quantity must be at least 1","Die Kaufmenge muss mindestens 1 sein"
"Buy X Get Y","X kaufen, Y erhalten"
"Cache only in-stock items for offline use","Nur Artikel mit Bestand für die Offline-Nutzung zwischenspeichern"
"Calculate discount on","Rabatt berechnen auf"
"Can","Darf"
"Can combine with other cashback rules","Mit anderen Cashback-Regeln kombinierbar"
"Can combine with other promotions","Mit anderen Aktionen kombinierbar"
"Cap on the cashback from one sale (0 = no cap). Applies to a percentage.","Obergrenze für das Cashback aus einem Verkauf (0 = keine Obergrenze). Gilt bei einem Prozentsatz."
"Card Number","Kartennummer"
"Cart JSON","Warenkorb-JSON"
"Cart Total","Warenkorbsumme"
"Cart is empty","Der Warenkorb ist leer"
"Cart lines / invoice summary captured when the request was raised.","Warenkorbzeilen / Rechnungsübersicht, erfasst beim Stellen der Anfrage."
"Cash Float","Wechselgeldbestand"
"Cash In","Bareinlage"
"Cash In / Out","Bareinlage / Barentnahme"
"Cash Movements","Bargeldbewegungen"
"Cash Out","Barentnahme"
"Cash in / out","Bareinlage / Barentnahme"
"Cash in this currency","Bargeld in dieser Währung"
"Cash variance on {0} ({1})","Kassendifferenz in {0} ({1})"
"Cashback","Cashback"
"Cashback Expense Account","Cashback-Aufwandskonto"
"Cashback Liability Account","Cashback-Verbindlichkeitskonto"
"Cashback Rule","Cashback-Regel"
"Cashback Type","Cashback-Art"
"Cashback balance is too low to redeem {0}","Der Cashback-Saldo reicht nicht, um {0} einzulösen"
"Cashback balance is {0}, cannot redeem {1}","Der Cashback-Saldo beträgt {0}, {1} kann nicht eingelöst werden"
"Cashier Name","Name des Kassierers"
"Change at this outlet comes from {0}, which is in {1}: a sale in {2} cannot give change from it. Take the exact amount, or set the outlet's Account for Change Amount (POS Profile) to an account in {3}.","Das Rückgeld dieser Filiale kommt vom Konto {0}, das in {1} geführt wird: Ein Verkauf in {2} kann daraus kein Rückgeld geben. Nehmen Sie den genauen Betrag an oder stellen Sie das Konto für Wechselbetrag der Filiale (POS-Profil) auf ein Konto in {3} um."
"Change given in another currency cannot reach the books","Rückgeld in einer anderen Währung kann nicht verbucht werden"
"Change given in this currency","Rückgeld in dieser Währung gegeben"
"Check the site's background workers (on Frappe Cloud, the bench's Jobs).","Prüfen Sie die Hintergrundprozesse der Website (bei Frappe Cloud unter Jobs der bench)."
"Choose exactly what each receipt shows.","Legen Sie genau fest, was jeder Beleg zeigt."
"Choose the company this program belongs to","Wählen Sie das Unternehmen, zu dem dieses Programm gehört"
"Choose the sale to take back","Wählen Sie den Verkauf, der zurückgenommen wird"
"Choose the {0} this rule applies to","{0}: Wählen Sie aus, wofür diese Regel gilt"
"Close the register","Kasse schließen"
"Close the shifts they belong to. A shift stuck in Closing shows above.","Schließen Sie die Schichten, zu denen sie gehören. Eine im Abschluss hängende Schicht wird weiter oben angezeigt."
"Close them from the Register page (a manager can close anyone's).","Schließen Sie sie auf der Seite Kasse (ein Manager kann die Schichten aller schließen)."
"Close them in ERPNext (POS Closing Entry) or cancel them if they hold no sales.","Schließen Sie sie in ERPNext ab (POS Closing Entry) oder stornieren Sie sie, wenn sie keine Verkäufe enthalten."
"Close your open shift first: {0}. This shop allows one open shift per person at a time.","Schließen Sie zuerst Ihre offene Schicht: {0}. In diesem Geschäft ist pro Person nur eine offene Schicht gleichzeitig erlaubt."
"Closed At","Geschlossen am"
"Closed by","Geschlossen von"
"Closing Attempts","Abschlussversuche"
"Closing Counts","Abschlusszählungen"
"Closing Error","Abschlussfehler"
"Closing Note","Abschlussnotiz"
"Closing Started At","Abschluss begonnen am"
"Closing Status","Abschlussstatus"
"Closing figures out of date","Abschlusszahlen veraltet"
"Compact","Kompakt"
"Companies of the group","Unternehmen der Gruppe"
"Company Accounts","Unternehmenskonten"
"Company customers","Unternehmenskunden"
"Complete the outlet's POS Profile in ERPNext.","Vervollständigen Sie das POS Profile der Filiale in ERPNext."
"Consolidation","Konsolidierung"
"Consolidation Error","Konsolidierungsfehler"
"Consolidation failed","Konsolidierung fehlgeschlagen"
"Could not reach printer at {0}:{1} ({2})","Drucker unter {0}:{1} nicht erreichbar ({2})"
"Counted","Gezählt"
"Coupon","Coupon"
"Coupon code {0} is already used by {1}","Couponcode {0} wird bereits von {1} verwendet"
"Create a POS Profile in ERPNext.","Legen Sie in ERPNext ein POS Profile an."
"Currencies the till sells in","Währungen, in denen die Kasse verkauft"
"Currency {0} is not set up","Währung {0} ist nicht eingerichtet"
"Custom Fields (JSON)","Benutzerdefinierte Felder (JSON)"
"Customer Eligibility","Kundenberechtigung"
"Customer balances across companies","Unternehmensübergreifende Kundensalden"
"Customer currency","Kundenwährung"
"Customer deposits account","Konto für Kundenanzahlungen"
"Customer group eligibility","Berechtigung der Kundengruppe"
"Customer has {0} loyalty points, cannot redeem {1}","Der Kunde hat {0} Treuepunkte, {1} können nicht eingelöst werden"
"Customer name is required","Der Kundenname ist erforderlich"
"Customer pays this for the whole bundle; the saving is split across the component lines (kept separate so each item can be returned individually)","Der Kunde zahlt diesen Betrag für das ganze Set. Die Ersparnis wird auf die Zeilen der Bestandteile verteilt (getrennt gehalten, damit jeder Artikel einzeln zurückgegeben werden kann)"
"Customer pays this total for one full set of the products listed above (use the Qty column for multiples). Items stay separate lines on the invoice.","Der Kunde zahlt diese Summe für ein vollständiges Set der oben aufgeführten Produkte (für Vielfache die Spalte Menge verwenden). Die Artikel bleiben einzelne Zeilen auf der Rechnung."
"Customer {0} is not enrolled in a loyalty program","Kunde {0} ist in keinem Treueprogramm angemeldet"
"Customer {0} not found","Kunde {0} nicht gefunden"
"Customer-facing display","Kundenanzeige"
"Daily time window","Tägliches Zeitfenster"
"Date window ({0} → {1})","Zeitraum ({0} → {1})"
"Days Closed While the Shift Ran","Während der Schicht abgeschlossene Tage"
"Days after the sale during which a regular return is allowed. 0 = no time limit.","Tage nach dem Verkauf, in denen eine reguläre Rückgabe erlaubt ist. 0 = keine Frist."
"Days of Week","Wochentage"
"Decided At","Entschieden am"
"Decided By","Entschieden von"
"Decision","Entscheidung"
"Decision Note","Entscheidungsnotiz"
"Delivery Apps","Liefer-Apps"
"Deposit for hold {0}","Anzahlung für Reservierung {0}"
"Deposit item","Anzahlungsartikel"
"Deposits are taxable when taken","Anzahlungen sind bei Erhalt steuerpflichtig"
"Detail","Detail"
"Detailed","Detailliert"
"Discount Approval","Rabattfreigabe"
"Discount Approvers","Rabatt-Freigeber"
"Discount Limit (%)","Rabattgrenze (%)"
"Discount Type is required for a Simple Discount","Für einen einfachen Rabatt ist die Rabattart erforderlich"
"Discount Value","Rabattwert"
"Discount Value must be greater than zero","Der Rabattwert muss größer als null sein"
"Discount approved by {0}","Rabatt freigegeben von {0}"
"Discount requests are turned off. Ask a manager for the passcode.","Rabattanfragen sind ausgeschaltet. Fragen Sie einen Manager nach dem Freigabecode."
"Drawer","Kassenschublade"
"Due from group companies","Forderungen gegen Gruppenunternehmen"
"Due to group companies","Verbindlichkeiten gegenüber Gruppenunternehmen"
"ERPNext 16 lets an outlet sell with only one open shift, and {0} still has one:","ERPNext 16 lässt eine Filiale nur mit einer einzigen offenen Schicht verkaufen, und {0} hat noch eine:"
"ERPNext 16 sells only on an opening entry opened today, one per outlet.","ERPNext 16 verkauft nur mit einer POS-Eröffnungsbuchung von heute, eine pro Filiale."
"ERPNext 16 takes sales only on a POS Opening Entry opened the same day. A shift that sold on past midnight closed each earlier day in ERPNext and opened the next, and was counted once, at its own close.","ERPNext 16 nimmt Verkäufe nur auf einer POS-Eröffnungsbuchung an, die am selben Tag eröffnet wurde. Eine Schicht, die nach Mitternacht weiter verkaufte, hat jeden früheren Tag in ERPNext abgeschlossen und den nächsten eröffnet und wurde einmal gezählt, bei ihrem eigenen Abschluss."
"ERPNext 16 takes sales only on a shift opened the same day. On (the default): at the first sale after midnight LumenPOS closes the day in ERPNext and opens the next one by itself, and the shift carries on and is counted once, at its own close. Off: a shift from an earlier day has to be closed before it can sell again. Set from the till: Settings, General, Register and shifts.","ERPNext 16 nimmt Verkäufe nur auf einer Schicht an, die am selben Tag geöffnet wurde. An (Standard): Beim ersten Verkauf nach Mitternacht schließt LumenPOS den Tag in ERPNext ab und eröffnet selbst den nächsten, die Schicht läuft weiter und wird einmal gezählt, bei ihrem eigenen Abschluss. Aus: Eine Schicht von einem früheren Tag muss geschlossen werden, bevor sie wieder verkaufen kann. Einstellbar an der Kasse: Einstellungen, Allgemein, Kasse und Schichten."
"ERPNext Days","ERPNext-Tage"
"ERPNext accepts the till's invoices","ERPNext nimmt die Rechnungen der Kasse an"
"ERPNext adds a missing item price from a sale","ERPNext ergänzt einen fehlenden Artikelpreis aus einem Verkauf"
"ERPNext is set not to record change as its own ledger entry (Create Ledger Entries for Change Amount, in POS Settings on ERPNext 16 and Accounts Settings before), so change can only come back in local money from the drawer the customer paid into. Turn that on, or take the exact amount.","ERPNext ist so eingestellt, dass Rückgeld nicht als eigene Buchung erfasst wird (Buchungssätze für Wechselgeld erstellen, in den POS-Einstellungen unter ERPNext 16 und davor in den Buchhaltungseinstellungen), daher kann Rückgeld nur in Landeswährung aus der Kassenschublade kommen, in die der Kunde gezahlt hat. Schalten Sie das ein oder nehmen Sie den genauen Betrag an."
"ERPNext is set to make Sales Invoices from the POS (POS Settings, Invoice Type Created via POS Screen), so it refuses the POS Invoices this outlet makes. Set it to POS Invoice, or set the outlet to Sales Invoice (POS Profile, LumenPOS).","ERPNext ist so eingestellt, dass an der Kasse Ausgangsrechnungen erstellt werden (POS-Einstellungen, Über POS-Oberfläche erstellter Rechnungstyp), und lehnt daher die POS-Rechnungen dieser Filiale ab. Stellen Sie dort POS-Rechnung ein oder stellen Sie die Filiale auf Ausgangsrechnung um (POS-Profil, LumenPOS)."
"ERPNext refuses POS Invoices on this site","ERPNext lehnt POS-Rechnungen auf dieser Website ab"
"ERPNext refuses what an accounting period locks on its dates. A shift cannot close, because the close posts its sales as a Sales Invoice.","ERPNext lehnt ab, was ein Abrechnungszeitraum an seinen Tagen sperrt. Eine Schicht lässt sich nicht abschließen, weil der Abschluss ihre Verkäufe als Ausgangsrechnung bucht."
"ERPNext {0} has not been tested with LumenPOS","ERPNext {0} wurde nicht mit LumenPOS getestet"
"ERPNext {0} is newer than the release LumenPOS was last tested on ({1})","ERPNext {0} ist neuer als die Version, mit der LumenPOS zuletzt getestet wurde ({1})"
"ERPNext {0}, tested with LumenPOS","ERPNext {0}, mit LumenPOS getestet"
"ERPNext's day could not be closed for this shift ({0}). Close the shift on the Register screen and open a new one.","Der ERPNext-Tag konnte für diese Schicht nicht abgeschlossen werden ({0}). Schließen Sie die Schicht auf dem Kassenbildschirm und eröffnen Sie eine neue."
"ERPNext's day was closed at {0} while this shift sold on past midnight: POS Closing Entry {1} holds its {2} sales, and POS Opening Entry {3} opens the next day. The drawer is counted once, when the shift closes.","Der ERPNext-Tag wurde um {0} abgeschlossen, während diese Schicht nach Mitternacht weiter verkaufte: Die POS-Abschlussbuchung {1} enthält seine {2} Verkäufe, und die POS-Eröffnungsbuchung {3} eröffnet den nächsten Tag. Die Kassenschublade wird einmal gezählt, wenn die Schicht schließt."
"Each manager gets their own passcode; the approver's name is recorded on the invoice. The single Manager Passcode above still works as a master code.","Jeder Manager erhält einen eigenen Freigabecode, der Name des Freigebers wird auf der Rechnung vermerkt. Der einzelne Manager-Freigabecode oben funktioniert weiterhin als Hauptcode."
"Earn","Sammeln"
"Earned cashback expires this many days after it becomes usable (0 = never expires)","Gesammeltes Cashback verfällt so viele Tage, nachdem es nutzbar wird (0 = verfällt nie)"
"Earning and redemption rates must be greater than zero","Sammel- und Einlöserate müssen größer als null sein"
"Edit price / discount","Preis / Rabatt bearbeiten"
"Edit price / discount role","Rolle für Preis- / Rabattänderung"
"Either give every component an Allocated Price or leave them all empty","Geben Sie entweder jedem Bestandteil einen zugewiesenen Preis oder lassen Sie alle leer"
"Eligibility","Berechtigung"
"Email a role when a closing count differs from expected by more than the threshold. Records and notifies, it never blocks the close.","Eine Rolle per E-Mail benachrichtigen, wenn eine Abschlusszählung um mehr als den Schwellenwert vom erwarteten Betrag abweicht. Erfasst und benachrichtigt, blockiert den Abschluss aber nie."
"Email an alert on a large closing variance","Bei großer Abschlussdifferenz per E-Mail warnen"
"Email an alert when a shift is left open","Per E-Mail warnen, wenn eine Schicht offen bleibt"
"Email receipt","Beleg per E-Mail"
"Email receipts are turned off (Settings → Features).","Belege per E-Mail sind ausgeschaltet (Einstellungen → Funktionen)."
"Empty: every company. Set: every outlet of this company, unless outlets are chosen below.","Leer: alle Unternehmen. Gesetzt: alle Filialen dieses Unternehmens, sofern unten keine Filialen gewählt sind."
"Empty: the built-in form. Name and mobile for everyone; for companies also the tax ID and the Saudi national address.","Leer: das eingebaute Formular. Name und Mobilnummer für alle, bei Unternehmen zusätzlich die Steuernummer und die saudische nationale Adresse."
"Empty: the main cash drawer.","Leer: die Hauptkassenschublade."
"Enable Cashback","Cashback aktivieren"
"Enable Insights","Insights aktivieren"
"Enable a second-screen customer-facing display (mirrors the cart on another monitor/window).","Kundenanzeige auf einem zweiten Bildschirm aktivieren (spiegelt den Warenkorb auf einem anderen Monitor/Fenster)."
"Enable holds and deposits","Reservierungen und Anzahlungen aktivieren"
"Enable the scheduler (bench enable-scheduler, or ask the hosting provider).","Aktivieren Sie den Scheduler (bench enable-scheduler, oder fragen Sie den Hosting-Anbieter)."
"End Date cannot be before Start Date","Das Enddatum darf nicht vor dem Startdatum liegen"
"Ends","Endet"
"Enter a coupon code","Geben Sie einen Couponcode ein"
"Enter a name for the price list","Geben Sie einen Namen für die Preisliste ein"
"Enter the amount the customer is paying","Geben Sie den Betrag ein, den der Kunde zahlt"
"Enter the gift card amount","Geben Sie den Betrag der Geschenkkarte ein"
"Enter your current PIN to change it.","Geben Sie Ihre aktuelle PIN ein, um sie zu ändern."
"Entry of the company that issued it","Buchungssatz des ausstellenden Unternehmens"
"Entry of the company that spent it","Buchungssatz des einlösenden Unternehmens"
"Every Day","Täglich"
"Every sale will be refused.","Jeder Verkauf wird abgelehnt."
"Exceed return window role","Rolle für Rückgabe nach Fristablauf"
"Exchange goods","Ware umtauschen"
"Exchange rate","Wechselkurs"
"Exchange role","Rolle für Umtausch"
"Exchanges are in {0} only. For a sale in {1}, refund it and ring the new goods up as a new sale.","Umtausch ist nur in {0} möglich. Erstatten Sie einen Verkauf in {1} und erfassen Sie die neue Ware als neuen Verkauf."
"Exclude","Ausschließen"
"Exclude these items instead of including them","Diese Artikel ausschließen statt einschließen"
"Expected to end","Geplantes Ende"
"Expire","Verfallen"
"Extra allowed refund methods. Example: if paid with Mada, allow refund as Cash. A method can always be refunded to itself, so you only add the exceptions.","Zusätzlich erlaubte Zahlungsarten für Erstattungen. Beispiel: bei Zahlung mit Mada Erstattung als Bargeld erlauben. Eine Zahlungsart kann immer auf sich selbst erstattet werden, Sie fügen also nur die Ausnahmen hinzu."
"Extra line under the company name (e.g. branch / slogan).","Zusätzliche Zeile unter dem Unternehmensnamen (z. B. Filiale / Slogan)."
"Failed Attempts","Fehlgeschlagene Versuche"
"Fallback: hours after opening","Ersatzweise: Stunden nach Öffnung"
"Features","Funktionen"
"Fields on the new customer form","Felder im Formular für neue Kunden"
"Fill in: {0}","Bitte ausfüllen: {0}"
"Fixed Price","Festpreis"
"Fixed at","Festgelegt am"
"Fixed with the rate: the shift gives the change of a sale in this currency from that currency's own drawer.","Mit dem Kurs festgelegt: Die Schicht gibt das Rückgeld eines Verkaufs in dieser Währung aus der eigenen Kassenschublade dieser Währung."
"Fixed: the rate the shop sets. Automatic: updated once a day, when automatic rates are switched on in LumenPOS Settings.","Fest: der Kurs, den das Geschäft festlegt. Automatisch: einmal täglich aktualisiert, wenn automatische Kurse in den LumenPOS-Einstellungen eingeschaltet sind."
"Footer line (e.g. thank-you, social).","Fußzeile (z. B. Dank, Social Media)."
"For an Earn row: the unspent, unexpired part still available.","Bei einer Zeile vom Typ Sammeln: der nicht eingelöste, nicht verfallene Teil, der noch verfügbar ist."
"For example: hygiene items cannot be returned once opened.","Zum Beispiel: Hygieneartikel können nach dem Öffnen nicht zurückgegeben werden."
"Free","Gratis"
"From their first day, shifts cannot close.","Ab ihrem ersten Tag lassen sich Schichten nicht abschließen."
"Fully Used","Aufgebraucht"
"Generate at most 5000 coupons at a time","Erzeugen Sie höchstens 5000 Coupons auf einmal"
"Generated {0}","Erzeugt am {0}"
"Get","Erhalten"
"Get Quantity","Prämienmenge"
"Get Quantity must be at least 1","Die Prämienmenge muss mindestens 1 sein"
"Gift Card Expiry (days)","Geschenkkarten-Ablauf (Tage)"
"Gift Card Item","Geschenkkarten-Artikel"
"Gift Card Liability Account","Geschenkkarten-Verbindlichkeitskonto"
"Gift Card Mode of Payment","Geschenkkarten-Zahlungsart"
"Gift Cards","Geschenkkarten"
"Gift card payments don't match the scanned cards","Die Geschenkkartenzahlungen passen nicht zu den gescannten Karten"
"Gift card {0} already exists","Geschenkkarte {0} existiert bereits"
"Gift card {0} expired on {1}","Geschenkkarte {0} ist am {1} abgelaufen"
"Gift card {0} has {1} left, cannot redeem {2}","Geschenkkarte {0} hat noch {1}, {2} kann nicht eingelöst werden"
"Gift card {0} is {1}","Geschenkkarte {0} hat den Status {1}"
"Gift card {0} not found","Geschenkkarte {0} nicht gefunden"
"Gift card {0} was issued by {1} and is used at its outlets only.","Geschenkkarte {0} wurde von {1} ausgestellt und gilt nur in den Filialen dieses Unternehmens."
"Gift cards","Geschenkkarten"
"Gift cards, cashback and store credit. Shared: spendable at any company of the group with the same currency, each company's books kept right by an Inter Company Journal Entry. Separate: spendable only at the company that issued it.","Geschenkkarten, Cashback und Guthaben. Gemeinsam: in jedem Unternehmen der Gruppe mit derselben Währung einlösbar, die Bücher jedes Unternehmens bleiben durch einen unternehmensübergreifenden Buchungssatz korrekt. Getrennt: nur bei dem Unternehmen einlösbar, das sie ausgestellt hat."
"Gift cards, store credit, cashback and loyalty points","Geschenkkarten, Guthaben, Cashback und Treuepunkte"
"Give change in this currency","Rückgeld in dieser Währung geben"
"Give customers cashback on qualifying sales, configured in POS Cashback Rule. Turning this off stops earning and hides the page.","Gewährt Kunden Cashback auf berechtigte Verkäufe, eingerichtet unter POS-Cashback-Regel. Ausgeschaltet wird kein Cashback mehr gesammelt und die Seite ist ausgeblendet."
"Give the loyalty program a name","Geben Sie dem Treueprogramm einen Namen"
"Global fallback income account for the service charge. Prefer a per-company account under Company Accounts.","Globales Ersatz-Ertragskonto für die Servicegebühr. Besser ein Konto pro Unternehmen unter Unternehmenskonten festlegen."
"Goods handed over on {0}","Ware mit {0} übergeben"
"Goods on hold","Reservierte Ware"
"Grace period (minutes)","Toleranzzeit (Minuten)"
"Grouped, most frequent first.","Gruppiert, die häufigsten zuerst."
"HOLD-.YYYY.-","HOLD-.YYYY.-"
"Hand these goods over at {0}, where they are kept.","Übergeben Sie diese Ware in {0}, wo sie aufbewahrt wird."
"Handed Over At","Übergeben am"
"Handed Over On Invoice","Übergeben mit Rechnung"
"Help in the till","Hilfe in der Kasse"
"Higher priority wins when two exclusive promotions give the same savings","Die höhere Priorität gewinnt, wenn zwei exklusive Aktionen die gleiche Ersparnis bringen"
"Higher wins when two non-combinable rules both match","Der höhere Wert gewinnt, wenn zwei nicht kombinierbare Regeln beide zutreffen"
"Hold Until","Reserviert bis"
"Hold cancelled","Reservierung storniert"
"Hold goods for (days)","Reservierungsdauer (Tage)"
"Hold goods for a customer","Ware für Kunden reservieren"
"Hold {0} belongs to another company","Reservierung {0} gehört zu einem anderen Unternehmen"
"Hold {0} belongs to {1}. Serve it at one of its outlets.","Reservierung {0} gehört zu {1}. Bearbeiten Sie sie in einer der Filialen dieses Unternehmens."
"Hold {0} handed over","Reservierung {0} übergeben"
"Holds and deposits","Reservierungen und Anzahlungen"
"Holds and deposits are switched off for this shop","Reservierungen und Anzahlungen sind für dieses Geschäft ausgeschaltet"
"How a cashier clears an over-limit discount. Passcode only = a manager enters the passcode at the till. Request only = the cashier sends a request a role-holder approves while the register is open. Passcode or request = either.","Wie ein Kassierer einen Rabatt über dem Limit freigeben lässt. Nur Freigabecode = ein Manager gibt den Freigabecode an der Kasse ein. Nur Anfrage = der Kassierer sendet eine Anfrage, die ein Rolleninhaber freigibt, während die Kasse geöffnet ist. Freigabecode oder Anfrage = beides möglich."
"How long a hold runs before the shop may cancel it. 0 = no limit. Nothing is cancelled automatically.","Wie lange eine Reservierung läuft, bevor das Geschäft sie stornieren darf. 0 = keine Begrenzung. Nichts wird automatisch storniert."
"How long after the scheduled end before alerting.","Wie lange nach dem geplanten Ende gewartet wird, bevor eine Warnung kommt."
"How many coupons should I generate?","Wie viele Coupons soll ich erzeugen?"
"How many times each code may be redeemed. 1 = single use, 0 = unlimited (until it expires).","Wie oft jeder Code eingelöst werden darf. 1 = einmalig, 0 = unbegrenzt (bis zum Ablauf)."
"If paid with","Wenn bezahlt mit"
"If you cannot close it, a manager can close it for you from that outlet's Register page.","Wenn Sie sie nicht schließen können, kann ein Manager sie auf der Kassenseite dieser Filiale für Sie schließen."
"Imported {0}","Importiert {0}"
"Individual customers","Privatkunden"
"Initial Amount","Anfangsbetrag"
"Insights","Insights"
"Insights are turned off in LumenPOS Settings","Insights sind in den LumenPOS-Einstellungen ausgeschaltet"
"Instalments","Raten"
"Inter Company Journal Entries","Unternehmensübergreifende Buchungssätze"
"Invalid or expired coupon code","Ungültiger oder abgelaufener Couponcode"
"Invoice Age (days)","Rechnungsalter (Tage)"
"Invoice type","Rechnungstyp"
"Issued On Invoice","Ausgegeben mit Rechnung"
"Issued by","Ausgegeben von"
"Items shown as one-tap buttons on the sell screen.","Artikel, die auf dem Verkaufsbildschirm als Schaltflächen zum Antippen erscheinen."
"JSON list of dynamic receipt fields sourced from the POS Profile or the sale invoice (managed from the POS Settings page). Each: {source, fieldname, label, render, position}.","JSON-Liste dynamischer Belegfelder aus dem POS-Profil oder der Verkaufsrechnung (verwaltet auf der Seite POS-Einstellungen). Jedes: {source, fieldname, label, render, position}."
"Keep a shift open past midnight","Schicht über Mitternacht hinaus offen halten"
"Languages","Sprachen"
"Languages at the till","Sprachen an der Kasse"
"Last error","Letzter Fehler"
"Late return approved by {0}","Verspätete Rückgabe freigegeben von {0}"
"Leave empty for all customers","Leer lassen für alle Kunden"
"Leave empty for all outlets","Leer lassen für alle Filialen"
"Leave empty to apply at every outlet","Leer lassen, um in jeder Filiale zu gelten"
"Leave empty to apply at every outlet.","Leer lassen, um in jeder Filiale zu gelten."
"Leave empty to run in all outlets","Leer lassen, um in allen Filialen zu laufen"
"Legacy flag (superseded by Use Limit). Kept for older codes.","Altes Kennzeichen (ersetzt durch Nutzungslimit). Für ältere Codes beibehalten."
"Legacy/internal, price books now store item prices directly below.","Veraltet/intern, Preisbücher speichern Artikelpreise jetzt direkt unten."
"Liability account for customer deposits. Blank = LumenPOS creates 'Customer Deposits'. A per-company account can be set in Company Accounts.","Verbindlichkeitskonto für Kundenanzahlungen. Leer = LumenPOS legt 'Customer Deposits' an. Ein Konto pro Unternehmen lässt sich unter Unternehmenskonten festlegen."
"Liability account for what this company owes others of the group for its customer balances spent there. Created automatically when empty.","Verbindlichkeitskonto für das, was dieses Unternehmen anderen Unternehmen der Gruppe schuldet, wenn seine Kundensalden dort eingelöst werden. Wird automatisch angelegt, wenn leer."
"Liability account that backs gift cards (selling a card increases it, redeeming decreases it). Leave empty to auto-create ""Gift Cards"".","Verbindlichkeitskonto für Geschenkkarten (der Verkauf einer Karte erhöht es, das Einlösen verringert es). Leer lassen, um ""Gift Cards"" automatisch anzulegen."
"Liability account this company holds customer deposits in. Blank = LumenPOS creates 'Customer Deposits'.","Verbindlichkeitskonto, auf dem dieses Unternehmen Kundenanzahlungen führt. Leer = LumenPOS legt 'Customer Deposits' an."
"Limit regular returns to a time window","Normale Rückgaben zeitlich begrenzen"
"List the products that make up the bundle","Führen Sie die Produkte auf, aus denen das Set besteht"
"Load","Aufladung"
"Lock screen (PIN to unlock)","Sperrbildschirm (PIN zum Entsperren)"
"Lock the till behind a PIN (a manager/approver PIN, or any manager). Protects an unattended register.","Sperrt die Kasse mit einer PIN (Manager-/Freigeber-PIN oder jeder Manager). Schützt eine unbeaufsichtigte Kasse."
"Logo shown at the top of the printed/on-screen receipt.","Logo oben auf dem gedruckten/angezeigten Beleg."
"Lookup not allowed for {0}","Suche für {0} nicht erlaubt"
"Lumen Reports could not set up the dashboard","Lumen Reports konnte das Dashboard nicht einrichten"
"Lumen Reports could not set up the dashboard on this site: {0}","Lumen Reports konnte das Dashboard auf dieser Site nicht einrichten: {0}"
"Lumen Reports is not installed on this site","Lumen Reports ist auf dieser Site nicht installiert"
"Lumen Reports needs Frappe v{0} or newer","Lumen Reports benötigt Frappe v{0} oder neuer"
"LumenPOS","LumenPOS"
"LumenPOS Audit Log","LumenPOS-Prüfprotokoll"
"LumenPOS Cashier","LumenPOS-Kassierer"
"LumenPOS Company Setting","LumenPOS-Unternehmenseinstellung"
"LumenPOS Manager","LumenPOS-Manager"
"LumenPOS Payment Method Rule","LumenPOS-Zahlungsartregel"
"LumenPOS Profile Receipt","LumenPOS-Profilbeleg"
"LumenPOS Settings","LumenPOS-Einstellungen"
"LumenPOS User PIN","LumenPOS-Benutzer-PIN"
"LumenPOS background jobs failed in the last 7 days","LumenPOS-Hintergrundjobs sind in den letzten 7 Tagen fehlgeschlagen"
"LumenPOS background jobs have not run since {0}","LumenPOS-Hintergrundjobs sind seit {0} nicht gelaufen"
"LumenPOS cashback for {0} ({1}): {2} earned on {3} sales, {4} expired or returned on {5} entries.","LumenPOS-Cashback für {0} ({1}): {2} gesammelt bei {3} Verkäufen, {4} verfallen oder zurückgegeben bei {5} Einträgen."
"LumenPOS could not use ERPNext's {0} on this version of ERPNext ({1}). This usually means the site is running an ERPNext release LumenPOS has not been updated for yet, please report it to hello@lumen-solutions.co with this message.","LumenPOS konnte {0} von ERPNext in dieser ERPNext-Version ({1}) nicht verwenden. Das bedeutet meist, dass die Site eine ERPNext-Version nutzt, für die LumenPOS noch nicht aktualisiert wurde. Bitte melden Sie es mit dieser Meldung an hello@lumen-solutions.co."
"LumenPOS errors in the last 7 days: {0}","LumenPOS-Fehler in den letzten 7 Tagen: {0}"
"LumenPOS is tested on ERPNext 13 to 16.","LumenPOS ist auf ERPNext 13 bis 16 getestet."
"Make returns","Rückgaben durchführen"
"Make returns role","Rolle für Rückgaben"
"Manager Passcode","Manager-Freigabecode"
"Manual discounts above this percentage need approval. 0 disables the check.","Manuelle Rabatte über diesem Prozentsatz brauchen eine Freigabe. 0 schaltet die Prüfung ab."
"Margin below the published rate","Abschlag vom veröffentlichten Kurs"
"Max Applications per Sale","Max. Anwendungen pro Verkauf"
"Maximum Cashback","Maximales Cashback"
"Minimum Spend","Mindesteinkaufswert"
"Minimum Spend must be greater than zero","Der Mindesteinkaufswert muss größer als null sein"
"Minimum deposit (%)","Mindestanzahlung (%)"
"Mode of Payment used to redeem gift cards. Leave empty to auto-create/use ""Gift Card"".","Zahlungsart zum Einlösen von Geschenkkarten. Leer lassen, um ""Gift Card"" automatisch anzulegen bzw. zu verwenden."
"Money","Beträge"
"New customer","Neuer Kunde"
"New customer form","Formular für Neukunden"
"New gift cards expire this many days after sale. 0 = never expire.","Neue Geschenkkarten verfallen so viele Tage nach dem Verkauf. 0 = verfallen nie."
"New sales were recorded after the closing screen was loaded. Refresh the closing screen, re-check the counts, then close again.","Nach dem Laden des Abschlussbildschirms wurden neue Verkäufe erfasst. Aktualisieren Sie den Abschlussbildschirm, prüfen Sie die Zählungen erneut und schließen Sie dann noch einmal."
"No LumenPOS errors in the last 7 days","Keine LumenPOS-Fehler in den letzten 7 Tagen"
"No POS Profile is assigned to you. Create one and add yourself under Applicable for Users.","Ihnen ist kein POS-Profil zugewiesen. Legen Sie eines an und tragen Sie sich unter Anwendbar für Benutzer ein."
"No account group found for {0} in {1}. Create the account '{0}' in {2} by hand.","Keine Kontengruppe für {0} in {1} gefunden. Legen Sie das Konto '{0}' in {2} von Hand an."
"No accounting period locks sales","Kein Abrechnungszeitraum sperrt Verkäufe"
"No codes found in the file","Keine Codes in der Datei gefunden"
"No email address. Add one to the customer or type it in.","Keine E-Mail-Adresse. Hinterlegen Sie eine beim Kunden oder geben Sie sie ein."
"No expense account group found for {0}","Keine Aufwandskontengruppe für {0} gefunden"
"No expense account group found for {0}. Create a cashback expense account and choose it in LumenPOS Settings","Keine Aufwandskontengruppe für {0} gefunden. Legen Sie ein Aufwandskonto für Cashback an und wählen Sie es in den LumenPOS-Einstellungen"
"No liability account group found for {0}","Keine Verbindlichkeitskontengruppe für {0} gefunden"
"No liability account group found for {0}, create a 'Store Credit' liability account manually","Keine Verbindlichkeitskontengruppe für {0} gefunden, legen Sie ein Verbindlichkeitskonto 'Store Credit' von Hand an"
"No liability account group found for {0}, create a '{1}' liability account manually","Keine Verbindlichkeitskontengruppe für {0} gefunden, legen Sie ein Verbindlichkeitskonto '{1}' von Hand an"
"No liability account group found for {0}. Create a cashback liability account and choose it in LumenPOS Settings","Keine Verbindlichkeitskontengruppe für {0} gefunden. Legen Sie ein Verbindlichkeitskonto für Cashback an und wählen Sie es in den LumenPOS-Einstellungen"
"No open register session. Open the register first.","Keine offene Kassensitzung. Öffnen Sie zuerst die Kasse."
"No outlet (POS Profile) is set up","Keine Filiale (POS Profile) eingerichtet"
"No receipt printer configured on POS Profile {0}","Kein Belegdrucker im POS-Profil {0} eingerichtet"
"No shift needs attention","Keine Schicht braucht Aufmerksamkeit"
"No tax template: sales carry no tax.","Keine Steuervorlage: Verkäufe enthalten keine Steuer."
"No warehouse belongs to company {0}. Set a Default Warehouse on the POS Profile (or create a warehouse for this company) before selling gift cards.","Zum Unternehmen {0} gehört kein Lager. Legen Sie im POS-Profil ein Standardlager fest (oder legen Sie ein Lager für dieses Unternehmen an), bevor Sie Geschenkkarten verkaufen."
"No {0} account group found for {1}. Create '{2}' by hand.","Keine Kontengruppe vom Typ {0} für {1} gefunden. Legen Sie '{2}' von Hand an."
"Nobody is assigned to it yet (POS Profile, Applicable for Users).","Noch niemand ist zugewiesen (POS Profile, Applicable for Users)."
"Non-stock item posted when a gift card is sold. Leave empty to auto-create ""GIFT-CARD"".","Nicht bestandsgeführter Artikel, der beim Verkauf einer Geschenkkarte gebucht wird. Leer lassen, um ""GIFT-CARD"" automatisch anzulegen."
"Not a LumenPOS tour: {0}","Keine LumenPOS-Tour: {0}"
"Not a LumenPOS version: {0}","Keine LumenPOS-Version: {0}"
"Not allowed.","Nicht erlaubt."
"Not for the role {0}","Nicht für die Rolle {0}"
"Notify role","Benachrichtigte Rolle"
"Number of Sales","Anzahl Verkäufe"
"Off: the till shows nothing about holds at all. A shop that never puts goods aside for a customer does not need the button or the screen.","Aus: Die Kasse zeigt überhaupt nichts zu Reservierungen. Ein Geschäft, das nie Ware für einen Kunden zurücklegt, braucht weder die Schaltfläche noch den Bildschirm."
"Offer","Angebot"
"Offer the tour to new staff","Neuen Mitarbeitern die Tour anbieten"
"Offline cache only keeps items that have stock in the register's warehouse (smaller, faster cache)","Der Offline-Cache enthält nur Artikel mit Bestand im Lager der Kasse (kleinerer, schnellerer Cache)"
"Oldest from {0}. Their stock has not moved yet and they are missing from the accounts.","Der älteste stammt vom {0}. Ihr Bestand wurde noch nicht abgebucht, und sie fehlen in der Buchhaltung."
"On (the default): a ? button on every screen of the till opens that screen's help, with short tours over the real buttons.","An (Standard): Eine Schaltfläche ? auf jedem Bildschirm der Kasse öffnet dessen Hilfe, mit kurzen Touren an den echten Schaltflächen."
"On (the default): after an update, each person sees once what is new for them, with a Show me where a tour exists.","An (Standard): Nach einem Update sieht jede Person einmal, was für sie neu ist, mit einer Schaltfläche Zeigen, wo es eine Tour gibt."
"On (the default): sales and returns made without a connection are sent as soon as the network is back, even with the till closed, where the browser allows it (Chrome, Edge, Android). The till still sends them itself whenever it is open.","An (Standard): Ohne Verbindung getätigte Verkäufe und Rückgaben werden gesendet, sobald das Netz zurück ist, auch bei geschlossener Kasse, wo der Browser es erlaubt (Chrome, Edge, Android). Die Kasse sendet sie weiterhin selbst, wann immer sie geöffnet ist."
"On (the default): someone who has not seen the help yet is offered a short tour the first time they open the till.","An (Standard): Wer die Hilfe noch nicht gesehen hat, bekommt beim ersten Öffnen der Kasse eine kurze Tour angeboten."
"On (the default): the till shows a warning when the browser has not agreed to keep its offline data for good, which it may otherwise clear when space runs low, and asks the browser again on a tap.","An (Standard): Die Kasse zeigt eine Warnung, wenn der Browser nicht zugestimmt hat, ihre Offline-Daten dauerhaft zu behalten, die er sonst bei knappem Speicher löschen kann, und fragt den Browser auf Fingertipp erneut."
"On (the default): without a connection, a sale this device made in the same shift can be taken back, refunded in cash or the way the customer paid, never to store credit, a gift card or cashback. The till works out the refund as ERPNext will, and the server checks it again when the connection is back.","An (Standard): Ohne Verbindung kann ein Verkauf, den dieses Gerät in derselben Schicht getätigt hat, zurückgenommen werden, erstattet in bar oder so, wie der Kunde bezahlt hat, nie als Guthaben, auf eine Geschenkkarte oder als Cashback. Die Kasse berechnet die Erstattung so, wie ERPNext es tun wird, und der Server prüft sie erneut, sobald die Verbindung zurück ist."
"On: a deposit is taxed the moment it is taken (an advance against a known supply), and the tax already declared is deducted at hand-over. Off: the deposit carries no tax and the goods are taxed in full when handed over.","Ein: Eine Anzahlung wird bei der Annahme versteuert (Vorauszahlung auf eine bekannte Lieferung), und die bereits erklärte Steuer wird bei der Übergabe abgezogen. Aus: Die Anzahlung enthält keine Steuer, die Ware wird bei der Übergabe voll versteuert."
"On: a person cannot open a new shift while they still have one open at another outlet. Off (the default): a person may hold shifts at several outlets, and the till only reminds them. Set from the till: Settings, General, Register and shifts.","Ein: Eine Person kann keine neue Schicht öffnen, solange sie noch eine in einer anderen Filiale offen hat. Aus (Standard): Eine Person kann Schichten in mehreren Filialen haben, und die Kasse erinnert sie nur daran. Einstellbar an der Kasse: Einstellungen, Allgemein, Kasse und Schichten."
"On: a sale in this currency gives its change in it, from its own cash drawer. Off: change comes back in the company currency, from the main drawer. An outlet whose POS Profile names its own Account for Change Amount keeps it (ERPNext uses it on every sale).","Ein: Ein Verkauf in dieser Währung gibt das Rückgeld in dieser Währung aus der eigenen Kassenschublade. Aus: Das Rückgeld kommt in der Unternehmenswährung aus der Hauptschublade. Eine Filiale, deren POS-Profil ein eigenes Konto für Rückgeld angibt, behält es (ERPNext verwendet es bei jedem Verkauf)."
"On: the cashier may send a return approval request, and an approver can let this return through. Off: the item is never taken back.","Ein: Der Kassierer darf eine Freigabeanfrage für die Rückgabe senden, und ein Freigeber kann diese Rückgabe zulassen. Aus: Der Artikel wird nie zurückgenommen."
"Once a day, from ExchangeRate-API (free), for the currencies set to Automatic. A rate typed for the day always wins.","Einmal täglich von ExchangeRate-API (kostenlos), für die auf Automatisch gestellten Währungen. Ein für den Tag eingegebener Kurs hat immer Vorrang."
"One open shift per person","Eine offene Schicht pro Person"
"Only managers can view Insights","Nur Manager können Insights ansehen"
"Only someone who manages LumenPOS Settings can change exchange rates.","Nur wer die LumenPOS-Einstellungen verwaltet, kann Wechselkurse ändern."
"Only someone who manages LumenPOS Settings can change the customer form.","Nur wer die LumenPOS-Einstellungen verwaltet, kann das Kundenformular ändern."
"Only someone who manages LumenPOS Settings can do this.","Nur wer die LumenPOS-Einstellungen verwaltet, kann das tun."
"Only this role (plus managers) may apply a manual discount / edit a price on a sale. Blank = anyone.","Nur diese Rolle (und Manager) darf bei einem Verkauf einen manuellen Rabatt geben bzw. einen Preis ändern. Leer = jeder."
"Only this role (plus managers) may exchange goods in one step. Blank = anyone who may make returns. An exchange always needs return permission too.","Nur diese Rolle (und Manager) darf Ware in einem Schritt umtauschen. Leer = jeder, der Rückgaben durchführen darf. Ein Umtausch braucht immer auch die Berechtigung für Rückgaben."
"Only this role (plus managers) may make returns. Blank = anyone with sell access.","Nur diese Rolle (und Manager) darf Rückgaben durchführen. Leer = jeder mit Verkaufszugriff."
"Only used by Buy X Get Y: 'Buy' rows trigger the offer, 'Get' rows receive the reward. With no 'Get' rows the buy list rewards itself (classic multi-buy).","Nur für Kaufe X, erhalte Y: 'Kaufen'-Zeilen lösen das Angebot aus, 'Erhalten'-Zeilen bekommen die Belohnung. Ohne 'Erhalten'-Zeilen belohnt sich die Kaufliste selbst (klassische Mengenaktion)."
"Only {0} x {1} can still be returned","Es können nur noch {0} x {1} zurückgegeben werden"
"Open the register","Kasse öffnen"
"Open the register before requesting approval.","Öffnen Sie die Kasse, bevor Sie eine Freigabe anfordern."
"Opened At","Geöffnet am"
"Opened By","Geöffnet von"
"Opened at","Geöffnet am"
"Opened by","Geöffnet von"
"Opened with float {0}","Geöffnet mit Wechselgeldbestand {0}"
"Opening Float","Wechselgeldbestand"
"Opening entries from an earlier day blocking their outlet: {0}","POS-Eröffnungsbuchungen eines früheren Tages, die ihre Filiale blockieren: {0}"
"Opening float","Wechselgeldbestand"
"Optional (the default): the cashier may pick who sold. Required: a sale without a salesperson is refused. Off: the till asks for nobody and records nobody.","Optional (Standard): Der Kassierer kann wählen, wer verkauft hat. Erforderlich: Ein Verkauf ohne Verkäufer wird abgelehnt. Aus: Die Kasse fragt nach niemandem und speichert niemanden."
"Optional app-specific selling prices (overrides price books)","Optionale Verkaufspreise für diese App (haben Vorrang vor Preisbüchern)"
"Optional button label (defaults to the item name)","Optionaler Schaltflächentext (Standard: der Artikelname)"
"Optional daily window, e.g. Happy Hour 16:00 to 18:00. Wraps midnight if start is after end.","Optionales tägliches Zeitfenster, z. B. Happy Hour 16:00 bis 18:00. Reicht über Mitternacht, wenn der Beginn nach dem Ende liegt."
"Optional daily window. Wraps midnight if start is after end.","Optionales tägliches Zeitfenster. Reicht über Mitternacht, wenn der Beginn nach dem Ende liegt."
"Optional per-code expiry. The promotion's own date window still applies on top of this.","Optionales Ablaufdatum pro Code. Der Datumsbereich der Aktion gilt zusätzlich weiterhin."
"Optional. After this date the bundle stops being offered at the till (treated as expired/inactive).","Optional. Nach diesem Datum wird das Set an der Kasse nicht mehr angeboten (gilt als abgelaufen/inaktiv)."
"Optional. The bundle is not offered before this date.","Optional. Das Set wird vor diesem Datum nicht angeboten."
"Optional: this component's share of the bundle price (for the whole row qty). If used on any row, every row needs one and they must sum exactly to the Bundle Price. Empty = split proportionally to regular prices.","Optional: Anteil dieses Bestandteils am Set-Preis (für die gesamte Zeilenmenge). Wird er in einer Zeile genutzt, braucht jede Zeile einen, und die Summe muss genau dem Set-Preis entsprechen. Leer = Aufteilung im Verhältnis der regulären Preise."
"Order ID is required for {0} sales","Für Verkäufe über {0} ist eine Bestellnummer erforderlich"
"Order-level (whole-cart) discount","Gesamtrabatt (ganzer Warenkorb)"
"Other currencies","Weitere Währungen"
"Other currencies are on, but ERPNext does not book change as its own entry.","Weitere Währungen sind aktiv, aber ERPNext bucht Rückgeld nicht als eigene Buchung."
"Other currency floats","Wechselgeldbestände anderer Währungen"
"Outlet","Filiale"
"Outlet already open","Filiale bereits geöffnet"
"Outlet {0}","Filiale {0}"
"Outlet {0} belongs to {1}, not {2}. Choose outlets of {2}, or clear the company.","Filiale {0} gehört zu {1}, nicht zu {2}. Wählen Sie Filialen von {2} oder leeren Sie das Unternehmen."
"Outlet {0} cannot sell","Filiale {0} kann nicht verkaufen"
"Outlet {0} included","Filiale {0} einbezogen"
"Outlets","Filialen"
"Outlets (POS Profiles)","Filialen (POS-Profile)"
"Over-limit approval method","Freigabeverfahren bei Limitüberschreitung"
"Overdue Notified","Überfälligkeit gemeldet"
"PIN Hash","PIN-Hash"
"POS Approval Request","POS-Freigabeanfrage"
"POS Bundle","POS-Set"
"POS Bundle Item","POS-Set-Artikel"
"POS Capability Rule","POS-Berechtigungsregel"
"POS Cash Movement","POS-Bargeldbewegung"
"POS Cashback Entry","POS-Cashback-Eintrag"
"POS Cashback Rule","POS-Cashback-Regel"
"POS Cashback Rule Customer Group","POS-Cashback-Regel-Kundengruppe"
"POS Cashback Rule Item","POS-Cashback-Regel-Artikel"
"POS Cashback Rule Profile","POS-Cashback-Regel-Profil"
"POS Closing Entry {0} of this shift is not submitted.","Die POS-Abschlussbuchung {0} dieser Schicht ist nicht gebucht."
"POS Coupon","POS-Coupon"
"POS Customer Form Field","POS-Kundenformularfeld"
"POS Delivery App","POS-Liefer-App"
"POS Discount Approver","POS-Rabattfreigeber"
"POS Gift Card","POS-Geschenkkarte"
"POS Gift Card Entry","POS-Geschenkkarteneintrag"
"POS Inter Company Settlement","Unternehmensübergreifende POS-Verrechnung"
"POS Layaway","POS-Reservierung"
"POS Layaway Item","POS-Reservierungsartikel"
"POS Layaway Payment","POS-Reservierungszahlung"
"POS Opening Entry {0} (by {1}, since {2}) is open outside LumenPOS: close or cancel it in ERPNext.","POS-Eröffnungsbuchung {0} (von {1}, seit {2}) ist außerhalb von LumenPOS offen: Schließen oder stornieren Sie sie in ERPNext."
"POS Parked Sale","Geparkter POS-Verkauf"
"POS Payment Restriction","POS-Zahlungsbeschränkung"
"POS Price Book","POS-Preisbuch"
"POS Price Book Item","POS-Preisbuchartikel"
"POS Promotion","POS-Aktion"
"POS Promotion Customer Group","POS-Aktions-Kundengruppe"
"POS Promotion Item","POS-Aktionsartikel"
"POS Promotion Profile","POS-Aktionsprofil"
"POS Quick Key","POS-Schnelltaste"
"POS Refund Rule","POS-Erstattungsregel"
"POS Register Payment Count","POS-Kassenzählung je Zahlungsart"
"POS Register Session","POS-Kassensitzung"
"POS Return Reason","POS-Rückgabegrund"
"POS Return Restriction","POS-Rückgabebeschränkung"
"POS Sale Currency","POS-Verkaufswährung"
"POS Session Day","POS-Sitzungstag"
"POS Session Float","POS-Sitzungs-Wechselgeldbestand"
"POS Session Rate","POS-Sitzungskurs"
"POS Settings, Invoice Type Created via POS Screen: POS Invoice.","In POS Settings das Feld Invoice Type Created via POS Screen auf POS Invoice setzen."
"POS Shift Invoice","POS-Schichtrechnung"
"POS Shift Schedule","POS-Schichtplan"
"POS Shift Schedule Slot","POS-Schichtplan-Zeitfenster"
"POS Store Credit Entry","POS-Guthabeneintrag"
"Paid At","Bezahlt am"
"Paid With","Bezahlt mit"
"Parked","Geparkt"
"Parked At","Geparkt am"
"Passcode","Freigabecode"
"Passcode only","Nur Freigabecode"
"Passcode or request","Freigabecode oder Anfrage"
"Payment Counts","Zählungen je Zahlungsart"
"Payment Method Rules","Regeln für Zahlungsarten"
"Payment must cover the gift card amount","Die Zahlung muss den Betrag der Geschenkkarte decken"
"Per cashier","Pro Kassierer"
"Per outlet","Pro Filiale"
"Per outlet: ONE shift per register, whoever opens it, any assigned cashier can sell on it (default; how LumenPOS has always worked). Per cashier: each cashier opens their OWN shift on the register and can only sell on their own, so several people share one counter but each gets their own Z-report and is accountable for their own drawer.","Pro Filiale: EINE Schicht pro Kasse, egal wer sie öffnet, jeder zugewiesene Kassierer kann darin verkaufen (Standard, so hat LumenPOS schon immer gearbeitet). Pro Kassierer: Jeder Kassierer öffnet seine EIGENE Schicht an der Kasse und kann nur in dieser verkaufen, so teilen sich mehrere Personen eine Theke, aber jede erhält ihren eigenen Z-Bericht und ist für die eigene Kassenschublade verantwortlich."
"Per-Outlet Receipts","Belege pro Filiale"
"Per-company accounts. On a multi-company site each company posts gift cards / service charge to its OWN accounts. Leave empty to use the global defaults (or auto-create).","Konten pro Unternehmen. Auf einer Site mit mehreren Unternehmen bucht jedes Unternehmen Geschenkkarten / Servicegebühr auf seine EIGENEN Konten. Leer lassen, um die globalen Standards zu verwenden (oder automatisch anzulegen)."
"Per-method rules. Use these to require a terminal/transfer reference on card or bank payments so the transaction can be traced later.","Regeln pro Zahlungsart. Damit verlangen Sie bei Karten- oder Bankzahlungen eine Terminal-/Überweisungsreferenz, damit sich die Transaktion später nachverfolgen lässt."
"Per-outlet receipt overrides (managed from the POS Settings page). Each row is a POS Profile + a JSON receipt config that overrides the global receipt design for that outlet. Empty = the outlet uses the global receipt.","Belegabweichungen pro Filiale (verwaltet auf der Seite POS-Einstellungen). Jede Zeile ist ein POS-Profil + eine JSON-Belegkonfiguration, die das globale Belegdesign für diese Filiale überschreibt. Leer = die Filiale verwendet den globalen Beleg."
"Percentage discount cannot exceed 100","Ein Prozentrabatt darf 100 nicht überschreiten"
"Performance indexes missing: {0}","Fehlende Leistungsindizes: {0}"
"Person","Person"
"Pick a period of one year or less.","Wählen Sie einen Zeitraum von höchstens einem Jahr."
"Pick a {0} from the list","Bitte {0} aus der Liste wählen"
"Pick an outlet or a company.","Wählen Sie eine Filiale oder ein Unternehmen."
"Pick at least one item to take back","Wählen Sie mindestens einen Artikel zur Rücknahme"
"Pick the salesperson for this sale.","Wählen Sie den Verkäufer für diesen Verkauf."
"Posted At","Gebucht am"
"Price / stock checker","Preis-/Bestandsabfrage"
"Price Book Price","Preisbuchpreis"
"Price List (legacy)","Preisliste (veraltet)"
"Price cannot be negative","Der Preis darf nicht negativ sein"
"Price for {0} cannot be negative","Der Preis für {0} darf nicht negativ sein"
"Price list {0} does not exist","Preisliste {0} existiert nicht"
"Prices include tax ({0}%): the till shows them as they are and adds nothing at the total.","Preise enthalten Steuer ({0}%): Die Kasse zeigt sie unverändert und schlägt beim Gesamtbetrag nichts auf."
"Promotion","Aktion"
"Promotion Type","Aktionstyp"
"Promotion {0} does not exist","Aktion {0} existiert nicht"
"Quantity for {0} must be positive","Die Menge für {0} muss positiv sein"
"Quantity rewarded per application (cheapest eligible units)","Belohnte Menge pro Anwendung (die günstigsten berechtigten Einheiten)"
"Quantity the customer must buy to trigger the offer","Menge, die der Kunde kaufen muss, um das Angebot auszulösen"
"Quick Keys","Schnelltasten"
"Quick keys","Schnelltasten"
"Quick keys / favourites","Schnelltasten / Favoriten"
"Raise a Sales Order when goods go on hold, so ERPNext shows the quantity as reserved and another till cannot sell it.","Legt einen Auftrag an, wenn Ware reserviert wird, damit ERPNext die Menge als reserviert zeigt und keine andere Kasse sie verkaufen kann."
"Rate to company currency","Kurs zur Unternehmenswährung"
"Rates fixed for this shift","Für diese Schicht festgelegte Kurse"
"Reason shown at the till","An der Kasse angezeigter Grund"
"Reasons the cashier picks from when refunding an item. Add or remove freely. The till also always offers ""Other"" for a free-text reason.","Gründe, aus denen der Kassierer bei der Erstattung eines Artikels wählt. Beliebig hinzufügen oder entfernen. Die Kasse bietet außerdem immer ""Sonstiges"" für einen frei formulierten Grund."
"Receipt Config (JSON)","Belegkonfiguration (JSON)"
"Receipt Custom Fields (JSON)","Benutzerdefinierte Belegfelder (JSON)"
"Receipt Fields","Belegfelder"
"Receipt footer","Belegfußzeile"
"Receipt header","Belegkopfzeile"
"Receipt layout/density. Compact = tight; Standard = balanced; Detailed = spacious with a full store header + terms block.","Layout/Dichte des Belegs. Kompakt = eng, Standard = ausgewogen, Ausführlich = großzügig mit vollem Geschäftskopf + Bedingungsblock."
"Receipt logo","Beleglogo"
"Receipt template","Belegvorlage"
"Record sensitive actions (over-limit discounts, returns, price edits, register open/close) to the LumenPOS Audit Log.","Sensible Vorgänge (Rabatte über dem Limit, Rückgaben, Preisänderungen, Kasse öffnen/schließen) im LumenPOS-Prüfprotokoll erfassen."
"Recorded At","Erfasst am"
"Recorded By","Erfasst von"
"Redeem","Einlösung"
"Reference Invoice","Referenzrechnung"
"Reference label","Referenzbezeichnung"
"Refund","Erstattung"
"Refund Method Rules","Regeln für Erstattungsarten"
"Refund as {0}","Erstattung als {0}"
"Refunded","Erstattet"
"Refunded without a connection: the till paid out {0}, ERPNext's figure is {1}.","Ohne Verbindung erstattet: Die Kasse hat {0} ausgezahlt, der Betrag in ERPNext ist {1}."
"Refunds","Erstattungen"
"Refunds may only go back to a payment method the customer actually used on the original sale (plus Store Credit). Add rules below to allow extra refund methods per paid method.","Erstattungen dürfen nur über eine Zahlungsart erfolgen, die der Kunde beim ursprünglichen Verkauf tatsächlich genutzt hat (plus Guthaben). Fügen Sie unten Regeln hinzu, um je bezahlter Zahlungsart weitere Erstattungsarten zu erlauben."
"Register Session","Kassensitzung"
"Register page, Retry, or wait for the next background run.","Seite Kasse, Erneut versuchen, oder warten Sie auf den nächsten Hintergrundlauf."
"Register page, Retry. If it fails again, send this screen.","Seite Kasse, Erneut versuchen. Schlägt es erneut fehl, senden Sie diese Seite."
"Register session is already closed","Die Kassensitzung ist bereits geschlossen"
"Register session is not open","Die Kassensitzung ist nicht geöffnet"
"Register still open: {0}","Kasse noch geöffnet: {0}"
"Register {0} already has an open session ({1})","Kasse {0} hat bereits eine offene Sitzung ({1})"
"Register {0} already has an open session ({1}).","Kasse {0} hat bereits eine offene Sitzung ({1})."
"Register {0} has a previous shift ({1}) whose closing is still finalising or has failed. Retry that closing before opening a new shift.","Kasse {0} hat eine vorherige Schicht ({1}), deren Abschluss noch läuft oder fehlgeschlagen ist. Wiederholen Sie diesen Abschluss, bevor Sie eine neue Schicht öffnen."
"Reprint a receipt","Beleg erneut drucken"
"Request","Anfrage"
"Request not found.","Anfrage nicht gefunden."
"Request only","Nur Anfrage"
"Requested Discount (%)","Angefragter Rabatt (%)"
"Require Order ID","Bestell-ID erforderlich"
"Require a transaction reference","Transaktionsreferenz verlangen"
"Require scanning for serial numbers (block manual typing)","Scannen von Seriennummern erzwingen (manuelles Tippen sperren)"
"Required","Erforderlich"
"Requires Coupon Code","Erfordert Coupon-Code"
"Reserve the goods on hold","Reservierte Ware für andere Verkäufe sperren"
"Reset Code Hash","Hash des Rücksetzcodes"
"Reset Expires","Rücksetzcode gültig bis"
"Restrict refunds to the original payment method","Erstattungen auf die ursprüngliche Zahlungsart beschränken"
"Restrict till actions to staff holding a role. Leave a role blank to allow everyone. System / LumenPOS Managers always pass.","Kassenaktionen auf Mitarbeiter mit einer Rolle beschränken. Lassen Sie eine Rolle leer, um alle zuzulassen. System- und LumenPOS-Manager sind immer berechtigt."
"Resulting Invoice","Resultierende Rechnung"
"Retrieved","Abgerufen"
"Return Invoice","Rückgaberechnung"
"Return Reason","Rückgabegrund"
"Return Reasons","Rückgabegründe"
"Return approval isn't required, returns are open.","Eine Rückgabefreigabe ist nicht nötig, Rückgaben sind frei möglich."
"Return past the window","Rückgabe nach Fristablauf"
"Return policy / terms printed at the bottom of the receipt.","Rückgaberichtlinie / Bedingungen, unten auf den Beleg gedruckt."
"Return window (days)","Rückgabefrist (Tage)"
"Returns are allowed within {0} days, this invoice is {1} days old. Send a return approval request to continue.","Rückgaben sind innerhalb von {0} Tagen erlaubt, diese Rechnung ist {1} Tage alt. Senden Sie eine Freigabeanfrage für die Rückgabe, um fortzufahren."
"Returns without a connection","Rückgaben ohne Verbindung"
"Returns without a connection are switched off in LumenPOS Settings. Make this return again from Sales History.","Rückgaben ohne Verbindung sind in den LumenPOS-Einstellungen ausgeschaltet. Erfassen Sie diese Rückgabe erneut aus dem Verkaufsverlauf."
"Reverse","Storno"
"Reward","Prämie"
"Reward Value","Prämienwert"
"Reward Value must be greater than zero","Der Prämienwert muss größer als null sein"
"Row {0}: Qty must be at least 1","Zeile {0}: Die Menge muss mindestens 1 sein"
"Row {0}: bundle Qty must be at least 1","Zeile {0}: Die Set-Menge muss mindestens 1 sein"
"Row {0}: invalid price '{1}'","Zeile {0}: ungültiger Preis '{1}'"
"Row {0}: item '{1}' not found","Zeile {0}: Artikel '{1}' nicht gefunden"
"Row {0}: no price for {1}","Zeile {0}: kein Preis für {1}"
"Row {0}: set the {1} field","Zeile {0}: Füllen Sie das Feld {1} aus"
"Row {0}: {1} is serialized, serialized items cannot be sold in bundles","Zeile {0}: {1} hat Seriennummern, Artikel mit Seriennummer können nicht in Sets verkauft werden"
"Runs on {0}","Läuft am {0}"
"Sale","Verkauf"
"Sale type","Verkaufsart"
"Sale {0} not found","Verkauf {0} nicht gefunden"
"Sales older than 3 days not in the books: {0}","Nicht verbuchte Verkäufe, älter als 3 Tage: {0}"
"Sales, search and shift reports slow down on a large site.","Verkäufe, Suche und Schichtberichte werden auf einer großen Website langsam."
"Salesperson at the till","Verkäufer an der Kasse"
"Salesperson required","Verkäufer erforderlich"
"Scan or type a serial number","Seriennummer scannen oder eingeben"
"See sales by salesperson","Umsatz nach Verkäufer sehen"
"See the system check","Systemprüfung sehen"
"Select a customer (or set a default customer on the POS Profile)","Wählen Sie einen Kunden (oder legen Sie im POS-Profil einen Standardkunden fest)"
"Select an outlet","Wählen Sie eine Filiale"
"Select at least one item to return","Wählen Sie mindestens einen Artikel für die Rückgabe"
"Select the invoice to return.","Wählen Sie die Rechnung für die Rückgabe."
"Selected Customer Groups","Ausgewählte Kundengruppen"
"Selected items were not found on the original sale","Die gewählten Artikel wurden im ursprünglichen Verkauf nicht gefunden"
"Sell in other currencies","In weiteren Währungen verkaufen"
"Send queued sales in the background","Wartende Verkäufe im Hintergrund senden"
"Send this screen with the Error Log entries (ERPNext, Error Log).","Senden Sie diese Seite mit den Einträgen im Error Log (ERPNext, Error Log)."
"Send this screen. The jobs run again on their own.","Senden Sie diese Seite. Die Jobs laufen von selbst erneut."
"Separate per company","Getrennt pro Unternehmen"
"Serial numbers must be SCANNED with a barcode scanner, manual typing is rejected at the till. Turn off if a scanner is unavailable.","Seriennummern müssen mit einem Barcodescanner GESCANNT werden, manuelles Tippen wird an der Kasse abgelehnt. Schalten Sie dies aus, wenn kein Scanner verfügbar ist."
"Serial {0} belongs to {1}","Seriennummer {0} gehört zu {1}"
"Serial {0} came back on {1}, and ERPNext holds it until the shift close books that sale","Seriennummer {0} kam mit {1} zurück, und ERPNext hält sie zurück, bis der Schichtabschluss diesen Verkauf bucht"
"Serial {0} does not exist","Seriennummer {0} existiert nicht"
"Serial {0} is already sold on {1}, which the shift close has not booked yet","Seriennummer {0} wurde bereits mit {1} verkauft, das der Schichtabschluss noch nicht gebucht hat"
"Serial {0} is held by a sale the shift close has not booked yet","Seriennummer {0} ist durch einen Verkauf gebunden, den der Schichtabschluss noch nicht gebucht hat"
"Serial {0} is in {1}, not this register's warehouse","Seriennummer {0} liegt in {1}, nicht im Lager dieser Kasse"
"Serial {0} is not in stock ({1})","Seriennummer {0} ist nicht auf Lager ({1})"
"Serial {0} is scanned twice in this sale","Seriennummer {0} wurde in diesem Verkauf zweimal gescannt"
"Serial {0} is selected twice","Seriennummer {0} ist doppelt ausgewählt"
"Serial {0} was already returned","Seriennummer {0} wurde bereits zurückgegeben"
"Serial {0} was not sold on this invoice","Seriennummer {0} wurde mit dieser Rechnung nicht verkauft"
"Service Charge Account","Konto für Servicegebühr"
"Service charge","Servicegebühr"
"Service charge (%)","Servicegebühr (%)"
"Service charge ({0}%)","Servicegebühr ({0}%)"
"Service charge account (global fallback)","Konto für Servicegebühr (globaler Standard)"
"Session Totals","Sitzungssummen"
"Set a Coupon Code or untick 'Requires Coupon Code'","Legen Sie einen Coupon-Code fest oder entfernen Sie den Haken bei 'Erfordert Coupon-Code'"
"Set a Service charge account for {0} in LumenPOS Settings → Company Accounts (or the global default).","Legen Sie in den LumenPOS-Einstellungen → Unternehmenskonten ein Konto für Servicegebühr für {0} fest (oder den globalen Standard)."
"Set automatically once the use limit is reached.","Wird automatisch gesetzt, sobald das Nutzungslimit erreicht ist."
"Set both Start Time and End Time, or neither","Legen Sie Startzeit und Endzeit fest oder keine von beiden"
"Set by the daily update: per company currency, the published rate, the rate used, when, and any error.","Wird vom täglichen Update gesetzt: je Unternehmenswährung der veröffentlichte Kurs, der verwendete Kurs, der Zeitpunkt und etwaige Fehler."
"Set up automatically, with a cash account in this currency.","Wird automatisch eingerichtet, mit einem Kassenkonto in dieser Währung."
"Set up automatically: the customer a walk-in who pays in this currency is billed to.","Wird automatisch eingerichtet: der Kunde, auf den ein Laufkunde abgerechnet wird, der in dieser Währung zahlt."
"Settings are consistent","Die Einstellungen sind stimmig"
"Settings, General, Other currencies: fix the reason and save.","Einstellungen, Allgemein, Weitere Währungen: Ursache beheben und speichern."
"Settings, Status, Rebuild missing indexes.","Einstellungen, Status, Fehlende Indizes neu erstellen."
"Several cashiers on one outlet each need their own POS Profile on ERPNext 16.","Mehrere Kassierer in einer Filiale brauchen unter ERPNext 16 jeweils ein eigenes POS-Profil."
"Shared by the group","Gemeinsam in der Gruppe"
"Shift already open","Schicht bereits offen"
"Shift from an earlier day","Schicht von einem früheren Tag"
"Shift {0} is still being closed ({1}): retry its close from the Register screen.","Schicht {0} wird noch abgeschlossen ({1}): Wiederholen Sie den Abschluss auf dem Bildschirm Kasse."
"Shift {0} recorded cash movements and can't be deleted. Cancel it instead.","Schicht {0} hat Bargeldbewegungen erfasst und kann nicht gelöscht werden. Stornieren Sie sie stattdessen."
"Shifts","Schichten"
"Shifts open for more than a day: {0}","Schichten, die länger als einen Tag offen sind: {0}"
"Shifts stuck in Closing: {0}","Im Abschluss hängende Schichten: {0}"
"Shifts with an ERPNext day past midnight still to post: {0}","Schichten über Mitternacht mit einem noch nicht gebuchten ERPNext-Tag: {0}"
"Show a Favourites grid of one-tap items on the sell screen.","Ein Favoritenraster mit Ein-Tipp-Artikeln auf dem Verkaufsbildschirm anzeigen."
"Show a Price check button to look up an item's price + stock without selling it.","Eine Schaltfläche Preis prüfen anzeigen, um Preis + Bestand eines Artikels nachzusehen, ohne ihn zu verkaufen."
"Show an Email receipt button so a copy can be sent to the customer's email.","Eine Schaltfläche Beleg per E-Mail anzeigen, damit eine Kopie an die E-Mail-Adresse des Kunden gesendet werden kann."
"Show item barcode","Artikel-Barcode anzeigen"
"Show item code","Artikelcode anzeigen"
"Show out-of-stock items in the grid","Artikel ohne Bestand im Raster anzeigen"
"Show payment method lines","Zeilen der Zahlungsarten anzeigen"
"Show serial numbers","Seriennummern anzeigen"
"Show stock items that are out of stock (qty 0 or less) in the sell grid. Off = only items with stock are shown (non-stock items like services always show).","Lagerartikel ohne Bestand (Menge 0 oder weniger) im Verkaufsraster anzeigen. Aus = nur Artikel mit Bestand werden angezeigt (Nicht-Lagerartikel wie Dienstleistungen erscheinen immer)."
"Show store address","Geschäftsadresse anzeigen"
"Show tax / VAT ID","Steuer- / MwSt.-Nummer anzeigen"
"Show terms & conditions","Geschäftsbedingungen anzeigen"
"Show the equivalent on local sales","Gegenwert bei Verkäufen in Landeswährung anzeigen"
"Show the sale note","Notiz zum Verkauf anzeigen"
"Show unit price (qty × rate)","Stückpreis anzeigen (Menge × Preis)"
"Show what is new after an update","Neuigkeiten nach einem Update anzeigen"
"Shown on the invoice when this person approves a discount, e.g. Manager Khobar","Wird auf der Rechnung angezeigt, wenn diese Person einen Rabatt freigibt, z. B. Manager Khobar"
"Sign in as Administrator to build demo data.","Melden Sie sich als Administrator an, um Demodaten zu erstellen."
"Simple Discount","Einfacher Rabatt"
"Single Use","Einmalige Nutzung"
"Slow sales logged in the last 7 days: {0}","In den letzten 7 Tagen protokollierte langsame Verkäufe: {0}"
"Smallest first payment, as a percentage of the total. 0 = any amount.","Kleinste erste Zahlung, in Prozent der Summe. 0 = beliebiger Betrag."
"Snapshot of the cart as JSON","Momentaufnahme des Warenkorbs als JSON"
"Spend and Save","Ab Einkaufswert sparen"
"Spent at","Eingelöst bei"
"Stackable promotions combine with each other. Non-stackable promotions compete and only the best one applies.","Kombinierbare Aktionen gelten zusammen. Nicht kombinierbare Aktionen konkurrieren, und nur die beste gilt."
"Standard Price","Standardpreis"
"Starts","Beginnt"
"Status is Active","Status ist aktiv"
"Stock Settings, Auto Insert Item Price If Missing is on: a sale of an item with no price in the price list writes that sale's rate into it.","In Stock Settings ist Auto Insert Item Price If Missing aktiv: Der Verkauf eines Artikels ohne Preis in der Preisliste trägt den Preis dieses Verkaufs dort ein."
"Store Credit","Guthaben"
"Store address","Geschäftsadresse"
"Store credit balance is too low to redeem {0}","Das Guthaben reicht nicht aus, um {0} einzulösen"
"Store credit balance is {0}, cannot redeem {1}","Das Guthaben beträgt {0}, {1} kann nicht eingelöst werden"
"Store credit refunds","Erstattungen als Guthaben"
"Stuck shifts are not retried, nightly cashback, rates and settlements do not run.","Hängende Schichten werden nicht erneut versucht, und die nächtlichen Läufe für Cashback, Wechselkurse und Verrechnungen finden nicht statt."
"Switch on automatic exchange rates first, and save.","Schalten Sie zuerst automatische Wechselkurse ein und speichern Sie."
"Taken By","Angenommen von"
"Tax ({0}%) is added on top of prices: the till shows prices before tax and adds it at the total.","Die Steuer ({0}%) kommt auf die Preise: Die Kasse zeigt Preise vor Steuer und schlägt die Steuer beim Gesamtbetrag auf."
"Tax / VAT ID","Steuer- / MwSt.-Nummer"
"Tax template {0}: some rows are included in prices and some are added on top.","Steuervorlage {0}: Einige Zeilen sind in den Preisen enthalten, andere kommen obendrauf."
"Tax the outlet will add on top of the held prices at hand-over. Zero where the price list already includes it.","Steuer, die die Filiale bei der Übergabe auf die reservierten Preise aufschlägt. Null, wenn die Preisliste sie bereits enthält."
"Terms & conditions","Geschäftsbedingungen"
"Thank you for your purchase. Your receipt {0} is attached.","Vielen Dank für Ihren Einkauf. Ihr Beleg {0} ist angehängt."
"That code has expired. Ask for a new one.","Dieser Code ist abgelaufen. Fordern Sie einen neuen an."
"That code is not right.","Dieser Code ist nicht richtig."
"That current PIN is not right.","Die aktuelle PIN ist nicht richtig."
"That is more than the {0} still owed on this hold.","Das ist mehr als die {0}, die für diese Reservierung noch offen sind."
"The POS Opening Entry {0} of this shift was cancelled in ERPNext, so the shift closes against its amendment {1}.","Die POS-Eröffnungsbuchung {0} dieser Schicht wurde in ERPNext storniert, daher wird die Schicht mit ihrer Berichtigung {1} geschlossen."
"The POS sale that took this instalment, its line posts to the deposit liability account.","Der POS-Verkauf, mit dem diese Teilzahlung angenommen wurde. Seine Zeile wird auf das Verbindlichkeitskonto für Anzahlungen gebucht."
"The Sales Order that reserves the goods while the hold is open.","Der Auftrag, der die Ware reserviert, solange die Reservierung offen ist."
"The approval is {0}, not approved.","Die Freigabe ist {0}, nicht erteilt."
"The approval's register session has closed.","Die Kassensitzung dieser Freigabe ist geschlossen."
"The approved discount ({0}%) is below the {1}% on this sale.","Der freigegebene Rabatt ({0}%) liegt unter den {1}% dieses Verkaufs."
"The automatic rate for {0} did not update","Der automatische Wechselkurs für {0} wurde nicht aktualisiert"
"The cashback expense account must be an Expense account, and {0} is {1}","Das Cashback-Aufwandskonto muss ein Aufwandskonto sein, und {0} ist {1}"
"The cashback liability account must be a Liability account, and {0} is {1}","Das Cashback-Verbindlichkeitskonto muss ein Verbindlichkeitskonto sein, und {0} ist {1}"
"The cashier must enter the terminal / transfer reference before the sale can complete.","Der Kassierer muss die Terminal- / Überweisungsreferenz eingeben, bevor der Verkauf abgeschlossen werden kann."
"The cashier's register has closed, this request has expired.","Die Kasse des Kassierers ist geschlossen, diese Anfrage ist abgelaufen."
"The company that holds the balance: its liability goes down.","Das Unternehmen, das den Saldo führt: Seine Verbindlichkeit sinkt."
"The company whose outlet took the balance as payment and gave the goods.","Das Unternehmen, dessen Filiale den Saldo als Zahlung angenommen und die Ware ausgegeben hat."
"The cost of the cashback program. Earned cashback is debited here, and expired or returned cashback is credited back. Leave empty to create ""Cashback Expense"" under Indirect Expenses.","Die Kosten des Cashback-Programms. Gesammeltes Cashback wird hier im Soll gebucht, abgelaufenes oder zurückgegebenes Cashback wird im Haben zurückgebucht. Leer lassen, um ""Cashback Expense"" unter Indirekte Aufwendungen anzulegen."
"The daily summary Journal Entry that booked this row to the accounts. Empty until it is posted. Redeem rows stay empty: the sale's payment books them.","Der tägliche zusammenfassende Buchungssatz, der diese Zeile in die Konten gebucht hat. Leer, bis er gebucht ist. Einlösezeilen bleiben leer: Die Zahlung des Verkaufs bucht sie."
"The file has no rows","Die Datei hat keine Zeilen"
"The goods coming back are worth more than the new ones. Choose how to refund {0}.","Die zurückgegebene Ware ist mehr wert als die neue. Wählen Sie, wie {0} erstattet wird."
"The item a deposit is taken on. Blank = LumenPOS creates LUMENPOS-DEPOSIT.","Der Artikel, auf den eine Anzahlung gebucht wird. Leer = LumenPOS legt LUMENPOS-DEPOSIT an."
"The languages a cashier can pick at the till, one ERPNext language code per line (en, ar ...). Empty = every language LumenPOS ships, including ones a later update adds. English is always offered. Set from the till: Settings, General, Languages.","Die Sprachen, die ein Kassierer an der Kasse wählen kann, ein ERPNext-Sprachcode pro Zeile (en, ar ...). Leer = alle Sprachen, die LumenPOS mitbringt, auch solche, die ein späteres Update hinzufügt. Englisch ist immer verfügbar. Einstellbar an der Kasse: Einstellungen, Allgemein, Sprachen."
"The last rate is kept. Settings, Other currencies, Update now.","Der letzte Wechselkurs bleibt bestehen. Einstellungen, Weitere Währungen, Jetzt aktualisieren."
"The margin for {0} must be from 0 to less than 100%.","Die Marge für {0} muss von 0 bis unter 100% liegen."
"The new items come to {0}, {1} is covered by the return, so {2} is due but {3} was entered.","Die neuen Artikel ergeben {0}, {1} ist durch die Rückgabe gedeckt, also sind {2} fällig, aber {3} wurden eingegeben."
"The outlet the cashback was earned at. Expire and Reverse rows keep the outlet of the Earn row they come from.","Die Filiale, in der das Cashback gesammelt wurde. Zeilen für Ablauf und Storno behalten die Filiale der Sammel-Zeile, aus der sie stammen."
"The payment method {0} already exists, and its account for {1} ({2}) is in {3}, not {4}. Give it a {4} account, or rename it, so the {4} cash drawer can be set up.","Die Zahlungsart {0} existiert bereits, und ihr Konto für {1} ({2}) ist in {3}, nicht in {4}. Geben Sie ihr ein Konto in {4} oder benennen Sie sie um, damit die Kassenschublade für {4} eingerichtet werden kann."
"The promotion only applies when the cashier enters this coupon code at the till","Die Aktion gilt nur, wenn der Kassierer diesen Coupon-Code an der Kasse eingibt"
"The qualifying items must total at least this to earn cashback","Die berechtigten Artikel müssen mindestens diesen Betrag ergeben, damit Cashback gesammelt wird"
"The rate must be more than 0.","Der Kurs muss größer als 0 sein."
"The rates service answered: {0}","Der Kursdienst antwortete: {0}"
"The rates service has no rate for {0}.","Der Kursdienst hat keinen Kurs für {0}."
"The refund split adds up to {0} but the refund is {1}.","Die Aufteilung der Erstattung ergibt {0}, die Erstattung beträgt aber {1}."
"The refund split adds up to {0} but {1} is left over after the new items.","Die Aufteilung der Erstattung ergibt {0}, nach den neuen Artikeln bleiben aber {1} übrig."
"The sale doctype this entry came from. LumenPOS posts POS Invoices by default, but a profile can be set to post Sales Invoices instead.","Der Verkaufs-DocType, aus dem dieser Eintrag stammt. LumenPOS bucht standardmäßig POS-Rechnungen, ein Profil kann aber so eingestellt werden, dass stattdessen Ausgangsrechnungen gebucht werden."
"The sale this return takes back has not reached the server yet. It goes first, then this return.","Der Verkauf, den diese Rückgabe zurücknimmt, hat den Server noch nicht erreicht. Zuerst wird er gesendet, dann diese Rückgabe."
"The till has NOT been closed automatically, a close without a real cash count is worthless.","Die Kasse wurde NICHT automatisch geschlossen, ein Abschluss ohne echte Bargeldzählung ist wertlos."
"The till values this currency this much below the published rate, the way a shop taking it at a market rate does.","Die Kasse setzt diese Währung um so viel unter dem veröffentlichten Kurs an, so wie ein Geschäft, das sie zu einem Marktkurs annimmt."
"Their sales are not in the books yet.","Ihre Verkäufe sind noch nicht verbucht."
"There is no exchange rate from {0} to {1}. Set it in LumenPOS Settings, General, Other currencies.","Es gibt keinen Wechselkurs von {0} zu {1}. Legen Sie ihn in den LumenPOS-Einstellungen unter Allgemein, Weitere Währungen fest."
"These items are never taken back: {0}","Diese Artikel werden nie zurückgenommen: {0}"
"These items need an approved return request: {0}","Diese Artikel brauchen eine freigegebene Rückgabeanfrage: {0}"
"These items sell at the price set here while this book is active (by validity + priority). Items not listed keep their normal selling price.","Diese Artikel werden zum hier festgelegten Preis verkauft, solange dieses Preisbuch aktiv ist (nach Gültigkeit + Priorität). Nicht aufgeführte Artikel behalten ihren normalen Verkaufspreis."
"These items were sold together (bundle/offer) and must be returned together: {0}. Use Exchange for a partial swap.","Diese Artikel wurden zusammen verkauft (Set/Angebot) und müssen zusammen zurückgegeben werden: {0}. Für einen teilweisen Tausch nutzen Sie den Umtausch."
"They should run every 10 minutes. The workers may be stopped.","Sie sollten alle 10 Minuten laufen. Die Hintergrundprozesse sind möglicherweise gestoppt."
"This approval is for a {0}, not a {1}.","Diese Freigabe gilt für {0}, nicht für {1}."
"This approval was already used.","Diese Freigabe wurde bereits verwendet."
"This approval was issued to another cashier.","Diese Freigabe wurde für einen anderen Kassierer erteilt."
"This coupon's promotion isn't available right now","Die Aktion dieses Coupons ist gerade nicht verfügbar"
"This discount is within the {0}% limit, no approval needed.","Dieser Rabatt liegt innerhalb des Limits von {0}%, keine Freigabe nötig."
"This hold is {0}","Status dieser Reservierung: {0}"
"This payment method cannot be used when the cart contains a matching item.","Diese Zahlungsart kann nicht verwendet werden, wenn der Warenkorb einen passenden Artikel enthält."
"This person passes, whatever roles they hold.","Diese Person ist berechtigt, unabhängig von ihren Rollen."
"This register is being closed. Reopen it (or wait for the close to finish) before ringing up this sale.","Diese Kasse wird gerade geschlossen. Öffnen Sie sie erneut (oder warten Sie, bis der Abschluss fertig ist), bevor Sie diesen Verkauf erfassen."
"This request was already {0}.","Diese Anfrage ist bereits {0}."
"This return approval is for invoice {0}.","Diese Rückgabefreigabe gilt für Rechnung {0}."
"This return was refunded without a connection as {0}, but ERPNext calculated {1}. Check the sale and make the return again from Sales History.","Diese Rückgabe wurde ohne Verbindung mit {0} erstattet, aber ERPNext hat {1} berechnet. Prüfen Sie den Verkauf und erfassen Sie die Rückgabe erneut aus dem Verkaufsverlauf."
"This role (plus managers) may return a sale past the return window WITHOUT an approval request. Blank = nobody bypasses (everyone uses the request flow).","Diese Rolle (sowie Manager) darf einen Verkauf nach Ablauf der Rückgabefrist OHNE Freigabeanfrage zurücknehmen. Leer = niemand umgeht dies (alle nutzen den Weg über Anfragen)."
"This sale was paid by {0}, so it can only be refunded to: {1}. Adjust the refund methods in LumenPOS Settings if needed.","Dieser Verkauf wurde mit {0} bezahlt und kann daher nur mit diesen Zahlungsarten erstattet werden: {1}. Passen Sie die Erstattungsarten bei Bedarf in den LumenPOS-Einstellungen an."
"This sale was rung up as {0} but ERPNext calculated {1} (short by {2}). This is usually a price-list or VAT mismatch. Check that every item is priced on the active price list and that the VAT template's 'included in rate' flag matches your shelf prices (Settings → Status).","Dieser Verkauf wurde mit {0} erfasst, ERPNext hat aber {1} berechnet (es fehlen {2}). Meist passen Preisliste oder MwSt. nicht zusammen. Prüfen Sie, ob jeder Artikel in der aktiven Preisliste einen Preis hat und ob die Markierung 'im Preis enthalten' der MwSt.-Vorlage zu Ihren Regalpreisen passt (Einstellungen → Status)."
"This sale was rung up at {0}, but the shift sells {1} at {2}. Ring it up again.","Dieser Verkauf wurde zu {0} erfasst, aber die Schicht verkauft {1} zu {2}. Erfassen Sie ihn erneut."
"This shift belongs to {0}. Only the cashier who opened the register can sell on it. Close that shift and open your own.","Diese Schicht gehört {0}. Nur der Kassierer, der die Kasse geöffnet hat, kann in dieser Schicht verkaufen. Schließen Sie diese Schicht und öffnen Sie Ihre eigene."
"This shift was opened on {0}. ERPNext 16 accepts sales only on a shift opened today: close this shift on the Register screen and open a new one.","Diese Schicht wurde am {0} geöffnet. ERPNext 16 akzeptiert Verkäufe nur in einer heute geöffneten Schicht: Schließen Sie diese Schicht auf dem Bildschirm Kasse und öffnen Sie eine neue."
"This shop asks for at least {0}% down, which is {1}.","Dieses Geschäft verlangt mindestens {0}% Anzahlung, also {1}."
"This site already has {0} posted POS invoices, so it does not look like an empty demo site. Nothing was created.","Dieses System hat bereits {0} gebuchte POS-Rechnungen und sieht daher nicht wie ein leeres Demosystem aus. Es wurde nichts angelegt."
"This version of Lumen Reports does not include the LumenPOS dashboard yet. Update Lumen Reports, then try again.","Diese Version von Lumen Reports enthält das LumenPOS-Dashboard noch nicht. Aktualisieren Sie Lumen Reports und versuchen Sie es dann erneut."
"Tick to EXCLUDE these products instead of including them (e.g. all products except this brand)","Anhaken, um diese Produkte AUSZUSCHLIESSEN statt einzuschließen (z. B. alle Produkte außer dieser Marke)"
"Times Used","Anzahl Nutzungen"
"To let customers pay with loyalty points, tick 'Allow Partial Payment' on the POS Profile {0}. This version of ERPNext counts only cash and card towards the total, so it rejects a sale that is part points even though the sale is fully settled. LumenPOS still checks every sale adds up before it posts.","Damit Kunden mit Treuepunkten zahlen können, haken Sie 'Teilzahlung zulassen' im POS-Profil {0} an. Diese ERPNext-Version rechnet nur Bargeld und Karte auf die Summe an und lehnt daher einen Verkauf ab, der teilweise mit Punkten bezahlt wird, obwohl er vollständig beglichen ist. LumenPOS prüft trotzdem vor dem Buchen, ob jeder Verkauf aufgeht."
"Too many attempts, wait a minute and try again.","Zu viele Versuche. Warten Sie eine Minute und versuchen Sie es erneut."
"Too many attempts, wait a moment and try again.","Zu viele Versuche. Warten Sie einen Moment und versuchen Sie es erneut."
"Total Discounts","Rabatte gesamt"
"Total Sales","Umsatz gesamt"
"Turn till features on or off. Each control is independent.","Kassenfunktionen ein- oder ausschalten. Jeder Schalter ist unabhängig."
"Unknown delivery app {0}. Add it in LumenPOS Settings","Unbekannte Liefer-App {0}. Fügen Sie sie in den LumenPOS-Einstellungen hinzu"
"Unknown item {0}","Unbekannter Artikel {0}"
"Unknown request type {0}","Unbekannter Anfragetyp {0}"
"Unlocked by {0}","Entsperrt von {0}"
"Update exchange rates automatically","Wechselkurse automatisch aktualisieren"
"Usable After (days)","Nutzbar nach (Tagen)"
"Usable From","Nutzbar ab"
"Use Limit","Nutzungslimit"
"Used At","Verwendet am"
"Used On (Invoice)","Verwendet in (Rechnung)"
"Used when the outlet has no shift schedule.","Wird verwendet, wenn die Filiale keinen Schichtplan hat."
"Users holding this role (plus LumenPOS/System Managers) can approve discount AND return requests. Requests can only be approved while the cashier's register is still open.","Benutzer mit dieser Rolle (sowie LumenPOS- und System-Manager) können Rabatt- UND Rückgabeanfragen freigeben. Anfragen können nur freigegeben werden, solange die Kasse des Kassierers noch geöffnet ist."
"Usually fine. If something stops working after an ERPNext update, send this screen.","Meist unproblematisch. Wenn nach einem ERPNext-Update etwas nicht mehr funktioniert, senden Sie diese Seite."
"Valid For (days)","Gültig für (Tage)"
"Valid To","Gültig bis"
"Valid To cannot be before Valid From","Gültig bis darf nicht vor Gültig ab liegen"
"Valid Until","Gültig bis"
"Variance threshold","Schwellenwert für Differenz"
"Walk-in customer","Laufkunde"
"Warn about locked accounting periods","Vor gesperrten Abrechnungszeiträumen warnen"
"Warn when offline sales are not protected","Warnen, wenn Offline-Verkäufe nicht geschützt sind"
"What is being approved","Was freigegeben wird"
"What the company owes customers in unspent cashback. Earned cashback is credited here and spent cashback is debited. Leave empty to create ""Cashback"" under Current Liabilities.","Was das Unternehmen Kunden an nicht eingelöstem Cashback schuldet. Gesammeltes Cashback wird hier im Haben gebucht, eingelöstes im Soll. Leer lassen, um ""Cashback"" unter Laufende Verbindlichkeiten anzulegen."
"What the customer pays in the end, tax and all.","Was der Kunde am Ende zahlt, inklusive Steuer."
"What this rule refuses to take back.","Was diese Regel nicht zurücknimmt."
"What to call it at the till, e.g. ""Approval code"" or ""Transfer no."". Defaults to ""Reference"".","Wie es an der Kasse heißt, z. B. ""Genehmigungscode"" oder ""Überweisungsnr."". Standard ist ""Referenz""."
"When an ERPNext Accounting Period locks Sales Invoices today, the till says so as a shift opens (the close posts the shift's sales as a Sales Invoice, so it would fail), and a close it stopped names the period and how to unlock it. The system check lists such periods either way. Set from the till: Settings, General, Register and shifts.","Wenn ein ERPNext-Abrechnungszeitraum heute Ausgangsrechnungen sperrt, weist die Kasse beim Öffnen einer Schicht darauf hin (der Abschluss bucht die Verkäufe der Schicht als Ausgangsrechnung und würde scheitern), und ein dadurch gescheiterter Abschluss nennt den Zeitraum und wie er sich entsperren lässt. Die Systemprüfung listet solche Zeiträume in jedem Fall auf. Einzustellen in der Kasse: Einstellungen, Allgemein, Kasse und Schichten."
"When several price books apply, the highest priority wins","Wenn mehrere Preisbücher gelten, gewinnt die höchste Priorität"
"Where it applies","Geltungsbereich"
"Which price the discount is calculated from. Price Book Price stacks on an active price book. Standard Price discounts from the regular price and gives the customer the lower of the two (never stacks with a price book).","Von welchem Preis aus der Rabatt berechnet wird. Preisbuchpreis setzt auf einem aktiven Preisbuch auf. Standardpreis rabattiert vom regulären Preis und gibt dem Kunden den niedrigeren der beiden (nie kombiniert mit einem Preisbuch)."
"Which sale is being exchanged?","Welcher Verkauf wird umgetauscht?"
"Who can do what","Wer darf was"
"Who may do what at the till. A capability with no row here is open to everyone (except returning past the window, which stays closed unless named). Managers always pass.","Wer an der Kasse was darf. Eine Berechtigung ohne Zeile hier steht allen offen (außer Rückgaben nach Fristablauf, die gesperrt bleiben, solange niemand genannt ist). Manager sind immer berechtigt."
"Wrong approver passcode for the {0}% discount.","Falscher Freigabecode des Freigebers für den Rabatt von {0}%."
"X-report (mid-shift read)","X-Bericht (Zwischenstand der Schicht)"
"You are not allowed to approve requests.","Sie dürfen keine Anfragen freigeben."
"You are not allowed to close a register","Sie dürfen keine Kasse schließen"
"You are not allowed to exchange goods","Sie dürfen keine Ware umtauschen"
"You are not allowed to hold goods for a customer","Sie dürfen keine Ware für Kunden reservieren"
"You are not allowed to open a register","Sie dürfen keine Kasse öffnen"
"You are not allowed to put money in or take it out","Sie dürfen kein Geld einlegen oder entnehmen"
"You are not allowed to reprint a receipt","Sie dürfen keinen Beleg erneut drucken"
"You are not assigned to outlet {0}. Ask an administrator to add you under Applicable for Users.","Sie sind der Filiale {0} nicht zugeordnet. Bitten Sie einen Administrator, Sie unter Anwendbar für Benutzer hinzuzufügen."
"You are not permitted to close a register","Sie sind nicht berechtigt, eine Kasse zu schließen"
"You are not permitted to make sales","Sie sind nicht berechtigt, Verkäufe zu tätigen"
"You are not permitted to open a register","Sie sind nicht berechtigt, eine Kasse zu öffnen"
"You are not permitted to view customers.","Sie sind nicht berechtigt, Kunden anzusehen."
"You are not permitted to work with {0}","Sie sind nicht berechtigt, mit {0} zu arbeiten"
"You are not permitted to {0} {1}.","Sie haben keine Berechtigung ({0}) für {1}."
"You can only manage your own register","Sie können nur Ihre eigene Kasse verwalten"
"You can't approve your own request, another approver must.","Sie können Ihre eigene Anfrage nicht freigeben, das muss ein anderer Freigeber tun."
"You cannot see {0}'s figures","Sie können die Zahlen von {0} nicht sehen"
"You do not have access to the POS. Ask an administrator to grant you the LumenPOS Cashier role (or POS Invoice access).","Sie haben keinen Zugriff auf das Kassensystem. Bitten Sie einen Administrator, Ihnen die Rolle LumenPOS-Kassierer (oder Zugriff auf POS-Rechnungen) zu geben."
"You're not allowed to change prices at this outlet ({0} costs {1}).","Sie dürfen in dieser Filiale keine Preise ändern ({0} kostet {1})."
"You're not allowed to edit prices or apply discounts on a sale.","Sie dürfen in einem Verkauf keine Preise ändern oder Rabatte gewähren."
"You're not allowed to make returns.","Sie dürfen keine Rückgaben durchführen."
"You're not allowed to see sales by salesperson.","Sie dürfen den Umsatz nach Verkäufer nicht sehen."
"You're not allowed to see the system check.","Sie dürfen die Systemprüfung nicht sehen."
"You're not allowed to see {0}.","Sie dürfen {0} nicht sehen."
"Your LumenPOS PIN reset code","Ihr Code zum Zurücksetzen der LumenPOS-PIN"
"Your VAT / tax registration number.","Ihre MwSt.- / Steuernummer."
"Your receipt from {0}, {1}","Ihr Beleg von {0}, {1}"
"Your user has no email address. Ask an administrator to reset your PIN.","Ihr Benutzer hat keine E-Mail-Adresse. Bitten Sie einen Administrator, Ihre PIN zurückzusetzen."
"its warehouse belongs to another company","ihr Lager gehört zu einem anderen Unternehmen"
"late return approved by {0}","verspätete Rückgabe freigegeben von {0}"
"made without a connection","ohne Verbindung erfasst"
"no payment methods","keine Zahlungsarten"
"no price list","keine Preisliste"
"no reason recorded","kein Grund erfasst"
"no warehouse","kein Lager"
"not scheduled","nicht geplant"
"the close has not finished","der Abschluss ist noch nicht fertig"
"the till paid out {0}","die Kasse hat {0} ausgezahlt"
"transaction reference","Transaktionsreferenz"
"{0} '{1}' does not exist. Pick it from the dropdown list","{0} '{1}' existiert nicht. Wählen Sie aus der Auswahlliste"
"{0} ({1}): {2} to {3}, locks {4}","{0} ({1}): {2} bis {3}, sperrt {4}"
"{0} are in {1} only, and this customer buys in {2}.","{0} gibt es nur in {1}, und dieser Kunde kauft in {2}."
"{0} can't be used for this sale ({1}). Choose another payment method.","{0} kann für diesen Verkauf nicht verwendet werden ({1}). Wählen Sie eine andere Zahlungsart."
"{0} can't be used to refund this sale. Allowed: {1}.","{0} kann für die Erstattung dieses Verkaufs nicht verwendet werden. Erlaubt: {1}."
"{0} cannot be returned","{0} kann nicht zurückgegeben werden"
"{0} does not let prices be changed at the till. Tick Allow User to Edit Rate on its POS Profile to allow it.","{0} erlaubt keine Preisänderungen an der Kasse. Aktivieren Sie ""Benutzer dürfen Preise ändern"" in seinem POS-Profil, um sie zu erlauben."
"{0} has NO price on price list '{1}', a percentage of 0 is 0","{0} hat KEINEN Preis in der Preisliste '{1}', ein Prozentsatz von 0 ist 0"
"{0} has shift {1} open since {2}: close it first.","{0} hat Schicht {1} seit {2} geöffnet: Schließen Sie sie zuerst."
"{0} is billed in {1}, but this till sells in {2}. Switch on Other currencies in LumenPOS Settings, choose another customer, or clear the customer's Billing Currency in ERPNext (Customer, Currency and Price List).","{0} wird in {1} abgerechnet, diese Kasse verkauft aber in {2}. Schalten Sie Weitere Währungen in den LumenPOS-Einstellungen ein, wählen Sie einen anderen Kunden oder leeren Sie die Rechnungswährung des Kunden in ERPNext (Kunde, Währung und Preisliste)."
"{0} is billed in {1}, which this till does not sell in. Add {1} in LumenPOS Settings, General, Other currencies, or change the customer's Billing Currency.","{0} wird in {1} abgerechnet, und in dieser Währung verkauft diese Kasse nicht. Fügen Sie {1} in den LumenPOS-Einstellungen unter Allgemein, Weitere Währungen hinzu oder ändern Sie die Rechnungswährung des Kunden."
"{0} is kept by LumenPOS for gift cards and hold deposits and cannot be sold as a product.","{0} wird von LumenPOS für Geschenkkarten und Anzahlungen auf Reservierungen verwendet und kann nicht als Produkt verkauft werden."
"{0} is not a field of the customer form","{0} ist kein Feld des Kundenformulars"
"{0} is not an active salesperson.","{0} ist kein aktiver Verkäufer."
"{0} is serialized, quantity must be a whole number","{0} hat Seriennummern, die Menge muss eine ganze Zahl sein"
"{0} is serialized: scan {1} serial number(s), got {2}","{0} hat Seriennummern: Scannen Sie {1} Seriennummer(n), erhalten: {2}"
"{0} is serialized: select {1} serial number(s) to return, got {2}","{0} hat Seriennummern: Wählen Sie {1} Seriennummer(n) für die Rückgabe, erhalten: {2}"
"{0} issued by {1} and spent at {2}","{0} ausgegeben von {1} und eingelöst bei {2}"
"{0} needs a {1} before this sale can be completed.","Für {0} wird {1} benötigt, bevor dieser Verkauf abgeschlossen werden kann."
"{0} sales · takings {1}","{0} Verkäufe · Einnahmen {1}"
"{0} takes {1} only, and this sale is in {2}.","{0} nimmt nur {1} an, und dieser Verkauf ist in {2}."
"{0} was sold by {1}, but this till belongs to {2}. A return must be processed by a till in the same company.","{0} wurde von {1} verkauft, diese Kasse gehört aber zu {2}. Eine Rückgabe muss an einer Kasse desselben Unternehmens erfolgen."
"{0}% discount cleared by approved request {1}","{0}% Rabatt durch freigegebene Anfrage {1} erlaubt"
"{0}% discount cleared by passcode","{0}% Rabatt per Freigabecode erlaubt"
"{0}, Create Ledger Entries for Change Amount: on. Saving LumenPOS Settings turns it on.","In {0} Create Ledger Entries for Change Amount einschalten. Beim Speichern der LumenPOS-Einstellungen wird es eingeschaltet."
"{0}: price changed from {1} to {2}","{0}: Preis von {1} auf {2} geändert"
"“{0}” is a base selling price list, editing it here would change your normal selling prices. Create a dedicated price list for this book/app instead.","“{0}” ist eine Basis-Verkaufspreisliste, eine Bearbeitung hier würde Ihre normalen Verkaufspreise ändern. Legen Sie stattdessen eine eigene Preisliste für dieses Preisbuch / diese App an."
