"(no recorded payment)","(sin pago registrado)"
"0 = unlimited repeats per sale","0 = repeticiones ilimitadas por venta"
"0 = usable immediately. Otherwise it becomes spendable this many days after the sale.","0 = se puede usar de inmediato. De lo contrario, se puede gastar esta cantidad de días después de la venta."
"<p>Your PIN reset code is <b>{0}</b>.</p><p>It expires in {1} minutes. If you didn't ask for this, ignore this email, your current PIN still works.</p>","<p>Su código para restablecer el PIN es <b>{0}</b>.</p><p>Vence en {1} minutos. Si usted no lo solicitó, ignore este correo, su PIN actual sigue funcionando.</p>"
"A PIN must be 4 to 8 digits.","El PIN debe tener entre 4 y 8 dígitos."
"A built-in field of the form (mobile_no, email_id, tax_id, building_no, street, district, city, postal_code, additional_no) or any field of Customer.","Un campo integrado del formulario (mobile_no, email_id, tax_id, building_no, street, district, city, postal_code, additional_no) o cualquier campo de Cliente."
"A bundle needs specific product rows, not 'all products'","Un paquete necesita filas de productos específicos, no 'todos los productos'"
"A check could not run","No se pudo ejecutar una revisión"
"A customer billed in another currency (Customer, Currency and Price List) buys in it: prices, payment and receipt in that currency, at a rate fixed for the shift. Off: such a customer is refused.","Un cliente facturado en otra moneda (Cliente, Divisa y listas de precios) compra en ella: precios, pago y ticket en esa moneda, a un tipo de cambio fijo durante el turno. Desactivado: se rechaza a ese cliente."
"A gift card cannot pay for a gift card","Una tarjeta de regalo no puede pagar una tarjeta de regalo"
"A hold needs a customer, so the shop knows whose goods these are","Un apartado necesita un cliente, para que la tienda sepa de quién son los artículos"
"A label for the batch this code was generated/imported in.","Una etiqueta para el lote en el que se generó/importó este código."
"A manual discount of {0}% exceeds the {1}% limit, approver passcode required","Un descuento manual del {0}% supera el límite del {1}%, se requiere la clave de un autorizador"
"A manual discount of {0}% exceeds the {1}% limit. Enter the manager passcode or send an approval request.","Un descuento manual del {0}% supera el límite del {1}%. Ingrese la clave del gerente o envíe una solicitud de autorización."
"A manual discount of {0}% exceeds the {1}% limit. Send an approval request.","Un descuento manual del {0}% supera el límite del {1}%. Envíe una solicitud de autorización."
"A percentage of the qualifying items, or a fixed amount","Un porcentaje de los artículos elegibles, o un importe fijo"
"A price cannot be below zero.","Un precio no puede ser inferior a cero."
"A reason the cashier can pick when a counted drawer is short or over at the close (shown at the till).","Un motivo que el cajero puede elegir cuando el recuento de una caja tiene un faltante o un sobrante al cierre (se muestra en la caja)."
"A reason the cashier can pick when refunding an item (shown at the till).","Un motivo que el cajero puede elegir al reembolsar un artículo (se muestra en la caja)."
"A refund does not go back onto a gift card or cashback. Refund that part as store credit.","Un reembolso no vuelve a una tarjeta de regalo ni al cashback. Reembolse esa parte como saldo a favor."
"A register closed with a counted difference over the alert threshold.","Una caja se cerró con una diferencia contada mayor que el umbral de alerta."
"A register is still open well past the end of its shift.","Una caja sigue abierta mucho después del fin de su turno."
"A reusable timetable, one schedule can serve many outlets.","Un horario reutilizable, un mismo horario sirve para muchas sucursales."
"A sale that took longer than usual is written to the Error Log with its timings.","Una venta que tardó más de lo normal se registra en el Error Log con sus tiempos."
"A salesperson is required but none exists","El vendedor es obligatorio, pero no existe ninguno"
"A shift belongs to","Un turno pertenece a"
"A shift left open holds its sales out of the books, and on ERPNext 16 can block its outlet.","Un turno que queda abierto deja sus ventas fuera de la contabilidad y, en ERPNext 16, puede bloquear su sucursal."
"A statistics page for managers. With the Lumen Reports app installed it embeds a ready-made POS sales dashboard, otherwise it suggests installing it.","Una página de estadísticas para gerentes. Con la app Lumen Reports instalada, incluye un panel de ventas del PdV ya preparado, de lo contrario, sugiere instalarla."
"Absolute difference (over or short) on any payment method that triggers the email.","Diferencia absoluta (de más o de menos) en cualquier forma de pago a partir de la cual se envía el correo."
"Account {0} belongs to {1}, not {2}","La cuenta {0} pertenece a {1}, no a {2}"
"Account {0} does not belong to {1}","La cuenta {0} no pertenece a {1}"
"Account {0} is a group account. Pick an account under it","La cuenta {0} es una cuenta de grupo. Elija una cuenta dentro de ella"
"Account {0} is a {1} account, which cashback cannot post to","La cuenta {0} es de tipo {1}, y el cashback no puede contabilizar en ella"
"Account {0} is a {1} account, which needs a party on every line","La cuenta {0} es de tipo {1}, que requiere un tercero en cada línea"
"Account {0} is disabled","La cuenta {0} está desactivada"
"Account {0} must be an Asset account, and it is {1}","La cuenta {0} debe ser una cuenta de Activo, y es {1}"
"Accounting periods locking sales today: {0}","Períodos contables que bloquean las ventas hoy: {0}"
"Accounting periods that will lock sales: {0}","Períodos contables que bloquearán las ventas: {0}"
"Action taken","Medida tomada"
"Add a Sales Person in ERPNext, or set Salesperson at the till to Optional.","Agrega un Sales Person en ERPNext, o cambia la opción Vendedor en la caja a Opcional."
"Add a service charge to every sale (e.g. restaurants / salons).","Agregar un cargo por servicio a cada venta (p. ej. restaurantes / salones)."
"Add at least one item the customer is taking instead","Agregue al menos un artículo que el cliente se lleva a cambio"
"Add at least one item to the test basket","Agregue al menos un artículo al carrito de prueba"
"Add at least one product row or tick 'Apply on all products'","Agregue al menos una fila de producto o marque 'Aplicar a todos los productos'"
"Add the goods being held","Agregue los artículos que se apartan"
"Add the items that make up the bundle","Agregue los artículos que forman el paquete"
"After this date the shop may cancel the hold. Nothing happens automatically.","Después de esta fecha la tienda puede cancelar el apartado. No ocurre nada automáticamente."
"Alert only, a till is never closed automatically, because a close without a real cash count produces figures nobody can trust.","Solo es una alerta, una caja nunca se cierra automáticamente, porque un cierre sin un conteo real del efectivo produce cifras en las que nadie puede confiar."
"All Customers","Todos los clientes"
"Allocated Price","Precio asignado"
"Allocated prices add up to {0}, but the Bundle Price is {1}, they must match exactly","Los precios asignados suman {0}, pero el Precio de paquete es {1}, deben coincidir exactamente"
"Allow a refund to be parked on the customer's Store Credit instead of handing money back. Turn OFF if shop policy is money-back only. Note: credit the customer actually SPENT on that sale can always be returned to credit (capped at what they spent), otherwise a credit-paid sale would have no refund method at all.","Permitir que un reembolso quede en el Saldo a favor del cliente en lugar de devolverle el dinero. DESACTÍVELO si la política de la tienda es solo devolver dinero. Nota: el saldo que el cliente realmente GASTÓ en esa venta siempre se puede devolver como saldo (hasta lo que gastó), de lo contrario, una venta pagada con saldo no tendría ninguna forma de reembolso."
"Allow a single discount on the whole cart (subject to the discount limit + edit-price role).","Permitir un solo descuento sobre todo el carrito (sujeto al límite de descuento + el rol para editar precios)."
"Allow printing an X-report (mid-shift drawer read) without closing the register.","Permitir imprimir un Informe X (lectura del cajón a mitad del turno) sin cerrar la caja."
"Allow refund as","Permitir reembolso en"
"Allow refunding to Store Credit","Permitir reembolsos en Saldo a favor"
"Allow refunding to this mode","Permitir reembolsos en esta forma de pago"
"Always positive. Earn adds, the rest remove.","Siempre positivo. Acumulación suma, los demás restan."
"Always positive; Issue adds to the balance, Redeem subtracts","Siempre positivo. Emisión suma al saldo, Canje resta"
"Amount must be positive, use Entry Type to add or subtract","El importe debe ser positivo, use el Tipo de movimiento para sumar o restar"
"An accounting period is meant to lock a month that is over. In ERPNext, Accounting Period: delete one made ahead of time (ERPNext 15 and 16 do not let anyone edit a period that has not ended), or untick Sales Invoice and Journal Entry in it.","Un período contable sirve para bloquear un mes ya terminado. En ERPNext, Período Contable: elimine el que se creó por adelantado (ERPNext 15 y 16 no permiten editar un período que no ha terminado), o desmarque en él Factura de Venta y Asiento contable."
"An approved request can still return it","Una solicitud aprobada aún permite devolverlo"
"An end time EARLIER than (or equal to) the start means the shift crosses midnight.","Una hora de fin ANTERIOR a la de inicio (o igual) significa que el turno cruza la medianoche."
"An item tag (the tags you add to items in ERPNext)","Una etiqueta de artículo (las etiquetas que usted agrega a los artículos en ERPNext)"
"Anyone holding this role passes. Leave blank to name a single person instead.","Cualquiera que tenga este rol tiene permiso. Déjelo en blanco para indicar una sola persona."
"Applies to this group AND everything under it.","Se aplica a este grupo Y a todo lo que está debajo de él."
"Apply on all products","Aplicar a todos los productos"
"Approver Name","Nombre del autorizador"
"Approver Role (for requests)","Rol autorizador (para solicitudes)"
"Ask for a reason above","Pedir un motivo por encima de"
"Ask for a reset code first.","Primero solicite un código de restablecimiento."
"Asset account for what other companies of the group owe this one for customer balances spent here. Created automatically when empty.","Cuenta de activo para lo que otras empresas del grupo le deben a esta por los saldos de clientes gastados aquí. Se crea automáticamente si está vacía."
"At least one payment is required","Se requiere al menos un pago"
"Audit log","Registro de auditoría"
"Auto-lock after (minutes)","Bloqueo automático tras (minutos)"
"Auto-lock after this many minutes of inactivity (0 = manual lock only).","Bloquear automáticamente tras esta cantidad de minutos de inactividad (0 = solo bloqueo manual)."
"Automatic rate status","Estado del tipo de cambio automático"
"Background jobs are switched off on this site","Las tareas en segundo plano están desactivadas en este sitio"
"Basket Discount Type","Tipo de descuento del carrito"
"Basket Discount Value","Valor del descuento del carrito"
"Basket Discount Value must be greater than zero","El Valor del descuento del carrito debe ser mayor que cero"
"Block regular returns after the return window below. Past the window, the cashier can send a return-approval request that an Approver Role holder approves while the register is open.","Bloquear las devoluciones normales después del plazo de devolución de abajo. Pasado el plazo, el cajero puede enviar una solicitud de autorización de devolución que aprueba alguien con el Rol autorizador mientras la caja está abierta."
"Blocked Mode of Payment","Forma de pago bloqueada"
"Bundle Price","Precio de paquete"
"Bundle Price must be greater than zero","El Precio de paquete debe ser mayor que cero"
"Bundle Price only: units of this product required per bundle","Solo para Precio de paquete: unidades de este producto necesarias por paquete"
"Bundle {0} does not exist","El paquete {0} no existe"
"Bundle {0} is inactive","El paquete {0} está inactivo"
"Bundle {0} is incomplete, it needs exactly: {1}","El paquete {0} está incompleto, necesita exactamente: {1}"
"Bundle {0} is not offered at {1}","El paquete {0} no se ofrece en {1}"
"Bundle {0} is not valid today","El paquete {0} no es válido hoy"
"Buy Quantity","Cantidad a comprar"
"Buy Quantity must be at least 1","La Cantidad a comprar debe ser al menos 1"
"Buy X Get Y","Compre X y lleve Y"
"Cache only in-stock items for offline use","Guardar en caché solo artículos con existencias para usar sin conexión"
"Calculate discount on","Calcular el descuento sobre"
"Can","Puede"
"Can combine with other cashback rules","Se puede combinar con otras reglas de cashback"
"Can combine with other promotions","Se puede combinar con otras promociones"
"Cap on the cashback from one sale (0 = no cap). Applies to a percentage.","Tope del cashback de una venta (0 = sin tope). Se aplica a un porcentaje."
"Card Number","Número de tarjeta"
"Card or transfer counted as cash","Tarjeta o transferencia contada como efectivo"
"Cart JSON","JSON del carrito"
"Cart Total","Total del carrito"
"Cart is empty","El carrito está vacío"
"Cart lines / invoice summary captured when the request was raised.","Líneas del carrito / resumen de la factura guardados al crear la solicitud."
"Cash Float","Fondo inicial"
"Cash In","Entrada de efectivo"
"Cash In / Out","Entrada / salida de efectivo"
"Cash Movements","Movimientos de efectivo"
"Cash Out","Salida de efectivo"
"Cash in / out","Entrada / salida de efectivo"
"Cash in this currency","Efectivo en esta moneda"
"Cash paid out without a record","Salida de efectivo sin registro"
"Cash variance on {0} ({1})","Diferencia de efectivo en {0} ({1})"
"Cashback","Cashback"
"Cashback Expense Account","Cuenta de gastos de cashback"
"Cashback Liability Account","Cuenta de pasivo de cashback"
"Cashback Rule","Regla de cashback"
"Cashback Type","Tipo de cashback"
"Cashback balance is too low to redeem {0}","El saldo de cashback no alcanza para canjear {0}"
"Cashback balance is {0}, cannot redeem {1}","El saldo de cashback es {0}, no se puede canjear {1}"
"Cashier Name","Nombre del cajero"
"Change at this outlet comes from {0}, which is in {1}: a sale in {2} cannot give change from it. Take the exact amount, or set the outlet's Account for Change Amount (POS Profile) to an account in {3}.","El cambio en esta sucursal sale de {0}, que está en {1}: una venta en {2} no puede dar cambio desde ahí. Cobre el importe exacto, o ponga en la Cuenta para Monto de Cambio de la sucursal (Perfil de PdV) una cuenta en {3}."
"Change given in another currency cannot reach the books","El cambio entregado en otra moneda no puede llegar a la contabilidad"
"Change given in this currency","Cambio entregado en esta moneda"
"Check the site's background workers (on Frappe Cloud, the bench's Jobs).","Revisa los procesos en segundo plano del sitio (en Frappe Cloud, Jobs del bench)."
"Choose exactly what each receipt shows.","Elija exactamente qué muestra cada ticket."
"Choose the company this program belongs to","Elija la empresa a la que pertenece este programa"
"Choose the sale to take back","Elija la venta que se devuelve"
"Choose the {0} this rule applies to","Elija a qué {0} se aplica esta regla"
"Close the register","Cerrar la caja"
"Close the shifts they belong to. A shift stuck in Closing shows above.","Cierra los turnos a los que pertenecen. Un turno atascado en el cierre aparece más arriba."
"Close them from the Register page (a manager can close anyone's).","Ciérralos desde la página Caja (un gerente puede cerrar los de cualquiera)."
"Close them in ERPNext (POS Closing Entry) or cancel them if they hold no sales.","Ciérralas en ERPNext (POS Closing Entry) o cancélalas si no tienen ventas."
"Close your open shift first: {0}. This shop allows one open shift per person at a time.","Primero cierre su turno abierto: {0}. Esta tienda permite un solo turno abierto por persona a la vez."
"Closed At","Fecha de cierre"
"Closed by","Cerrado por"
"Closing Attempts","Intentos de cierre"
"Closing Counts","Conteos de cierre"
"Closing Error","Error de cierre"
"Closing Note","Nota de cierre"
"Closing Started At","Inicio del cierre"
"Closing Status","Estado del cierre"
"Closing figures out of date","Cifras de cierre desactualizadas"
"Compact","Compacto"
"Companies of the group","Empresas del grupo"
"Company Accounts","Cuentas de la empresa"
"Company customers","Clientes empresa"
"Complete the outlet's POS Profile in ERPNext.","Completa el POS Profile de la sucursal en ERPNext."
"Consolidation","Consolidación"
"Consolidation Error","Error de consolidación"
"Consolidation failed","La consolidación falló"
"Could not reach printer at {0}:{1} ({2})","No se pudo conectar con la impresora en {0}:{1} ({2})"
"Counted","Contado"
"Counting mistake","Error de conteo"
"Coupon","Cupón"
"Coupon code {0} is already used by {1}","El código de cupón {0} ya lo usa {1}"
"Create a POS Profile in ERPNext.","Crea un POS Profile en ERPNext."
"Currencies the till sells in","Monedas en las que vende la caja"
"Currency {0} is not set up","La moneda {0} no está configurada"
"Custom Fields (JSON)","Campos personalizados (JSON)"
"Customer Eligibility","Clientes elegibles"
"Customer balances across companies","Saldos de clientes entre empresas"
"Customer currency","Moneda del cliente"
"Customer deposits account","Cuenta de abonos de clientes"
"Customer group eligibility","Grupo de clientes elegible"
"Customer has {0} loyalty points, cannot redeem {1}","El cliente tiene {0} puntos de lealtad, no se pueden canjear {1}"
"Customer name is required","El nombre del cliente es obligatorio"
"Customer pays this for the whole bundle; the saving is split across the component lines (kept separate so each item can be returned individually)","El cliente paga esto por todo el paquete. El ahorro se reparte entre las líneas de los componentes (se mantienen separadas para que cada artículo se pueda devolver por separado)"
"Customer pays this total for one full set of the products listed above (use the Qty column for multiples). Items stay separate lines on the invoice.","El cliente paga este total por un juego completo de los productos de arriba (use la columna Cant. para múltiplos). Los artículos quedan como líneas separadas en la factura."
"Customer {0} is not enrolled in a loyalty program","El cliente {0} no está inscrito en un programa de lealtad"
"Customer {0} not found","No se encontró el cliente {0}"
"Customer-facing display","Pantalla del cliente"
"Daily time window","Horario diario"
"Date window ({0} → {1})","Periodo de fechas ({0} → {1})"
"Days Closed While the Shift Ran","Días cerrados durante el turno"
"Days after the sale during which a regular return is allowed. 0 = no time limit.","Días después de la venta en los que se permite una devolución normal. 0 = sin límite de tiempo."
"Days of Week","Días de la semana"
"Decided At","Fecha de decisión"
"Decided By","Decidido por"
"Decision","Decisión"
"Decision Note","Nota de la decisión"
"Delivery Apps","Apps de entrega"
"Deposit for hold {0}","Abono del apartado {0}"
"Deposit item","Artículo de abono"
"Deposits are taxable when taken","Los abonos llevan impuesto al cobrarse"
"Detail","Detalle"
"Detailed","Detallado"
"Discount Approval","Autorización de descuentos"
"Discount Approvers","Autorizadores de descuentos"
"Discount Limit (%)","Límite de descuento (%)"
"Discount Type is required for a Simple Discount","El Tipo de descuento es obligatorio para un Descuento simple"
"Discount Value","Valor del descuento"
"Discount Value must be greater than zero","El Valor del descuento debe ser mayor que cero"
"Discount approved by {0}","Descuento autorizado por {0}"
"Discount requests are turned off. Ask a manager for the passcode.","Las solicitudes de descuento están desactivadas. Pida la clave a un gerente."
"Drawer","Cajón"
"Due from group companies","Por cobrar a empresas del grupo"
"Due to group companies","Por pagar a empresas del grupo"
"ERPNext 16 lets an outlet sell with only one open shift, and {0} still has one:","ERPNext 16 permite que una sucursal venda con un solo turno abierto, y {0} todavía tiene uno:"
"ERPNext 16 sells only on an opening entry opened today, one per outlet.","ERPNext 16 solo vende sobre una apertura de PdV de hoy, una por sucursal."
"ERPNext 16 takes sales only on a POS Opening Entry opened the same day. A shift that sold on past midnight closed each earlier day in ERPNext and opened the next, and was counted once, at its own close.","ERPNext 16 solo acepta ventas en una Apertura de PdV abierta el mismo día. Un turno que siguió vendiendo después de medianoche cerró cada día anterior en ERPNext y abrió el siguiente, y se contó una sola vez, al cerrarlo."
"ERPNext 16 takes sales only on a shift opened the same day. On (the default): at the first sale after midnight LumenPOS closes the day in ERPNext and opens the next one by itself, and the shift carries on and is counted once, at its own close. Off: a shift from an earlier day has to be closed before it can sell again. Set from the till: Settings, General, Register and shifts.","ERPNext 16 solo acepta ventas en un turno abierto el mismo día. Activado (predeterminado): con la primera venta después de medianoche LumenPOS cierra el día en ERPNext y abre el siguiente por sí solo, y el turno continúa y se cuenta una sola vez, al cerrarlo. Desactivado: un turno de un día anterior debe cerrarse antes de volver a vender. Se ajusta desde la caja: Configuración, General, Caja y turnos."
"ERPNext Days","Días de ERPNext"
"ERPNext accepts the till's invoices","ERPNext acepta las facturas de la caja"
"ERPNext adds a missing item price from a sale","ERPNext agrega un precio de artículo faltante a partir de una venta"
"ERPNext is set not to record change as its own ledger entry (Create Ledger Entries for Change Amount, in POS Settings on ERPNext 16 and Accounts Settings before), so change can only come back in local money from the drawer the customer paid into. Turn that on, or take the exact amount.","ERPNext está configurado para no registrar el cambio como un asiento propio en el libro mayor (Crear entradas en el libro mayor para el importe de modificación, en Configuración de PdV en ERPNext 16 y antes en Configuración de cuentas), así que el cambio solo puede devolverse en moneda local desde el cajón en el que pagó el cliente. Actívelo, o cobre el importe exacto."
"ERPNext is set to make Sales Invoices from the POS (POS Settings, Invoice Type Created via POS Screen), so it refuses the POS Invoices this outlet makes. Set it to POS Invoice, or set the outlet to Sales Invoice (POS Profile, LumenPOS).","ERPNext está configurado para crear Facturas de venta desde el PdV (Configuración de PdV, Invoice Type Created via POS Screen), así que rechaza las Facturas PdV que crea esta sucursal. Cámbielo a Factura PdV, o configure la sucursal para usar Factura de venta (Perfil de PdV, LumenPOS)."
"ERPNext refuses POS Invoices on this site","ERPNext rechaza las facturas PdV en este sitio"
"ERPNext refuses what an accounting period locks on its dates. A shift cannot close, because the close posts its sales as a Sales Invoice.","ERPNext rechaza lo que un período contable bloquea en sus fechas. Un turno no puede cerrarse, porque el cierre registra sus ventas como una Factura de Venta."
"ERPNext {0} has not been tested with LumenPOS","ERPNext {0} no se ha probado con LumenPOS"
"ERPNext {0} is newer than the release LumenPOS was last tested on ({1})","ERPNext {0} es más reciente que la versión con la que se probó LumenPOS por última vez ({1})"
"ERPNext {0}, tested with LumenPOS","ERPNext {0}, probado con LumenPOS"
"ERPNext's day could not be closed for this shift ({0}). Close the shift on the Register screen and open a new one.","No se pudo cerrar el día de ERPNext para este turno ({0}). Cierre el turno en la pantalla de Caja y abra uno nuevo."
"ERPNext's day was closed at {0} while this shift sold on past midnight: POS Closing Entry {1} holds its {2} sales, and POS Opening Entry {3} opens the next day. The drawer is counted once, when the shift closes.","El día de ERPNext se cerró a las {0} mientras este turno seguía vendiendo después de medianoche: el Cierre de PdV {1} contiene sus {2} ventas y la Apertura de PdV {3} abre el día siguiente. El cajón se cuenta una sola vez, al cerrar el turno."
"Each manager gets their own passcode; the approver's name is recorded on the invoice. The single Manager Passcode above still works as a master code.","Cada gerente tiene su propia clave, y el nombre del autorizador queda registrado en la factura. La Clave de gerente única de arriba sigue funcionando como clave maestra."
"Earn","Acumulación"
"Earned cashback expires this many days after it becomes usable (0 = never expires)","El cashback ganado vence esta cantidad de días después de que se puede usar (0 = nunca vence)"
"Earning and redemption rates must be greater than zero","Las tasas de acumulación y de canje deben ser mayores que cero"
"Edit price / discount","Editar precio / descuento"
"Edit price / discount role","Rol para editar precio / descuento"
"Either give every component an Allocated Price or leave them all empty","Ingrese un Precio asignado en cada componente o déjelos todos vacíos"
"Eligibility","Elegibilidad"
"Email a role when a closing count differs from expected by more than the threshold. Records and notifies, it never blocks the close.","Enviar un correo a un rol cuando un conteo de cierre difiere de lo esperado en más del umbral. Registra y avisa, nunca bloquea el cierre."
"Email an alert on a large closing variance","Enviar una alerta por correo si hay una diferencia grande al cierre"
"Email an alert when a shift is left open","Enviar una alerta por correo cuando un turno queda abierto"
"Email receipt","Ticket por correo"
"Email receipts are turned off (Settings → Features).","El envío de tickets por correo está desactivado (Configuración → Funciones)."
"Empty: every company. Set: every outlet of this company, unless outlets are chosen below.","Vacío: todas las empresas. Con valor: todas las sucursales de esta empresa, salvo que se elijan sucursales abajo."
"Empty: the built-in form. Name and mobile for everyone; for companies also the tax ID and the Saudi national address.","Vacío: el formulario integrado. Nombre y celular para todos, y para empresas también el ID fiscal y la dirección nacional saudí."
"Empty: the main cash drawer.","Vacío: el cajón de efectivo principal."
"Enable Cashback","Activar cashback"
"Enable Insights","Activar Insights"
"Enable a second-screen customer-facing display (mirrors the cart on another monitor/window).","Activar una segunda pantalla para el cliente (refleja el carrito en otro monitor/ventana)."
"Enable holds and deposits","Activar apartados y abonos"
"Enable the scheduler (bench enable-scheduler, or ask the hosting provider).","Activa el programador (bench enable-scheduler, o pídelo al proveedor de hosting)."
"End Date cannot be before Start Date","La Fecha de fin no puede ser anterior a la Fecha de inicio"
"Ends","Termina"
"Enter a coupon code","Ingrese un código de cupón"
"Enter a name for the price list","Ingrese un nombre para la lista de precios"
"Enter the amount the customer is paying","Ingrese el importe que paga el cliente"
"Enter the gift card amount","Ingrese el importe de la tarjeta de regalo"
"Enter your current PIN to change it.","Ingrese su PIN actual para cambiarlo."
"Entry of the company that issued it","Asiento de la empresa que lo emitió"
"Entry of the company that spent it","Asiento de la empresa donde se gastó"
"Every Day","Todos los días"
"Every sale will be refused.","Se rechazará toda venta."
"Exceed return window role","Rol para exceder el plazo de devolución"
"Exchange goods","Hacer cambios de artículo"
"Exchange rate","Tipo de cambio"
"Exchange role","Rol para cambios de artículo"
"Exchanges are in {0} only. For a sale in {1}, refund it and ring the new goods up as a new sale.","Los cambios de artículo son solo en {0}. Para una venta en {1}, reembólsela y registre los artículos nuevos como una venta nueva."
"Exclude","Excluir"
"Exclude these items instead of including them","Excluir estos artículos en lugar de incluirlos"
"Expected to end","Fin previsto"
"Expire","Vencimiento"
"Extra allowed refund methods. Example: if paid with Mada, allow refund as Cash. A method can always be refunded to itself, so you only add the exceptions.","Formas de reembolso adicionales permitidas. Ejemplo: si se pagó con Mada, permitir reembolso en Efectivo. Una forma de pago siempre se puede reembolsar en la misma forma, así que solo agregue las excepciones."
"Extra line under the company name (e.g. branch / slogan).","Línea adicional bajo el nombre de la empresa (p. ej. sucursal / eslogan)."
"Failed Attempts","Intentos fallidos"
"Fallback: hours after opening","Alternativa: horas después de la apertura"
"Features","Funciones"
"Fields on the new customer form","Campos del formulario de nuevo cliente"
"Fill in: {0}","Complete: {0}"
"Fixed Price","Precio fijo"
"Fixed at","Fijado el"
"Fixed with the rate: the shift gives the change of a sale in this currency from that currency's own drawer.","Fijado junto con el tipo de cambio: el turno da el cambio de una venta en esta moneda desde el cajón de esa misma moneda."
"Fixed: the rate the shop sets. Automatic: updated once a day, when automatic rates are switched on in LumenPOS Settings.","Fijo: el tipo de cambio que define la tienda. Automático: se actualiza una vez al día, cuando los tipos de cambio automáticos están activados en la Configuración de LumenPOS."
"Footer line (e.g. thank-you, social).","Línea de pie de página (p. ej. agradecimiento, redes sociales)."
"For an Earn row: the unspent, unexpired part still available.","En una fila de Acumulación: la parte no gastada ni vencida que sigue disponible."
"For example: hygiene items cannot be returned once opened.","Por ejemplo: los artículos de higiene no se pueden devolver una vez abiertos."
"Free","Gratis"
"From their first day, shifts cannot close.","Desde su primer día, los turnos no podrán cerrarse."
"Fully Used","Usado por completo"
"Generate at most 5000 coupons at a time","Genere como máximo 5000 cupones a la vez"
"Generated {0}","Generado el {0}"
"Get","Obtener"
"Get Quantity","Cantidad a obtener"
"Get Quantity must be at least 1","La Cantidad a obtener debe ser al menos 1"
"Gift Card Expiry (days)","Vencimiento de tarjetas de regalo (días)"
"Gift Card Item","Artículo de tarjeta de regalo"
"Gift Card Liability Account","Cuenta de pasivo de tarjetas de regalo"
"Gift Card Mode of Payment","Forma de pago de tarjeta de regalo"
"Gift Cards","Tarjetas de regalo"
"Gift card payments don't match the scanned cards","Los pagos con tarjeta de regalo no coinciden con las tarjetas escaneadas"
"Gift card {0} already exists","La tarjeta de regalo {0} ya existe"
"Gift card {0} expired on {1}","La tarjeta de regalo {0} venció el {1}"
"Gift card {0} has {1} left, cannot redeem {2}","A la tarjeta de regalo {0} le quedan {1}, no se puede canjear {2}"
"Gift card {0} is {1}","La tarjeta de regalo {0} está en estado {1}"
"Gift card {0} not found","No se encontró la tarjeta de regalo {0}"
"Gift card {0} was issued by {1} and is used at its outlets only.","La tarjeta de regalo {0} fue emitida por {1} y solo se usa en sus sucursales."
"Gift cards","Tarjetas de regalo"
"Gift cards, cashback and store credit. Shared: spendable at any company of the group with the same currency, each company's books kept right by an Inter Company Journal Entry. Separate: spendable only at the company that issued it.","Tarjetas de regalo, cashback y saldo a favor. Compartido: se puede gastar en cualquier empresa del grupo con la misma moneda, y los libros de cada empresa se mantienen correctos con un Asiento entre empresas. Separado: solo se puede gastar en la empresa que lo emitió."
"Gift cards, store credit, cashback and loyalty points","Tarjetas de regalo, saldo a favor, cashback y puntos de lealtad"
"Give change in this currency","Dar el cambio en esta moneda"
"Give customers cashback on qualifying sales, configured in POS Cashback Rule. Turning this off stops earning and hides the page.","Otorga cashback a los clientes en las ventas elegibles, configurado en Regla de cashback PdV. Si se desactiva, ya no se gana cashback y la página se oculta."
"Give the loyalty program a name","Asigne un nombre al programa de lealtad"
"Global fallback income account for the service charge. Prefer a per-company account under Company Accounts.","Cuenta de ingresos general de respaldo para el cargo por servicio. Es preferible una cuenta por empresa en Cuentas de la empresa."
"Goods handed over on {0}","Artículos entregados en {0}"
"Goods on hold","Artículos apartados"
"Grace period (minutes)","Periodo de gracia (minutos)"
"Grouped, most frequent first.","Agrupados, primero los más frecuentes."
"HOLD-.YYYY.-","HOLD-.YYYY.-"
"Hand these goods over at {0}, where they are kept.","Entregue estos artículos en {0}, donde están guardados."
"Handed Over At","Entregado el"
"Handed Over On Invoice","Entregado en la factura"
"Help in the till","Ayuda en la caja"
"Higher priority wins when two exclusive promotions give the same savings","Gana la de mayor prioridad cuando dos promociones exclusivas dan el mismo ahorro"
"Higher wins when two non-combinable rules both match","Gana la más alta cuando coinciden dos reglas no combinables"
"Hold Until","Apartado hasta"
"Hold cancelled","Apartado cancelado"
"Hold goods for (days)","Apartar artículos por (días)"
"Hold goods for a customer","Apartar artículos para un cliente"
"Hold {0} belongs to another company","El apartado {0} pertenece a otra empresa"
"Hold {0} belongs to {1}. Serve it at one of its outlets.","El apartado {0} pertenece a {1}. Atiéndalo en una de sus sucursales."
"Hold {0} handed over","Apartado {0} entregado"
"Holds and deposits","Apartados y abonos"
"Holds and deposits are switched off for this shop","Los apartados y abonos están desactivados en esta tienda"
"How a cashier clears an over-limit discount. Passcode only = a manager enters the passcode at the till. Request only = the cashier sends a request a role-holder approves while the register is open. Passcode or request = either.","Cómo obtiene el cajero la autorización de un descuento sobre el límite. Solo clave = un gerente ingresa la clave en la caja. Solo solicitud = el cajero envía una solicitud que aprueba alguien con el rol mientras la caja está abierta. Clave o solicitud = cualquiera de las dos."
"How long a hold runs before the shop may cancel it. 0 = no limit. Nothing is cancelled automatically.","Cuánto dura un apartado antes de que la tienda pueda cancelarlo. 0 = sin límite. Nada se cancela automáticamente."
"How long after the scheduled end before alerting.","Cuánto tiempo después del fin programado se envía la alerta."
"How many coupons should I generate?","¿Cuántos cupones debo generar?"
"How many times each code may be redeemed. 1 = single use, 0 = unlimited (until it expires).","Cuántas veces se puede canjear cada código. 1 = un solo uso, 0 = ilimitado (hasta que venza)."
"If paid with","Si se pagó con"
"If you cannot close it, a manager can close it for you from that outlet's Register page.","Si no puede cerrarlo, un gerente puede cerrarlo por usted desde la página de Caja de esa sucursal."
"Imported {0}","Importado {0}"
"Individual customers","Clientes individuales"
"Initial Amount","Importe inicial"
"Insights","Insights"
"Insights are turned off in LumenPOS Settings","Insights está desactivado en Configuración de LumenPOS"
"Instalments","Abonos"
"Inter Company Journal Entries","Asientos entre empresas"
"Invalid or expired coupon code","Código de cupón no válido o vencido"
"Invoice Age (days)","Antigüedad de la factura (días)"
"Invoice type","Tipo de factura"
"Issued On Invoice","Emitida en la factura"
"Issued by","Emitido por"
"Items shown as one-tap buttons on the sell screen.","Artículos que aparecen como botones de un toque en la pantalla de venta."
"JSON list of dynamic receipt fields sourced from the POS Profile or the sale invoice (managed from the POS Settings page). Each: {source, fieldname, label, render, position}.","Lista JSON de campos dinámicos del ticket, tomados del Perfil de PdV o de la factura de venta (se gestiona desde la página de configuración del PdV). Cada uno: {source, fieldname, label, render, position}."
"Keep a shift open past midnight","Mantener un turno abierto después de medianoche"
"Languages","Idiomas"
"Languages at the till","Idiomas en la caja"
"Last error","Último error"
"Late return approved by {0}","Devolución tardía aprobada por {0}"
"Leave empty for all customers","Déjelo vacío para todos los clientes"
"Leave empty for all outlets","Déjelo vacío para todas las sucursales"
"Leave empty to apply at every outlet","Déjelo vacío para aplicar en todas las sucursales"
"Leave empty to apply at every outlet.","Déjelo vacío para aplicar en todas las sucursales."
"Leave empty to run in all outlets","Déjelo vacío para que aplique en todas las sucursales"
"Legacy flag (superseded by Use Limit). Kept for older codes.","Indicador heredado (reemplazado por Límite de usos). Se conserva para códigos antiguos."
"Legacy/internal, price books now store item prices directly below.","Heredado/interno, los libros de precios ahora guardan los precios de los artículos directamente abajo."
"Liability account for customer deposits. Blank = LumenPOS creates 'Customer Deposits'. A per-company account can be set in Company Accounts.","Cuenta de pasivo para los abonos de clientes. Vacío = LumenPOS crea 'Customer Deposits'. Se puede definir una cuenta por empresa en Cuentas de la empresa."
"Liability account for what this company owes others of the group for its customer balances spent there. Created automatically when empty.","Cuenta de pasivo para lo que esta empresa debe a otras empresas del grupo por los saldos de sus clientes gastados en ellas. Se crea automáticamente si está vacía."
"Liability account that backs gift cards (selling a card increases it, redeeming decreases it). Leave empty to auto-create ""Gift Cards"".","Cuenta de pasivo que respalda las tarjetas de regalo (vender una tarjeta la aumenta, canjearla la disminuye). Déjela vacía para crear automáticamente ""Gift Cards""."
"Liability account this company holds customer deposits in. Blank = LumenPOS creates 'Customer Deposits'.","Cuenta de pasivo en la que esta empresa guarda los abonos de clientes. Vacío = LumenPOS crea 'Customer Deposits'."
"Limit regular returns to a time window","Limitar las devoluciones normales a un plazo"
"List the products that make up the bundle","Indique los productos que forman el paquete"
"Load","Recarga"
"Lock screen (PIN to unlock)","Bloqueo de pantalla (PIN para desbloquear)"
"Lock the till behind a PIN (a manager/approver PIN, or any manager). Protects an unattended register.","Bloquea la caja con un PIN (el PIN de un gerente/autorizador, o cualquier gerente). Protege una caja desatendida."
"Logo shown at the top of the printed/on-screen receipt.","Logotipo que aparece en la parte superior del ticket impreso/en pantalla."
"Lookup not allowed for {0}","Búsqueda no permitida para {0}"
"Lumen Reports could not set up the dashboard","Lumen Reports no pudo configurar el panel"
"Lumen Reports could not set up the dashboard on this site: {0}","Lumen Reports no pudo configurar el panel en este sitio: {0}"
"Lumen Reports is not installed on this site","Lumen Reports no está instalado en este sitio"
"Lumen Reports needs Frappe v{0} or newer","Lumen Reports necesita Frappe v{0} o posterior"
"LumenPOS","LumenPOS"
"LumenPOS Audit Log","Registro de auditoría de LumenPOS"
"LumenPOS Cashier","Cajero de LumenPOS"
"LumenPOS Company Setting","Configuración de empresa de LumenPOS"
"LumenPOS Manager","Gerente de LumenPOS"
"LumenPOS Payment Method Rule","Regla de forma de pago de LumenPOS"
"LumenPOS Profile Receipt","Ticket por perfil de LumenPOS"
"LumenPOS Settings","Configuración de LumenPOS"
"LumenPOS User PIN","PIN de usuario de LumenPOS"
"LumenPOS background jobs failed in the last 7 days","Fallaron tareas en segundo plano de LumenPOS en los últimos 7 días"
"LumenPOS background jobs have not run since {0}","Las tareas en segundo plano de LumenPOS no se ejecutan desde {0}"
"LumenPOS cashback for {0} ({1}): {2} earned on {3} sales, {4} expired or returned on {5} entries.","Cashback de LumenPOS del {0} ({1}): {2} ganado en {3} ventas, {4} vencido o devuelto en {5} movimientos."
"LumenPOS could not use ERPNext's {0} on this version of ERPNext ({1}). This usually means the site is running an ERPNext release LumenPOS has not been updated for yet, please report it to hello@lumen-solutions.co with this message.","LumenPOS no pudo usar {0} de ERPNext en esta versión de ERPNext ({1}). Esto suele significar que el sitio ejecuta una versión de ERPNext para la que LumenPOS aún no se ha actualizado. Repórtelo a hello@lumen-solutions.co con este mensaje."
"LumenPOS errors in the last 7 days: {0}","Errores de LumenPOS en los últimos 7 días: {0}"
"LumenPOS is tested on ERPNext 13 to 16.","LumenPOS está probado en ERPNext 13 a 16."
"Make returns","Hacer devoluciones"
"Make returns role","Rol para hacer devoluciones"
"Manager Passcode","Clave de gerente"
"Manual discounts above this percentage need approval. 0 disables the check.","Los descuentos manuales por encima de este porcentaje requieren aprobación. 0 desactiva la verificación."
"Margin below the published rate","Margen por debajo del tipo de cambio publicado"
"Max Applications per Sale","Máximo de aplicaciones por venta"
"Maximum Cashback","Cashback máximo"
"Minimum Spend","Compra mínima"
"Minimum Spend must be greater than zero","La compra mínima debe ser mayor que cero"
"Minimum deposit (%)","Abono mínimo (%)"
"Mode of Payment used to redeem gift cards. Leave empty to auto-create/use ""Gift Card"".","Forma de pago con la que se canjean las tarjetas de regalo. Déjela vacía para crear/usar automáticamente ""Gift Card""."
"Money","Importes"
"New customer","Cliente nuevo"
"New customer form","Formulario de cliente nuevo"
"New gift cards expire this many days after sale. 0 = never expire.","Las tarjetas de regalo nuevas vencen esta cantidad de días después de la venta. 0 = no vencen nunca."
"New sales were recorded after the closing screen was loaded. Refresh the closing screen, re-check the counts, then close again.","Se registraron ventas nuevas después de cargar la pantalla de cierre. Actualice la pantalla de cierre, vuelva a revisar los conteos y cierre de nuevo."
"No LumenPOS errors in the last 7 days","Sin errores de LumenPOS en los últimos 7 días"
"No POS Profile is assigned to you. Create one and add yourself under Applicable for Users.","No tiene ningún Perfil de PdV asignado. Cree uno y agréguese en Aplicable para usuarios."
"No account group found for {0} in {1}. Create the account '{0}' in {2} by hand.","No se encontró un grupo de cuentas para {0} en {1}. Cree manualmente la cuenta '{0}' en {2}."
"No accounting period locks sales","Ningún período contable bloquea las ventas"
"No codes found in the file","No se encontraron códigos en el archivo"
"No email address. Add one to the customer or type it in.","No hay correo electrónico. Agréguelo al cliente o escríbalo."
"No expense account group found for {0}","No se encontró un grupo de cuentas de gastos para {0}"
"No expense account group found for {0}. Create a cashback expense account and choose it in LumenPOS Settings","No se encontró un grupo de cuentas de gastos para {0}. Cree una cuenta de gastos de cashback y elíjala en Configuración de LumenPOS"
"No liability account group found for {0}","No se encontró un grupo de cuentas de pasivo para {0}"
"No liability account group found for {0}, create a 'Store Credit' liability account manually","No se encontró un grupo de cuentas de pasivo para {0}, cree manualmente una cuenta de pasivo 'Store Credit'"
"No liability account group found for {0}, create a '{1}' liability account manually","No se encontró un grupo de cuentas de pasivo para {0}, cree manualmente una cuenta de pasivo '{1}'"
"No liability account group found for {0}. Create a cashback liability account and choose it in LumenPOS Settings","No se encontró un grupo de cuentas de pasivo para {0}. Cree una cuenta de pasivo de cashback y elíjala en Configuración de LumenPOS"
"No open register session. Open the register first.","No hay ninguna sesión de caja abierta. Abra la caja primero."
"No outlet (POS Profile) is set up","No hay ninguna sucursal (POS Profile) configurada"
"No receipt printer configured on POS Profile {0}","No hay impresora de tickets configurada en el Perfil de PdV {0}"
"No shift needs attention","Ningún turno requiere atención"
"No tax template: sales carry no tax.","Sin plantilla de impuestos: las ventas no llevan impuestos."
"No warehouse belongs to company {0}. Set a Default Warehouse on the POS Profile (or create a warehouse for this company) before selling gift cards.","Ningún almacén pertenece a la empresa {0}. Defina un Almacén predeterminado en el Perfil de PdV (o cree un almacén para esta empresa) antes de vender tarjetas de regalo."
"No {0} account group found for {1}. Create '{2}' by hand.","No se encontró un grupo de cuentas de tipo {0} para {1}. Cree '{2}' manualmente."
"Nobody is assigned to it yet (POS Profile, Applicable for Users).","Todavía no hay nadie asignado (POS Profile, Applicable for Users)."
"Non-stock item posted when a gift card is sold. Leave empty to auto-create ""GIFT-CARD"".","Artículo sin control de existencias que se registra al vender una tarjeta de regalo. Déjelo vacío para crear automáticamente ""GIFT-CARD""."
"Not a LumenPOS tour: {0}","No es un recorrido de LumenPOS: {0}"
"Not a LumenPOS version: {0}","No es una versión de LumenPOS: {0}"
"Not allowed.","No permitido."
"Not for the role {0}","Excepto para el rol {0}"
"Notify role","Rol a notificar"
"Number of Sales","Número de ventas"
"Off: the till shows nothing about holds at all. A shop that never puts goods aside for a customer does not need the button or the screen.","Desactivado: la caja no muestra nada en absoluto sobre apartados. Una tienda que nunca aparta artículos para un cliente no necesita el botón ni la pantalla."
"Offer","Oferta"
"Offer the tour to new staff","Ofrecer el recorrido al personal nuevo"
"Offline cache only keeps items that have stock in the register's warehouse (smaller, faster cache)","La caché sin conexión solo guarda artículos con existencias en el almacén de la caja (caché más pequeña y rápida)"
"Oldest from {0}. Their stock has not moved yet and they are missing from the accounts.","La más antigua es del {0}. Sus existencias aún no se han descontado y faltan en la contabilidad."
"On (the default): a ? button on every screen of the till opens that screen's help, with short tours over the real buttons.","Activado (predeterminado): un botón ? en cada pantalla de la caja abre la ayuda de esa pantalla, con recorridos cortos sobre los botones reales."
"On (the default): after an update, each person sees once what is new for them, with a Show me where a tour exists.","Activado (predeterminado): después de una actualización, cada persona ve una vez las novedades que le corresponden, con un botón Ver cómo donde haya un recorrido."
"On (the default): sales and returns made without a connection are sent as soon as the network is back, even with the till closed, where the browser allows it (Chrome, Edge, Android). The till still sends them itself whenever it is open.","Activado (predeterminado): las ventas y devoluciones hechas sin conexión se envían en cuanto vuelve la red, incluso con la caja cerrada, donde el navegador lo permite (Chrome, Edge, Android). La caja las sigue enviando ella misma siempre que está abierta."
"On (the default): someone who has not seen the help yet is offered a short tour the first time they open the till.","Activado (predeterminado): a quien aún no ha visto la ayuda se le ofrece un recorrido corto la primera vez que abre la caja."
"On (the default): the till shows a warning when the browser has not agreed to keep its offline data for good, which it may otherwise clear when space runs low, and asks the browser again on a tap.","Activado (predeterminado): la caja muestra un aviso cuando el navegador no ha aceptado conservar sus datos sin conexión de forma permanente, que de lo contrario podría borrar cuando falte espacio, y se lo vuelve a pedir con un toque."
"On (the default): without a connection, a sale this device made in the same shift can be taken back, refunded in cash or the way the customer paid, never to store credit, a gift card or cashback. The till works out the refund as ERPNext will, and the server checks it again when the connection is back.","Activado (predeterminado): sin conexión, se puede devolver una venta que este dispositivo hizo en el mismo turno, reembolsada en efectivo o como pagó el cliente, nunca como saldo a favor, en una tarjeta de regalo ni como cashback. La caja calcula el reembolso como lo hará ERPNext, y el servidor lo vuelve a comprobar cuando vuelve la conexión."
"On: a deposit is taxed the moment it is taken (an advance against a known supply), and the tax already declared is deducted at hand-over. Off: the deposit carries no tax and the goods are taxed in full when handed over.","Activado: el abono se grava en el momento en que se recibe (un anticipo por un suministro conocido), y el impuesto ya declarado se descuenta en la entrega. Desactivado: el abono no lleva impuesto y los artículos se gravan por completo al entregarse."
"On: a person cannot open a new shift while they still have one open at another outlet. Off (the default): a person may hold shifts at several outlets, and the till only reminds them. Set from the till: Settings, General, Register and shifts.","Activado: una persona no puede abrir un turno nuevo mientras aún tenga uno abierto en otra sucursal. Desactivado (predeterminado): una persona puede tener turnos en varias sucursales y la caja solo se lo recuerda. Se configura desde la caja: Configuración, General, Caja y turnos."
"On: a sale in this currency gives its change in it, from its own cash drawer. Off: change comes back in the company currency, from the main drawer. An outlet whose POS Profile names its own Account for Change Amount keeps it (ERPNext uses it on every sale).","Activado: una venta en esta moneda da el cambio en esa moneda, desde su propio cajón de efectivo. Desactivado: el cambio se da en la moneda de la empresa, desde el cajón principal. Una sucursal cuyo Perfil de PdV indica su propia Cuenta para Monto de Cambio la conserva (ERPNext la usa en cada venta)."
"On: the cashier may send a return approval request, and an approver can let this return through. Off: the item is never taken back.","Activado: el cajero puede enviar una solicitud de aprobación de devolución, y un autorizador puede permitir esta devolución. Desactivado: el artículo nunca se acepta de vuelta."
"Once a day, from ExchangeRate-API (free), for the currencies set to Automatic. A rate typed for the day always wins.","Una vez al día, desde ExchangeRate-API (gratuito), para las monedas configuradas como Automático. Un tipo de cambio escrito para el día siempre tiene prioridad."
"One open shift per person","Un turno abierto por persona"
"Only managers can view Insights","Solo los gerentes pueden ver Insights"
"Only someone who manages LumenPOS Settings can change exchange rates.","Solo quien administra la Configuración de LumenPOS puede cambiar los tipos de cambio."
"Only someone who manages LumenPOS Settings can change the customer form.","Solo quien administra la Configuración de LumenPOS puede cambiar el formulario de cliente."
"Only someone who manages LumenPOS Settings can do this.","Solo quien administra la Configuración de LumenPOS puede hacer esto."
"Only this role (plus managers) may apply a manual discount / edit a price on a sale. Blank = anyone.","Solo este rol (y los gerentes) puede aplicar un descuento manual / editar un precio en una venta. Vacío = cualquiera."
"Only this role (plus managers) may exchange goods in one step. Blank = anyone who may make returns. An exchange always needs return permission too.","Solo este rol (y los gerentes) puede hacer un cambio de artículo en un solo paso. Vacío = cualquiera que pueda hacer devoluciones. Un cambio de artículo siempre requiere también permiso de devolución."
"Only this role (plus managers) may make returns. Blank = anyone with sell access.","Solo este rol (y los gerentes) puede hacer devoluciones. Vacío = cualquiera con acceso a ventas."
"Only used by Buy X Get Y: 'Buy' rows trigger the offer, 'Get' rows receive the reward. With no 'Get' rows the buy list rewards itself (classic multi-buy).","Solo lo usa Compre X y lleve Y: las filas 'Compra' activan la oferta, las filas 'Obtiene' reciben la recompensa. Sin filas 'Obtiene', la lista de compra se recompensa a sí misma (multicompra clásica)."
"Only {0} x {1} can still be returned","Solo quedan {0} x {1} por devolver"
"Open the register","Abrir la caja"
"Open the register before requesting approval.","Abra la caja antes de solicitar la aprobación."
"Opened At","Abierto el"
"Opened By","Abierto por"
"Opened at","Abierto el"
"Opened by","Abierto por"
"Opened with float {0}","Apertura con un fondo inicial de {0}"
"Opening Float","Fondo inicial"
"Opening entries from an earlier day blocking their outlet: {0}","Aperturas de PdV de un día anterior que bloquean su sucursal: {0}"
"Opening float","Fondo inicial"
"Optional (the default): the cashier may pick who sold. Required: a sale without a salesperson is refused. Off: the till asks for nobody and records nobody.","Opcional (predeterminado): el cajero puede elegir quién vendió. Obligatorio: se rechaza una venta sin vendedor. Desactivado: la caja no pregunta por nadie y no registra a nadie."
"Optional app-specific selling prices (overrides price books)","Precios de venta propios de la app, opcionales (tienen prioridad sobre los libros de precios)"
"Optional button label (defaults to the item name)","Texto opcional del botón (por defecto, el nombre del artículo)"
"Optional daily window, e.g. Happy Hour 16:00 to 18:00. Wraps midnight if start is after end.","Horario diario opcional, p. ej. Hora feliz de 16:00 a 18:00. Cruza la medianoche si el inicio es posterior al fin."
"Optional daily window. Wraps midnight if start is after end.","Horario diario opcional. Cruza la medianoche si el inicio es posterior al fin."
"Optional per-code expiry. The promotion's own date window still applies on top of this.","Vencimiento opcional por código. El periodo de fechas de la propia promoción se sigue aplicando además de este."
"Optional. After this date the bundle stops being offered at the till (treated as expired/inactive).","Opcional. Después de esta fecha el paquete deja de ofrecerse en la caja (se trata como vencido/inactivo)."
"Optional. The bundle is not offered before this date.","Opcional. El paquete no se ofrece antes de esta fecha."
"Optional: this component's share of the bundle price (for the whole row qty). If used on any row, every row needs one and they must sum exactly to the Bundle Price. Empty = split proportionally to regular prices.","Opcional: la parte del precio del paquete que corresponde a este componente (para toda la cantidad de la fila). Si se usa en alguna fila, todas las filas la necesitan y deben sumar exactamente el Precio de paquete. Vacío = se reparte en proporción a los precios normales."
"Order ID is required for {0} sales","El ID de pedido es obligatorio para las ventas de {0}"
"Order-level (whole-cart) discount","Descuento a nivel de pedido (todo el carrito)"
"Other currencies","Otras monedas"
"Other currencies are on, but ERPNext does not book change as its own entry.","La opción Otras monedas está activada, pero ERPNext no registra el cambio en un asiento propio."
"Other currency floats","Fondos en otras monedas"
"Outlet","Sucursal"
"Outlet already open","Sucursal ya abierta"
"Outlet {0}","Sucursal {0}"
"Outlet {0} belongs to {1}, not {2}. Choose outlets of {2}, or clear the company.","La sucursal {0} pertenece a {1}, no a {2}. Elija sucursales de {2} o quite la empresa."
"Outlet {0} cannot sell","La sucursal {0} no puede vender"
"Outlet {0} included","Sucursal {0} incluida"
"Outlets","Sucursales"
"Outlets (POS Profiles)","Sucursales (Perfiles de PdV)"
"Over-limit approval method","Método de aprobación sobre el límite"
"Overdue Notified","Aviso de retraso enviado"
"PIN Hash","Hash del PIN"
"POS Approval Request","Solicitud de aprobación PdV"
"POS Bundle","Paquete PdV"
"POS Bundle Item","Artículo de paquete PdV"
"POS Capability Rule","Regla de permisos PdV"
"POS Cash Movement","Movimiento de efectivo PdV"
"POS Cashback Entry","Movimiento de cashback PdV"
"POS Cashback Rule","Regla de cashback PdV"
"POS Cashback Rule Customer Group","Grupo de clientes de regla de cashback PdV"
"POS Cashback Rule Item","Artículo de regla de cashback PdV"
"POS Cashback Rule Profile","Perfil de regla de cashback PdV"
"POS Closing Entry {0} of this shift is not submitted.","El Cierre de PdV {0} de este turno no está validado."
"POS Coupon","Cupón PdV"
"POS Customer Form Field","Campo del formulario de cliente PdV"
"POS Delivery App","App de entregas PdV"
"POS Discount Approver","Autorizador de descuentos PdV"
"POS Gift Card","Tarjeta de regalo PdV"
"POS Gift Card Entry","Movimiento de tarjeta de regalo PdV"
"POS Inter Company Settlement","Liquidación entre empresas PdV"
"POS Layaway","Apartado PdV"
"POS Layaway Item","Artículo de apartado PdV"
"POS Layaway Payment","Abono de apartado PdV"
"POS Opening Entry {0} (by {1}, since {2}) is open outside LumenPOS: close or cancel it in ERPNext.","La Apertura de PdV {0} (de {1}, desde {2}) está abierta fuera de LumenPOS: ciérrela o cancélela en ERPNext."
"POS Parked Sale","Venta en espera PdV"
"POS Payment Restriction","Restricción de pago PdV"
"POS Price Book","Libro de precios PdV"
"POS Price Book Item","Artículo de libro de precios PdV"
"POS Promotion","Promoción PdV"
"POS Promotion Customer Group","Grupo de clientes de promoción PdV"
"POS Promotion Item","Artículo de promoción PdV"
"POS Promotion Profile","Perfil de promoción PdV"
"POS Quick Key","Tecla rápida PdV"
"POS Refund Rule","Regla de reembolso PdV"
"POS Register Payment Count","Conteo de pagos de caja PdV"
"POS Register Session","Sesión de caja PdV"
"POS Return Reason","Motivo de devolución PdV"
"POS Return Restriction","Restricción de devolución PdV"
"POS Sale Currency","Moneda de venta PdV"
"POS Session Day","Día de sesión PdV"
"POS Session Float","Fondo de sesión PdV"
"POS Session Rate","Tipo de cambio de sesión PdV"
"POS Settings, Invoice Type Created via POS Screen: POS Invoice.","En POS Settings, cambia Invoice Type Created via POS Screen a POS Invoice."
"POS Shift Invoice","Factura de turno PdV"
"POS Shift Schedule","Horario de turnos PdV"
"POS Shift Schedule Slot","Franja de horario de turnos PdV"
"POS Store Credit Entry","Movimiento de saldo a favor PdV"
"Paid At","Pagado el"
"Paid With","Pagado con"
"Parked","En espera"
"Parked At","En espera desde"
"Passcode","Clave"
"Passcode only","Solo clave"
"Passcode or request","Clave o solicitud"
"Payment Counts","Conteos de pagos"
"Payment Method Rules","Reglas de formas de pago"
"Payment must cover the gift card amount","El pago debe cubrir el importe de la tarjeta de regalo"
"Per cashier","Por cajero"
"Per outlet","Por sucursal"
"Per outlet: ONE shift per register, whoever opens it, any assigned cashier can sell on it (default; how LumenPOS has always worked). Per cashier: each cashier opens their OWN shift on the register and can only sell on their own, so several people share one counter but each gets their own Z-report and is accountable for their own drawer.","Por sucursal: UN turno por caja, lo abra quien lo abra, y cualquier cajero asignado puede vender en él (predeterminado, así ha funcionado siempre LumenPOS). Por cajero: cada cajero abre su PROPIO turno en la caja y solo puede vender en el suyo, así varias personas comparten un mostrador pero cada una tiene su propio Informe Z y responde por su propio cajón."
"Per-Outlet Receipts","Tickets por sucursal"
"Per-company accounts. On a multi-company site each company posts gift cards / service charge to its OWN accounts. Leave empty to use the global defaults (or auto-create).","Cuentas por empresa. En un sitio con varias empresas, cada empresa registra las tarjetas de regalo / el cargo por servicio en SUS PROPIAS cuentas. Déjelo vacío para usar los valores generales predeterminados (o crearlos automáticamente)."
"Per-method rules. Use these to require a terminal/transfer reference on card or bank payments so the transaction can be traced later.","Reglas por forma de pago. Úselas para exigir una referencia de terminal/transferencia en los pagos con tarjeta o bancarios, para poder rastrear la transacción después."
"Per-outlet receipt overrides (managed from the POS Settings page). Each row is a POS Profile + a JSON receipt config that overrides the global receipt design for that outlet. Empty = the outlet uses the global receipt.","Tickets propios por sucursal (se gestionan desde la página de configuración del PdV). Cada fila es un Perfil de PdV + una configuración JSON del ticket que reemplaza el diseño general del ticket para esa sucursal. Vacío = la sucursal usa el ticket general."
"Percentage discount cannot exceed 100","El descuento porcentual no puede superar 100"
"Performance indexes missing: {0}","Faltan índices de rendimiento: {0}"
"Person","Persona"
"Pick a period of one year or less.","Elige un período de un año o menos."
"Pick a {0} from the list","{0}: elija un valor de la lista"
"Pick an outlet or a company.","Elige una sucursal o una empresa."
"Pick at least one item to take back","Elija al menos un artículo que regresa"
"Pick the salesperson for this sale.","Elige el vendedor de esta venta."
"Picked by the cashier when a counted drawer was short or over at the close.","Elegido por el cajero cuando el recuento de una caja tuvo un faltante o un sobrante al cierre."
"Posted At","Contabilizado el"
"Price / stock checker","Consulta de precio / existencias"
"Price Book Price","Precio del libro de precios"
"Price List (legacy)","Lista de precios (heredada)"
"Price cannot be negative","El precio no puede ser negativo"
"Price for {0} cannot be negative","El precio de {0} no puede ser negativo"
"Price list {0} does not exist","La lista de precios {0} no existe"
"Prices include tax ({0}%): the till shows them as they are and adds nothing at the total.","Los precios incluyen impuestos ({0}%): la caja los muestra tal cual y no suma nada al total."
"Promotion","Promoción"
"Promotion Type","Tipo de promoción"
"Promotion {0} does not exist","La promoción {0} no existe"
"Quantity for {0} must be positive","La cantidad de {0} debe ser positiva"
"Quantity rewarded per application (cheapest eligible units)","Cantidad bonificada por aplicación (las unidades elegibles más baratas)"
"Quantity the customer must buy to trigger the offer","Cantidad que el cliente debe comprar para activar la oferta"
"Quick Keys","Teclas rápidas"
"Quick keys","Teclas rápidas"
"Quick keys / favourites","Teclas rápidas / favoritos"
"Quick reasons the cashier can tap when a count is short or over. The cashier can also write a reason in their own words.","Motivos rápidos que el cajero puede tocar cuando un recuento tiene un faltante o un sobrante. El cajero también puede escribir un motivo con sus propias palabras."
"Raise a Sales Order when goods go on hold, so ERPNext shows the quantity as reserved and another till cannot sell it.","Crear una Orden de venta cuando los artículos se apartan, para que ERPNext muestre la cantidad como reservada y otra caja no pueda venderla."
"Rate to company currency","Tipo de cambio a la moneda de la empresa"
"Rates fixed for this shift","Tipos de cambio fijados para este turno"
"Reason for a short or over","Motivo de un faltante o sobrante"
"Reason for the difference","Motivo de la diferencia"
"Reason shown at the till","Motivo que se muestra en la caja"
"Reasons for a short or over","Motivos de un faltante o sobrante"
"Reasons the cashier picks from when refunding an item. Add or remove freely. The till also always offers ""Other"" for a free-text reason.","Motivos entre los que elige el cajero al reembolsar un artículo. Agregue o quite libremente. La caja también ofrece siempre ""Otro"" para un motivo en texto libre."
"Receipt Config (JSON)","Configuración del ticket (JSON)"
"Receipt Custom Fields (JSON)","Campos personalizados del ticket (JSON)"
"Receipt Fields","Campos del ticket"
"Receipt footer","Pie del ticket"
"Receipt header","Encabezado del ticket"
"Receipt layout/density. Compact = tight; Standard = balanced; Detailed = spacious with a full store header + terms block.","Diseño/densidad del ticket. Compacto = ajustado. Estándar = equilibrado. Detallado = amplio, con encabezado completo de la tienda + bloque de condiciones."
"Receipt logo","Logotipo del ticket"
"Receipt template","Plantilla del ticket"
"Record sensitive actions (over-limit discounts, returns, price edits, register open/close) to the LumenPOS Audit Log.","Registra las acciones sensibles (descuentos sobre el límite, devoluciones, ediciones de precio, apertura/cierre de caja) en el Registro de auditoría de LumenPOS."
"Recorded At","Registrado el"
"Recorded By","Registrado por"
"Redeem","Canje"
"Reference Invoice","Factura de referencia"
"Reference label","Etiqueta de la referencia"
"Refund","Reembolso"
"Refund Method Rules","Reglas de formas de reembolso"
"Refund as {0}","Reembolso en {0}"
"Refunded","Reembolsado"
"Refunded without a connection: the till paid out {0}, ERPNext's figure is {1}.","Reembolsado sin conexión: la caja pagó {0}, la cifra de ERPNext es {1}."
"Refunds","Reembolsos"
"Refunds may only go back to a payment method the customer actually used on the original sale (plus Store Credit). Add rules below to allow extra refund methods per paid method.","Los reembolsos solo pueden volver a una forma de pago que el cliente usó en la venta original (además de Saldo a favor). Agregue reglas abajo para permitir formas de reembolso adicionales por cada forma de pago usada."
"Register Session","Sesión de caja"
"Register page, Retry, or wait for the next background run.","Página Caja, Reintentar, o espera la próxima ejecución en segundo plano."
"Register page, Retry. If it fails again, send this screen.","Página Caja, Reintentar. Si vuelve a fallar, envía esta pantalla."
"Register session is already closed","La sesión de caja ya está cerrada"
"Register session is not open","La sesión de caja no está abierta"
"Register still open: {0}","Caja aún abierta: {0}"
"Register {0} already has an open session ({1})","La caja {0} ya tiene una sesión abierta ({1})"
"Register {0} already has an open session ({1}).","La caja {0} ya tiene una sesión abierta ({1})."
"Register {0} has a previous shift ({1}) whose closing is still finalising or has failed. Retry that closing before opening a new shift.","La caja {0} tiene un turno anterior ({1}) cuyo cierre aún se está completando o falló. Reintente ese cierre antes de abrir un turno nuevo."
"Reprint a receipt","Reimprimir un ticket"
"Request","Solicitud"
"Request not found.","No se encontró la solicitud."
"Request only","Solo solicitud"
"Requested Discount (%)","Descuento solicitado (%)"
"Require Order ID","Exigir ID de pedido"
"Require a transaction reference","Exigir una referencia de transacción"
"Require scanning for serial numbers (block manual typing)","Exigir escanear los números de serie (bloquear la escritura manual)"
"Required","Obligatorio"
"Required asks only when a difference is larger than this, in the company currency (a drawer in another currency at its shift rate). 0 = any difference.","En modo Obligatorio se pregunta solo cuando una diferencia supera este importe, en la moneda de la empresa (una caja en otra moneda, a la tasa de su turno). 0 = cualquier diferencia."
"Requires Coupon Code","Requiere código de cupón"
"Reserve the goods on hold","Reservar los artículos apartados"
"Reset Code Hash","Hash del código de restablecimiento"
"Reset Expires","Vencimiento del restablecimiento"
"Restrict refunds to the original payment method","Limitar los reembolsos a la forma de pago original"
"Restrict till actions to staff holding a role. Leave a role blank to allow everyone. System / LumenPOS Managers always pass.","Limite las acciones de la caja al personal que tenga un rol. Deje un rol en blanco para permitirlo a todos. Los administradores del sistema y los gerentes de LumenPOS siempre tienen acceso."
"Resulting Invoice","Factura resultante"
"Retrieved","Recuperado"
"Return Invoice","Factura de devolución"
"Return Reason","Motivo de devolución"
"Return Reasons","Motivos de devolución"
"Return approval isn't required, returns are open.","No se requiere aprobación de devolución, las devoluciones son libres."
"Return past the window","Devolver fuera de plazo"
"Return policy / terms printed at the bottom of the receipt.","Política de devolución / condiciones impresas al pie del ticket."
"Return window (days)","Plazo de devolución (días)"
"Returns are allowed within {0} days, this invoice is {1} days old. Send a return approval request to continue.","Las devoluciones se permiten dentro de {0} días, esta factura tiene {1} días. Envíe una solicitud de aprobación de devolución para continuar."
"Returns without a connection","Devoluciones sin conexión"
"Returns without a connection are switched off in LumenPOS Settings. Make this return again from Sales History.","Las devoluciones sin conexión están desactivadas en la configuración de LumenPOS. Haga esta devolución de nuevo desde el historial de ventas."
"Reverse","Reversión"
"Reward","Recompensa"
"Reward Value","Valor de la recompensa"
"Reward Value must be greater than zero","El valor de la recompensa debe ser mayor que cero"
"Row {0}: Qty must be at least 1","Fila {0}: la cantidad debe ser al menos 1"
"Row {0}: bundle Qty must be at least 1","Fila {0}: la cantidad del paquete debe ser al menos 1"
"Row {0}: invalid price '{1}'","Fila {0}: precio no válido '{1}'"
"Row {0}: item '{1}' not found","Fila {0}: no se encontró el artículo '{1}'"
"Row {0}: no price for {1}","Fila {0}: no hay precio para {1}"
"Row {0}: set the {1} field","Fila {0}: complete el campo {1}"
"Row {0}: {1} is serialized, serialized items cannot be sold in bundles","Fila {0}: {1} lleva número de serie, los artículos con número de serie no se pueden vender en paquetes"
"Runs on {0}","Se aplica el día {0}"
"Sale","Venta"
"Sale or refund not recorded","Venta o reembolso sin registrar"
"Sale type","Tipo de venta"
"Sale {0} not found","No se encontró la venta {0}"
"Sales older than 3 days not in the books: {0}","Ventas de más de 3 días sin contabilizar: {0}"
"Sales, search and shift reports slow down on a large site.","Las ventas, la búsqueda y los informes de turno se vuelven lentos en un sitio grande."
"Salesperson at the till","Vendedor en la caja"
"Salesperson required","Vendedor obligatorio"
"Scan or type a serial number","Escanee o escriba un número de serie"
"See sales by salesperson","Ver ventas por vendedor"
"See the system check","Ver la revisión del sistema"
"Select a customer (or set a default customer on the POS Profile)","Seleccione un cliente (o defina un cliente predeterminado en el Perfil de PdV)"
"Select an outlet","Seleccione una sucursal"
"Select at least one item to return","Seleccione al menos un artículo para devolver"
"Select the invoice to return.","Seleccione la factura a devolver."
"Selected Customer Groups","Grupos de clientes seleccionados"
"Selected items were not found on the original sale","Los artículos seleccionados no se encontraron en la venta original"
"Sell in other currencies","Vender en otras monedas"
"Send queued sales in the background","Enviar ventas en cola en segundo plano"
"Send this screen with the Error Log entries (ERPNext, Error Log).","Envía esta pantalla con las entradas del Error Log (ERPNext, Error Log)."
"Send this screen. The jobs run again on their own.","Envía esta pantalla. Las tareas se vuelven a ejecutar solas."
"Separate per company","Separado por empresa"
"Serial numbers must be SCANNED with a barcode scanner, manual typing is rejected at the till. Turn off if a scanner is unavailable.","Los números de serie se deben ESCANEAR con un escáner de código de barras, la caja rechaza la escritura manual. Desactívelo si no hay un escáner disponible."
"Serial {0} belongs to {1}","El número de serie {0} pertenece a {1}"
"Serial {0} came back on {1}, and ERPNext holds it until the shift close books that sale","El número de serie {0} volvió en {1}, y ERPNext lo retiene hasta que el cierre del turno registre esa venta"
"Serial {0} does not exist","El número de serie {0} no existe"
"Serial {0} is already sold on {1}, which the shift close has not booked yet","El número de serie {0} ya se vendió en {1}, que el cierre del turno aún no ha registrado"
"Serial {0} is held by a sale the shift close has not booked yet","El número de serie {0} está retenido por una venta que el cierre del turno aún no ha registrado"
"Serial {0} is in {1}, not this register's warehouse","El número de serie {0} está en {1}, no en el almacén de esta caja"
"Serial {0} is not in stock ({1})","El número de serie {0} no está en existencias ({1})"
"Serial {0} is scanned twice in this sale","El número de serie {0} se escaneó dos veces en esta venta"
"Serial {0} is selected twice","El número de serie {0} está seleccionado dos veces"
"Serial {0} was already returned","El número de serie {0} ya se devolvió"
"Serial {0} was not sold on this invoice","El número de serie {0} no se vendió en esta factura"
"Service Charge Account","Cuenta de cargo por servicio"
"Service charge","Cargo por servicio"
"Service charge (%)","Cargo por servicio (%)"
"Service charge ({0}%)","Cargo por servicio ({0}%)"
"Service charge account (global fallback)","Cuenta de cargo por servicio (predeterminada global)"
"Session Totals","Totales de la sesión"
"Set a Coupon Code or untick 'Requires Coupon Code'","Defina un código de cupón o desmarque 'Requiere código de cupón'"
"Set a Service charge account for {0} in LumenPOS Settings → Company Accounts (or the global default).","Defina una cuenta de cargo por servicio para {0} en Configuración de LumenPOS → Cuentas de la empresa (o la predeterminada global)."
"Set automatically once the use limit is reached.","Se marca automáticamente al alcanzar el límite de usos."
"Set both Start Time and End Time, or neither","Defina la hora de inicio y la hora de fin, o ninguna"
"Set by the daily update: per company currency, the published rate, the rate used, when, and any error.","Lo define la actualización diaria: por moneda de la empresa, el tipo de cambio publicado, el usado, cuándo y cualquier error."
"Set up automatically, with a cash account in this currency.","Se configura automáticamente, con una cuenta de efectivo en esta moneda."
"Set up automatically: the customer a walk-in who pays in this currency is billed to.","Se configura automáticamente: el cliente al que se factura una venta de mostrador pagada en esta moneda."
"Settings are consistent","La configuración es coherente"
"Settings, General, Other currencies: fix the reason and save.","Configuración, General, Otras monedas: resuelve la causa y guarda."
"Settings, Status, Rebuild missing indexes.","Configuración, Estado, Reconstruir índices faltantes."
"Several cashiers on one outlet each need their own POS Profile on ERPNext 16.","En ERPNext 16, varios cajeros en una misma sucursal necesitan cada uno su propio Perfil de PdV."
"Shared by the group","Compartido en el grupo"
"Shift already open","Turno ya abierto"
"Shift from an earlier day","Turno de un día anterior"
"Shift {0} is still being closed ({1}): retry its close from the Register screen.","El turno {0} aún se está cerrando ({1}): reintente su cierre desde la pantalla Caja."
"Shift {0} recorded cash movements and can't be deleted. Cancel it instead.","El turno {0} registró movimientos de efectivo y no se puede eliminar. Cancélelo en su lugar."
"Shifts","Turnos"
"Shifts open for more than a day: {0}","Turnos abiertos más de un día: {0}"
"Shifts stuck in Closing: {0}","Turnos atascados en el cierre: {0}"
"Shifts with an ERPNext day past midnight still to post: {0}","Turnos que pasaron la medianoche con un día de ERPNext aún por contabilizar: {0}"
"Show a Favourites grid of one-tap items on the sell screen.","Mostrar en la pantalla de venta una cuadrícula de Favoritos con artículos de un toque."
"Show a Price check button to look up an item's price + stock without selling it.","Mostrar un botón de consulta de precio para ver el precio + existencias de un artículo sin venderlo."
"Show an Email receipt button so a copy can be sent to the customer's email.","Mostrar un botón para enviar por correo una copia del ticket al cliente."
"Show item barcode","Mostrar código de barras del artículo"
"Show item code","Mostrar código del artículo"
"Show out-of-stock items in the grid","Mostrar artículos sin existencias en la cuadrícula"
"Show payment method lines","Mostrar líneas de formas de pago"
"Show serial numbers","Mostrar números de serie"
"Show stock items that are out of stock (qty 0 or less) in the sell grid. Off = only items with stock are shown (non-stock items like services always show).","Mostrar en la cuadrícula de venta los artículos con control de existencias que están agotados (cantidad 0 o menos). Desactivado = solo se muestran artículos con existencias (los artículos sin control de existencias, como servicios, siempre se muestran)."
"Show store address","Mostrar dirección de la tienda"
"Show tax / VAT ID","Mostrar ID fiscal / de IVA"
"Show terms & conditions","Mostrar términos y condiciones"
"Show the equivalent on local sales","Mostrar el equivalente en ventas locales"
"Show the sale note","Mostrar la nota de la venta"
"Show unit price (qty × rate)","Mostrar precio unitario (cant. × precio)"
"Show what is new after an update","Mostrar las novedades después de una actualización"
"Shown on the invoice when this person approves a discount, e.g. Manager Khobar","Se muestra en la factura cuando esta persona aprueba un descuento, p. ej. Gerente Khobar"
"Sign in as Administrator to build demo data.","Inicie sesión como Administrator para crear datos de demostración."
"Simple Discount","Descuento simple"
"Single Use","Uso único"
"Slow sales logged in the last 7 days: {0}","Ventas lentas registradas en los últimos 7 días: {0}"
"Smallest first payment, as a percentage of the total. 0 = any amount.","Primer pago mínimo, como porcentaje del total. 0 = cualquier importe."
"Snapshot of the cart as JSON","Instantánea del carrito en JSON"
"Spend and Save","Gaste y ahorre"
"Spent at","Usado en"
"Stackable promotions combine with each other. Non-stackable promotions compete and only the best one applies.","Las promociones acumulables se combinan entre sí. Las no acumulables compiten y solo se aplica la mejor."
"Standard Price","Precio estándar"
"Starts","Inicio"
"Status is Active","El estado es Activo"
"Stock Settings, Auto Insert Item Price If Missing is on: a sale of an item with no price in the price list writes that sale's rate into it.","En Stock Settings, Auto Insert Item Price If Missing está activado: al vender un artículo sin precio en la lista de precios, se escribe en ella el precio de esa venta."
"Store Credit","Saldo a favor"
"Store address","Dirección de la tienda"
"Store credit balance is too low to redeem {0}","El saldo a favor es insuficiente para canjear {0}"
"Store credit balance is {0}, cannot redeem {1}","El saldo a favor es {0}, no se puede canjear {1}"
"Store credit refunds","Reembolsos a saldo a favor"
"Stuck shifts are not retried, nightly cashback, rates and settlements do not run.","Los turnos atascados no se reintentan, y no se ejecutan los procesos nocturnos de cashback, tipos de cambio y liquidaciones."
"Switch on automatic exchange rates first, and save.","Primero active los tipos de cambio automáticos y guarde."
"Taken By","Cobrado por"
"Tax ({0}%) is added on top of prices: the till shows prices before tax and adds it at the total.","El impuesto ({0}%) se suma a los precios: la caja muestra los precios sin impuestos y lo suma al total."
"Tax / VAT ID","ID fiscal / de IVA"
"Tax template {0}: some rows are included in prices and some are added on top.","Plantilla de impuestos {0}: algunas filas están incluidas en los precios y otras se suman aparte."
"Tax the outlet will add on top of the held prices at hand-over. Zero where the price list already includes it.","Impuesto que la sucursal sumará a los precios apartados en la entrega. Cero si la lista de precios ya lo incluye."
"Terms & conditions","Términos y condiciones"
"Thank you for your purchase. Your receipt {0} is attached.","Gracias por su compra. Adjuntamos su ticket {0}."
"That code has expired. Ask for a new one.","Ese código venció. Solicite uno nuevo."
"That code is not right.","Ese código no es correcto."
"That current PIN is not right.","El PIN actual no es correcto."
"That is more than the {0} still owed on this hold.","Eso es más que los {0} que aún se deben en este apartado."
"The POS Opening Entry {0} of this shift was cancelled in ERPNext, so the shift closes against its amendment {1}.","La Apertura de PdV {0} de este turno se canceló en ERPNext, así que el turno se cierra con su enmienda {1}."
"The POS sale that took this instalment, its line posts to the deposit liability account.","La venta PdV que cobró este abono, su línea se registra en la cuenta de pasivo de abonos."
"The Sales Order that reserves the goods while the hold is open.","La Orden de venta que reserva los artículos mientras el apartado está abierto."
"The approval is {0}, not approved.","La aprobación está en estado {0}, no aprobada."
"The approval's register session has closed.","La sesión de caja de esta aprobación se cerró."
"The approved discount ({0}%) is below the {1}% on this sale.","El descuento aprobado ({0}%) es menor que el {1}% de esta venta."
"The automatic rate for {0} did not update","El tipo de cambio automático de {0} no se actualizó"
"The cashback expense account must be an Expense account, and {0} is {1}","La cuenta de gasto de cashback debe ser una cuenta de gastos, y {0} es de tipo {1}"
"The cashback liability account must be a Liability account, and {0} is {1}","La cuenta de pasivo de cashback debe ser una cuenta de pasivo, y {0} es de tipo {1}"
"The cashier must enter the terminal / transfer reference before the sale can complete.","El cajero debe ingresar la referencia de la terminal / transferencia antes de que se complete la venta."
"The cashier's register has closed, this request has expired.","La caja del cajero se cerró, esta solicitud venció."
"The company that holds the balance: its liability goes down.","La empresa que tiene el saldo: su pasivo disminuye."
"The company whose outlet took the balance as payment and gave the goods.","La empresa cuya sucursal aceptó el saldo como pago y entregó los artículos."
"The cost of the cashback program. Earned cashback is debited here, and expired or returned cashback is credited back. Leave empty to create ""Cashback Expense"" under Indirect Expenses.","El costo del programa de cashback. El cashback ganado se debita aquí, y el cashback vencido o devuelto se acredita de vuelta. Déjelo vacío para crear ""Cashback Expense"" en Egresos indirectos."
"The count is short or over: write a reason before closing the register.","El recuento tiene un faltante o un sobrante: escriba un motivo antes de cerrar la caja."
"The daily summary Journal Entry that booked this row to the accounts. Empty until it is posted. Redeem rows stay empty: the sale's payment books them.","El Asiento contable de resumen diario que contabilizó esta fila. Vacío hasta que se registra. Las filas de canje quedan vacías: el pago de la venta las contabiliza."
"The file has no rows","El archivo no tiene filas"
"The goods coming back are worth more than the new ones. Choose how to refund {0}.","Los artículos devueltos valen más que los nuevos. Elija cómo reembolsar {0}."
"The item a deposit is taken on. Blank = LumenPOS creates LUMENPOS-DEPOSIT.","El artículo con el que se cobra un abono. En blanco = LumenPOS crea LUMENPOS-DEPOSIT."
"The languages a cashier can pick at the till, one ERPNext language code per line (en, ar ...). Empty = every language LumenPOS ships, including ones a later update adds. English is always offered. Set from the till: Settings, General, Languages.","Los idiomas que un cajero puede elegir en la caja, un código de idioma de ERPNext por línea (en, ar ...). Vacío = todos los idiomas que incluye LumenPOS, también los que agregue una actualización posterior. El inglés siempre está disponible. Se configura desde la caja: Configuración, General, Idiomas."
"The last rate is kept. Settings, Other currencies, Update now.","Se mantiene el último tipo de cambio. Configuración, Otras monedas, Actualizar ahora."
"The margin for {0} must be from 0 to less than 100%.","El margen de {0} debe ser de 0 a menos de 100%."
"The new items come to {0}, {1} is covered by the return, so {2} is due but {3} was entered.","Los artículos nuevos suman {0}, la devolución cubre {1}, así que se deben {2}, pero se ingresaron {3}."
"The outlet the cashback was earned at. Expire and Reverse rows keep the outlet of the Earn row they come from.","La sucursal donde se ganó el cashback. Las filas de vencimiento y de reversión conservan la sucursal de la fila de acumulación de la que vienen."
"The payment method {0} already exists, and its account for {1} ({2}) is in {3}, not {4}. Give it a {4} account, or rename it, so the {4} cash drawer can be set up.","La forma de pago {0} ya existe, y su cuenta para {1} ({2}) está en {3}, no en {4}. Asígnele una cuenta en {4}, o cámbiele el nombre, para poder configurar el cajón de efectivo en {4}."
"The promotion only applies when the cashier enters this coupon code at the till","La promoción solo se aplica cuando el cajero ingresa este código de cupón en la caja"
"The qualifying items must total at least this to earn cashback","Los artículos que califican deben sumar al menos esto para ganar cashback"
"The rate must be more than 0.","El tipo de cambio debe ser mayor que 0."
"The rates service answered: {0}","El servicio de tipos de cambio respondió: {0}"
"The rates service has no rate for {0}.","El servicio de tipos de cambio no tiene un tipo de cambio para {0}."
"The refund split adds up to {0} but the refund is {1}.","La división del reembolso suma {0}, pero el reembolso es de {1}."
"The refund split adds up to {0} but {1} is left over after the new items.","La división del reembolso suma {0}, pero quedan {1} después de los artículos nuevos."
"The sale doctype this entry came from. LumenPOS posts POS Invoices by default, but a profile can be set to post Sales Invoices instead.","El tipo de documento de venta del que viene este registro. LumenPOS registra Facturas PdV de forma predeterminada, pero un perfil se puede configurar para registrar Facturas de venta en su lugar."
"The sale this return takes back has not reached the server yet. It goes first, then this return.","La venta que devuelve esta devolución aún no ha llegado al servidor. Primero se envía la venta y luego esta devolución."
"The till has NOT been closed automatically, a close without a real cash count is worthless.","La caja NO se cerró automáticamente, un cierre sin un conteo real de efectivo no sirve."
"The till values this currency this much below the published rate, the way a shop taking it at a market rate does.","La caja valora esta moneda en esta cantidad por debajo del tipo de cambio publicado, como lo hace una tienda que la acepta a un tipo de mercado."
"Theft or loss","Robo o pérdida"
"Their sales are not in the books yet.","Sus ventas aún no están en la contabilidad."
"There is no exchange rate from {0} to {1}. Set it in LumenPOS Settings, General, Other currencies.","No hay tipo de cambio de {0} a {1}. Defínalo en Configuración de LumenPOS, General, Otras monedas."
"These items are never taken back: {0}","Estos artículos nunca se aceptan en devolución: {0}"
"These items need an approved return request: {0}","Estos artículos necesitan una solicitud de devolución aprobada: {0}"
"These items sell at the price set here while this book is active (by validity + priority). Items not listed keep their normal selling price.","Estos artículos se venden al precio definido aquí mientras este libro esté activo (según vigencia + prioridad). Los artículos no incluidos conservan su precio de venta normal."
"These items were sold together (bundle/offer) and must be returned together: {0}. Use Exchange for a partial swap.","Estos artículos se vendieron juntos (paquete/oferta) y se deben devolver juntos: {0}. Use el cambio de artículo para un intercambio parcial."
"They should run every 10 minutes. The workers may be stopped.","Deberían ejecutarse cada 10 minutos. Puede que los procesos en segundo plano estén detenidos."
"This approval is for a {0}, not a {1}.","Esta aprobación es para una solicitud de {0}, no de {1}."
"This approval was already used.","Esta aprobación ya se usó."
"This approval was issued to another cashier.","Esta aprobación se emitió para otro cajero."
"This coupon's promotion isn't available right now","La promoción de este cupón no está disponible en este momento"
"This discount is within the {0}% limit, no approval needed.","Este descuento está dentro del límite de {0}%, no necesita aprobación."
"This hold is {0}","Este apartado está en estado {0}"
"This payment method cannot be used when the cart contains a matching item.","Esta forma de pago no se puede usar cuando el carrito contiene un artículo que coincide."
"This person passes, whatever roles they hold.","Esta persona tiene acceso, sin importar sus roles."
"This register is being closed. Reopen it (or wait for the close to finish) before ringing up this sale.","Esta caja se está cerrando. Vuelva a abrirla (o espere a que termine el cierre) antes de registrar esta venta."
"This request was already {0}.","Esta solicitud ya está en estado {0}."
"This return approval is for invoice {0}.","Esta aprobación de devolución es para la factura {0}."
"This return was refunded without a connection as {0}, but ERPNext calculated {1}. Check the sale and make the return again from Sales History.","Esta devolución se reembolsó sin conexión por {0}, pero ERPNext calculó {1}. Revise la venta y haga la devolución de nuevo desde el historial de ventas."
"This role (plus managers) may return a sale past the return window WITHOUT an approval request. Blank = nobody bypasses (everyone uses the request flow).","Este rol (y los gerentes) puede devolver una venta fuera del plazo de devolución SIN solicitud de aprobación. En blanco = nadie lo omite (todos usan el flujo de solicitudes)."
"This sale was paid by {0}, so it can only be refunded to: {1}. Adjust the refund methods in LumenPOS Settings if needed.","Esta venta se pagó con {0}, así que solo se puede reembolsar a: {1}. Ajuste las formas de reembolso en Configuración de LumenPOS si es necesario."
"This sale was rung up as {0} but ERPNext calculated {1} (short by {2}). This is usually a price-list or VAT mismatch. Check that every item is priced on the active price list and that the VAT template's 'included in rate' flag matches your shelf prices (Settings → Status).","Esta venta se registró por {0}, pero ERPNext calculó {1} (faltan {2}). Suele deberse a una diferencia en la lista de precios o en el IVA. Verifique que cada artículo tenga precio en la lista de precios activa y que la opción 'incluido en el precio base' de la plantilla de IVA coincida con sus precios de estante (Configuración → Estado)."
"This sale was rung up at {0}, but the shift sells {1} at {2}. Ring it up again.","Esta venta se registró a {0}, pero el turno vende {1} a {2}. Regístrela de nuevo."
"This shift belongs to {0}. Only the cashier who opened the register can sell on it. Close that shift and open your own.","Este turno pertenece a {0}. Solo el cajero que abrió la caja puede vender en él. Cierre ese turno y abra el suyo."
"This shift was opened on {0}. ERPNext 16 accepts sales only on a shift opened today: close this shift on the Register screen and open a new one.","Este turno se abrió el {0}. ERPNext 16 solo acepta ventas en un turno abierto hoy: cierre este turno en la pantalla Caja y abra uno nuevo."
"This shop asks for at least {0}% down, which is {1}.","Esta tienda pide un abono inicial de al menos {0}%, que es {1}."
"This site already has {0} posted POS invoices, so it does not look like an empty demo site. Nothing was created.","Este sitio ya tiene {0} Facturas PdV registradas, así que no parece un sitio de demostración vacío. No se creó nada."
"This version of Lumen Reports does not include the LumenPOS dashboard yet. Update Lumen Reports, then try again.","Esta versión de Lumen Reports aún no incluye el panel de LumenPOS. Actualice Lumen Reports e intente de nuevo."
"Tick to EXCLUDE these products instead of including them (e.g. all products except this brand)","Marque para EXCLUIR estos productos en lugar de incluirlos (p. ej. todos los productos excepto esta marca)"
"Times Used","Veces usado"
"To let customers pay with loyalty points, tick 'Allow Partial Payment' on the POS Profile {0}. This version of ERPNext counts only cash and card towards the total, so it rejects a sale that is part points even though the sale is fully settled. LumenPOS still checks every sale adds up before it posts.","Para que los clientes paguen con puntos de lealtad, marque 'Permitir pago parcial' en el Perfil de PdV {0}. Esta versión de ERPNext solo cuenta efectivo y tarjeta para el total, así que rechaza una venta pagada en parte con puntos aunque esté totalmente saldada. LumenPOS igual verifica que cada venta cuadre antes de registrarla."
"Too many attempts, wait a minute and try again.","Demasiados intentos, espere un minuto e intente de nuevo."
"Too many attempts, wait a moment and try again.","Demasiados intentos, espere un momento e intente de nuevo."
"Total Discounts","Total de descuentos"
"Total Sales","Total de ventas"
"Turn till features on or off. Each control is independent.","Active o desactive funciones de la caja. Cada control es independiente."
"Unknown delivery app {0}. Add it in LumenPOS Settings","App de entregas desconocida: {0}. Agréguela en Configuración de LumenPOS"
"Unknown item {0}","Artículo desconocido: {0}"
"Unknown request type {0}","Tipo de solicitud desconocido: {0}"
"Unlocked by {0}","Desbloqueado por {0}"
"Update exchange rates automatically","Actualizar los tipos de cambio automáticamente"
"Usable After (days)","Utilizable después de (días)"
"Usable From","Utilizable desde"
"Use Limit","Límite de usos"
"Used At","Fecha de uso"
"Used On (Invoice)","Usado en (factura)"
"Used when the outlet has no shift schedule.","Se usa cuando la sucursal no tiene horario de turnos."
"Users holding this role (plus LumenPOS/System Managers) can approve discount AND return requests. Requests can only be approved while the cashier's register is still open.","Los usuarios con este rol (y los gerentes de LumenPOS y administradores del sistema) pueden aprobar solicitudes de descuento Y de devolución. Las solicitudes solo se pueden aprobar mientras la caja del cajero siga abierta."
"Usually fine. If something stops working after an ERPNext update, send this screen.","Normalmente no hay problema. Si algo deja de funcionar tras una actualización de ERPNext, envía esta pantalla."
"Valid For (days)","Válido por (días)"
"Valid To","Válido hasta"
"Valid To cannot be before Valid From","Válido hasta no puede ser anterior a Válido desde"
"Valid Until","Válido hasta"
"Variance threshold","Umbral de diferencia"
"Walk-in customer","Cliente de mostrador"
"Warn about locked accounting periods","Avisar de períodos contables bloqueados"
"Warn when offline sales are not protected","Avisar cuando las ventas sin conexión no estén protegidas"
"What is being approved","Qué se aprueba"
"What the company owes customers in unspent cashback. Earned cashback is credited here and spent cashback is debited. Leave empty to create ""Cashback"" under Current Liabilities.","Lo que la empresa debe a los clientes en cashback sin usar. El cashback ganado se acredita aquí y el cashback usado se debita. Déjelo vacío para crear ""Cashback"" en Pasivo circulante."
"What the customer pays in the end, tax and all.","Lo que el cliente paga al final, con impuestos incluidos."
"What this rule refuses to take back.","Lo que esta regla no acepta en devolución."
"What to call it at the till, e.g. ""Approval code"" or ""Transfer no."". Defaults to ""Reference"".","Cómo llamarlo en la caja, p. ej. ""Código de aprobación"" o ""N.º de transferencia"". Por defecto: ""Referencia""."
"When a counted drawer is short or over at the close. Optional (the default): the cashier may give a reason and say what was done. Required: the register does not close without a reason, checked on the server too. Off: the till does not ask. Set from the till: Settings, General, Register and shifts.","Cuando el recuento de una caja tiene un faltante o un sobrante al cierre. Opcional (por defecto): el cajero puede indicar un motivo y qué se hizo. Obligatorio: la caja no se cierra sin un motivo, también se comprueba en el servidor. Desactivado: la caja no pregunta. Se configura desde la caja: Configuración, General, Caja y turnos."
"When an ERPNext Accounting Period locks Sales Invoices today, the till says so as a shift opens (the close posts the shift's sales as a Sales Invoice, so it would fail), and a close it stopped names the period and how to unlock it. The system check lists such periods either way. Set from the till: Settings, General, Register and shifts.","Cuando un Período Contable de ERPNext bloquea las Facturas de Venta hoy, la caja lo avisa al abrir un turno (el cierre registra las ventas del turno como una Factura de Venta, así que fallaría), y un cierre que impidió indica el período y cómo desbloquearlo. La revisión del sistema muestra esos períodos en cualquier caso. Se configura desde la caja: Configuración, General, Caja y turnos."
"When several price books apply, the highest priority wins","Cuando aplican varios libros de precios, gana el de mayor prioridad"
"Where it applies","Dónde se aplica"
"Which price the discount is calculated from. Price Book Price stacks on an active price book. Standard Price discounts from the regular price and gives the customer the lower of the two (never stacks with a price book).","Sobre qué precio se calcula el descuento. Precio del libro de precios se acumula sobre un libro de precios activo. Precio estándar descuenta del precio normal y da al cliente el menor de los dos (nunca se acumula con un libro de precios)."
"Which sale is being exchanged?","¿Qué venta se está cambiando?"
"Who can do what","Quién puede hacer qué"
"Who may do what at the till. A capability with no row here is open to everyone (except returning past the window, which stays closed unless named). Managers always pass.","Quién puede hacer qué en la caja. Una capacidad sin fila aquí está abierta a todos (excepto devolver fuera de plazo, que sigue cerrada si no se nombra a nadie). Los gerentes siempre tienen acceso."
"Wrong approver passcode for the {0}% discount.","Clave de autorizador incorrecta para el descuento de {0}%."
"Wrong change given","Cambio mal entregado"
"X-report (mid-shift read)","Informe X (lectura a mitad de turno)"
"You are not allowed to approve requests.","No tiene permiso para aprobar solicitudes."
"You are not allowed to close a register","No tiene permiso para cerrar una caja"
"You are not allowed to exchange goods","No tiene permiso para cambiar artículos"
"You are not allowed to hold goods for a customer","No tiene permiso para apartar artículos para un cliente"
"You are not allowed to open a register","No tiene permiso para abrir una caja"
"You are not allowed to put money in or take it out","No tiene permiso para ingresar ni retirar dinero"
"You are not allowed to reprint a receipt","No tiene permiso para reimprimir un ticket"
"You are not assigned to outlet {0}. Ask an administrator to add you under Applicable for Users.","No está asignado a la sucursal {0}. Pida a un administrador que lo agregue en Aplicable para Usuarios."
"You are not permitted to close a register","No tiene permiso para cerrar una caja"
"You are not permitted to make sales","No tiene permiso para hacer ventas"
"You are not permitted to open a register","No tiene permiso para abrir una caja"
"You are not permitted to view customers.","No tiene permiso para ver clientes."
"You are not permitted to work with {0}","No tiene permiso para trabajar con {0}"
"You are not permitted to {0} {1}.","No tiene el permiso ({0}) sobre {1}."
"You can only manage your own register","Solo puede gestionar su propia caja"
"You can't approve your own request, another approver must.","No puede aprobar su propia solicitud, debe hacerlo otro autorizador."
"You cannot see {0}'s figures","No puede ver las cifras de {0}"
"You do not have access to the POS. Ask an administrator to grant you the LumenPOS Cashier role (or POS Invoice access).","No tiene acceso al PdV. Pida a un administrador que le asigne el rol Cajero de LumenPOS (o acceso a Factura PdV)."
"You're not allowed to change prices at this outlet ({0} costs {1}).","No tiene permiso para cambiar precios en esta sucursal ({0} cuesta {1})."
"You're not allowed to edit prices or apply discounts on a sale.","No tiene permiso para editar precios ni aplicar descuentos en una venta."
"You're not allowed to make returns.","No tiene permiso para hacer devoluciones."
"You're not allowed to see sales by salesperson.","No tienes permiso para ver las ventas por vendedor."
"You're not allowed to see the system check.","No tienes permiso para ver la revisión del sistema."
"You're not allowed to see {0}.","No tienes permiso para ver {0}."
"Your LumenPOS PIN reset code","Su código para restablecer el PIN de LumenPOS"
"Your VAT / tax registration number.","Su número de registro fiscal / de IVA."
"Your receipt from {0}, {1}","Su ticket de {0}, {1}"
"Your user has no email address. Ask an administrator to reset your PIN.","Su usuario no tiene correo electrónico. Pida a un administrador que restablezca su PIN."
"its warehouse belongs to another company","su almacén pertenece a otra empresa"
"late return approved by {0}","devolución tardía aprobada por {0}"
"made without a connection","hecho sin conexión"
"no payment methods","sin formas de pago"
"no price list","sin lista de precios"
"no reason recorded","sin motivo registrado"
"no warehouse","sin almacén"
"not scheduled","no programado"
"the close has not finished","el cierre no ha terminado"
"the till paid out {0}","la caja pagó {0}"
"transaction reference","referencia de transacción"
"{0} '{1}' does not exist. Pick it from the dropdown list","{0} '{1}' no existe. Elíjalo de la lista desplegable"
"{0} ({1}): {2} to {3}, locks {4}","{0} ({1}): del {2} al {3}, bloquea {4}"
"{0} are in {1} only, and this customer buys in {2}.","{0} solo se manejan en {1}, y este cliente compra en {2}."
"{0} can't be used for this sale ({1}). Choose another payment method.","{0} no se puede usar en esta venta ({1}). Elija otra forma de pago."
"{0} can't be used to refund this sale. Allowed: {1}.","{0} no se puede usar para reembolsar esta venta. Permitidas: {1}."
"{0} cannot be returned","{0} no se puede devolver"
"{0} does not let prices be changed at the till. Tick Allow User to Edit Rate on its POS Profile to allow it.","{0} no permite cambiar precios en caja. Marque ""Permitir al usuario editar la tarifa"" en su Perfil de PdV para permitirlo."
"{0} has NO price on price list '{1}', a percentage of 0 is 0","{0} NO tiene precio en la lista de precios '{1}', un porcentaje de 0 es 0"
"{0} has shift {1} open since {2}: close it first.","{0} tiene el turno {1} abierto desde {2}: ciérrelo primero."
"{0} is billed in {1}, but this till sells in {2}. Switch on Other currencies in LumenPOS Settings, choose another customer, or clear the customer's Billing Currency in ERPNext (Customer, Currency and Price List).","{0} se factura en {1}, pero esta caja vende en {2}. Active Otras monedas en Configuración de LumenPOS, elija otro cliente o borre la Moneda de facturación del cliente en ERPNext (Cliente, Divisa y listas de precios)."
"{0} is billed in {1}, which this till does not sell in. Add {1} in LumenPOS Settings, General, Other currencies, or change the customer's Billing Currency.","{0} se factura en {1}, moneda en la que esta caja no vende. Agregue {1} en Configuración de LumenPOS, General, Otras monedas, o cambie la Moneda de facturación del cliente."
"{0} is kept by LumenPOS for gift cards and hold deposits and cannot be sold as a product.","{0} lo reserva LumenPOS para tarjetas de regalo y abonos de apartados, y no se puede vender como producto."
"{0} is not a field of the customer form","{0} no es un campo del formulario de cliente"
"{0} is not an active salesperson.","{0} no es un vendedor activo."
"{0} is serialized, quantity must be a whole number","{0} lleva número de serie, la cantidad debe ser un número entero"
"{0} is serialized: scan {1} serial number(s), got {2}","{0} lleva número de serie: escanee {1} número(s) de serie, se recibieron {2}"
"{0} is serialized: select {1} serial number(s) to return, got {2}","{0} lleva número de serie: seleccione {1} número(s) de serie para devolver, se recibieron {2}"
"{0} issued by {1} and spent at {2}","{0} emitido por {1} y usado en {2}"
"{0} needs a {1} before this sale can be completed.","{0} requiere {1} antes de poder completar esta venta."
"{0} sales · takings {1}","{0} ventas · recaudación {1}"
"{0} takes {1} only, and this sale is in {2}.","{0} solo acepta {1}, y esta venta es en {2}."
"{0} was sold by {1}, but this till belongs to {2}. A return must be processed by a till in the same company.","{0} la vendió {1}, pero esta caja pertenece a {2}. La devolución debe hacerla una caja de la misma empresa."
"{0}% discount cleared by approved request {1}","Descuento de {0}% autorizado por la solicitud aprobada {1}"
"{0}% discount cleared by passcode","Descuento de {0}% autorizado con clave"
"{0}, Create Ledger Entries for Change Amount: on. Saving LumenPOS Settings turns it on.","En {0}, activa Create Ledger Entries for Change Amount. Al guardar la configuración de LumenPOS se activa."
"{0}: price changed from {1} to {2}","{0}: precio cambiado de {1} a {2}"
"“{0}” is a base selling price list, editing it here would change your normal selling prices. Create a dedicated price list for this book/app instead.","“{0}” es una lista de precios de venta base, editarla aquí cambiaría sus precios de venta normales. Cree en su lugar una lista de precios dedicada para este libro/app."
