"(no recorded payment)","(پرداختی ثبت نشده)"
"0 = unlimited repeats per sale","0 = تکرار نامحدود در هر فروش"
"0 = usable immediately. Otherwise it becomes spendable this many days after the sale.","0 = بلافاصله قابل استفاده. در غیر این صورت، این تعداد روز پس از فروش قابل خرج می‌شود."
"<p>Your PIN reset code is <b>{0}</b>.</p><p>It expires in {1} minutes. If you didn't ask for this, ignore this email, your current PIN still works.</p>","<p>کد بازنشانی PIN شما <b>{0}</b> است.</p><p>این کد تا {1} دقیقه دیگر منقضی می‌شود. اگر شما آن را درخواست نکرده‌اید، این ایمیل را نادیده بگیرید، PIN فعلی شما همچنان کار می‌کند.</p>"
"A PIN must be 4 to 8 digits.","PIN باید 4 تا 8 رقم باشد."
"A built-in field of the form (mobile_no, email_id, tax_id, building_no, street, district, city, postal_code, additional_no) or any field of Customer.","یک فیلد داخلی فرم (mobile_no، email_id، tax_id، building_no، street، district، city، postal_code، additional_no) یا هر فیلدی از مشتری."
"A bundle needs specific product rows, not 'all products'","بسته به ردیف‌های محصول مشخص نیاز دارد، نه 'همه محصولات'"
"A check could not run","یکی از بررسی‌ها اجرا نشد"
"A credit limit cannot be negative.","محدودیت اعتبار نمی‌تواند منفی باشد."
"A customer billed in another currency (Customer, Currency and Price List) buys in it: prices, payment and receipt in that currency, at a rate fixed for the shift. Off: such a customer is refused.","مشتری‌ای که صورت‌حسابش به ارز دیگری است (مشتری، ارز و لیست قیمت) با همان ارز خرید می‌کند: قیمت‌ها، پرداخت و رسید به همان ارز، با نرخی که برای شیفت ثابت است. خاموش: چنین مشتری‌ای پذیرفته نمی‌شود."
"A customer takes the goods now and pays later. The part not paid is paid with the ""Credit Sale"" payment method, and the till books the debt on the customer at once with a Journal Entry, so it shows on their account in ERPNext and can be paid at the till or in ERPNext. LumenPOS makes the payment method and its clearing account itself. Who may sell on account is set in Approvals and access, Permissions.","مشتری کالا را اکنون می‌برد و بعدا پرداخت می‌کند. برای بخش پرداخت‌نشده از روش پرداخت ""Credit Sale"" استفاده می‌شود و صندوق بدهی را بلافاصله با یک ثبت در دفتر روزنامه به نام مشتری ثبت می‌کند، تا در حساب او در ERPNext دیده شود و بتوان آن را در صندوق یا در ERPNext پرداخت کرد. LumenPOS روش پرداخت و حساب واسط آن را خودش می‌سازد. اینکه چه کسی می‌تواند نسیه بفروشد در تأییدها و دسترسی، مجوزها تنظیم می‌شود."
"A customer's payment was taken after the closing screen was loaded. Refresh the closing screen, re-check the counts, then close again.","پس از بارگذاری صفحه بستن، پرداخت یک مشتری دریافت شد. صفحه بستن را بازخوانی کنید، شمارش‌ها را دوباره بررسی کنید و سپس دوباره ببندید."
"A gift card cannot be put on account.","کارت هدیه را نمی‌توان نسیه ثبت کرد."
"A gift card cannot pay for a gift card","با کارت هدیه نمی‌توان کارت هدیه خرید"
"A hold cannot be put on account.","رزرو را نمی‌توان نسیه ثبت کرد."
"A hold needs a customer, so the shop knows whose goods these are","رزرو به مشتری نیاز دارد تا فروشگاه بداند این کالاها متعلق به کیست"
"A label for the batch this code was generated/imported in.","برچسبی برای دسته‌ای که این کد در آن ایجاد یا وارد شده است."
"A manual discount of {0}% exceeds the {1}% limit, approver passcode required","تخفیف دستی {0}% از سقف {1}% بیشتر است، رمز تأیید تأییدکننده لازم است"
"A manual discount of {0}% exceeds the {1}% limit. Enter the manager passcode or send an approval request.","تخفیف دستی {0}% از سقف {1}% بیشتر است. رمز تأیید مدیر را وارد کنید یا درخواست تأیید بفرستید."
"A manual discount of {0}% exceeds the {1}% limit. Send an approval request.","تخفیف دستی {0}% از سقف {1}% بیشتر است. درخواست تأیید بفرستید."
"A payment cannot be negative.","پرداخت نمی‌تواند منفی باشد."
"A payment of what is owed is taken in {0}, with a payment method on a {0} account.","پرداخت بدهی به {0} دریافت می‌شود، با روش پرداختی که حسابش به {0} است."
"A percentage of the qualifying items, or a fixed amount","درصدی از مبلغ کالاهای واجد شرایط، یا مبلغی ثابت"
"A price cannot be below zero.","قیمت نمی‌تواند کمتر از صفر باشد."
"A reason the cashier can pick when a counted drawer is short or over at the close (shown at the till).","دلیلی که صندوقدار می‌تواند هنگام کسری یا اضافه در شمارش کشوی صندوق انتخاب کند (در صندوق نمایش داده می‌شود)."
"A reason the cashier can pick when refunding an item (shown at the till).","دلیلی که صندوقدار هنگام استرداد وجه یک کالا می‌تواند انتخاب کند (در صندوق نمایش داده می‌شود)."
"A refund does not go back onto a gift card or cashback. Refund that part as store credit.","استرداد وجه به کارت هدیه یا کش‌بک برنمی‌گردد. آن بخش را به‌صورت اعتبار فروشگاه مسترد کنید."
"A register closed with a counted difference over the alert threshold.","صندوقی با مغایرت شمارش بیش از آستانه هشدار بسته شد."
"A register is still open well past the end of its shift.","صندوقی مدت‌ها پس از پایان شیفتش هنوز باز است."
"A reusable timetable, one schedule can serve many outlets.","یک جدول زمانی قابل استفاده دوباره، یک برنامه می‌تواند برای چند شعبه به کار رود."
"A sale on account is made in {0}, the company's currency.","فروش نسیه به {0}، ارز شرکت، انجام می‌شود."
"A sale on account needs a connection to refund.","استرداد وجه فروش نسیه به اتصال اینترنت نیاز دارد."
"A sale on account needs a connection.","فروش نسیه به اتصال اینترنت نیاز دارد."
"A sale that took longer than usual is written to the Error Log with its timings.","فروشی که بیش از حد معمول طول کشیده، همراه با زمان‌های آن در Error Log ثبت می‌شود."
"A salesperson is required but none exists","فروشنده الزامی است، اما هیچ فروشنده‌ای وجود ندارد"
"A shift belongs to","شیفت متعلق است به"
"A shift close held the posting lock, so {0} will be posted with the shift.","بستن یک شیفت قفل ثبت را در اختیار داشت، پس {0} همراه با شیفت ثبت می‌شود."
"A shift left open holds its sales out of the books, and on ERPNext 16 can block its outlet.","شیفتی که باز بماند، فروش‌هایش را خارج از دفاتر حسابداری نگه می‌دارد و در ERPNext 16 ممکن است شعبه‌اش را مسدود کند."
"A statistics page for managers. With the Lumen Reports app installed it embeds a ready-made POS sales dashboard, otherwise it suggests installing it.","یک صفحه آمار برای مدیران. با نصب اپلیکیشن Lumen Reports یک داشبورد آماده فروش POS در آن نمایش داده می‌شود، در غیر این صورت نصب آن را پیشنهاد می‌کند."
"Absolute difference (over or short) on any payment method that triggers the email.","مغایرت مطلق (اضافه یا کسری) در هر روش پرداخت که باعث ارسال ایمیل می‌شود."
"Account {0} belongs to {1}, not {2}","حساب {0} متعلق به {1} است، نه {2}"
"Account {0} does not belong to {1}","حساب {0} متعلق به {1} نیست"
"Account {0} is a group account. Pick an account under it","حساب {0} یک حساب گروه است. یک حساب زیرمجموعه آن را انتخاب کنید"
"Account {0} is a {1} account, which cashback cannot post to","حساب {0} از نوع {1} است و کش‌بک نمی‌تواند در آن ثبت شود"
"Account {0} is a {1} account, which needs a party on every line","حساب {0} از نوع {1} است که در هر ردیف به طرف حساب نیاز دارد"
"Account {0} is disabled","حساب {0} غیرفعال است"
"Account {0} must be an Asset account, and it is {1}","حساب {0} باید از نوع دارایی باشد، اما {1} است"
"Accounting periods locking sales today: {0}","دوره‌های حسابداری که امروز فروش را قفل کرده‌اند: {0}"
"Accounting periods that will lock sales: {0}","دوره‌های حسابداری که فروش را قفل خواهند کرد: {0}"
"Action taken","اقدام انجام‌شده"
"Add a Sales Person in ERPNext, or set Salesperson at the till to Optional.","در ERPNext یک Sales Person اضافه کنید، یا گزینه فروشنده در صندوق را روی اختیاری بگذارید."
"Add a service charge to every sale (e.g. restaurants / salons).","افزودن هزینه خدمات به هر فروش (مثلا رستوران‌ها / سالن‌ها)."
"Add at least one item the customer is taking instead","دست‌کم یک کالا که مشتری به جای آن می‌برد اضافه کنید"
"Add at least one item to the test basket","دست‌کم یک کالا به سبد آزمایشی اضافه کنید"
"Add at least one product row or tick 'Apply on all products'","دست‌کم یک ردیف محصول اضافه کنید یا 'اعمال روی همه محصولات' را تیک بزنید"
"Add the goods being held","کالاهای رزروشده را اضافه کنید"
"Add the items that make up the bundle","کالاهای تشکیل‌دهنده بسته را اضافه کنید"
"After this date the shop may cancel the hold. Nothing happens automatically.","پس از این تاریخ، فروشگاه می‌تواند رزرو را لغو کند. هیچ کاری به‌طور خودکار انجام نمی‌شود."
"Alert only, a till is never closed automatically, because a close without a real cash count produces figures nobody can trust.","فقط هشدار، صندوق هرگز به‌طور خودکار بسته نمی‌شود، چون بستن بدون شمارش واقعی پول ارقامی می‌سازد که هیچ‌کس نمی‌تواند به آن‌ها اعتماد کند."
"All Customers","همه مشتریان"
"Allocated Price","قیمت تخصیصی"
"Allocated prices add up to {0}, but the Bundle Price is {1}, they must match exactly","جمع قیمت‌های تخصیصی {0} است، اما قیمت بسته {1} است، باید دقیقا برابر باشند"
"Allow a refund to be parked on the customer's Store Credit instead of handing money back. Turn OFF if shop policy is money-back only. Note: credit the customer actually SPENT on that sale can always be returned to credit (capped at what they spent), otherwise a credit-paid sale would have no refund method at all.","اجازه می‌دهد وجه مسترد به جای پرداخت پول، به اعتبار فروشگاه مشتری منتقل شود. اگر سیاست فروشگاه فقط بازگرداندن پول است، خاموش کنید. توجه: اعتباری که مشتری واقعا در آن فروش خرج کرده همیشه می‌تواند به اعتبار برگردد (تا سقف همان مبلغی که خرج کرده)، وگرنه فروشی که با اعتبار پرداخت شده هیچ روشی برای استرداد وجه نخواهد داشت."
"Allow a single discount on the whole cart (subject to the discount limit + edit-price role).","اجازه یک تخفیف واحد روی کل سبد (تابع سقف تخفیف + نقش ویرایش قیمت)."
"Allow printing an X-report (mid-shift drawer read) without closing the register.","اجازه چاپ گزارش X (خوانش کشوی پول در میان شیفت) بدون بستن صندوق."
"Allow refund as","اجازه استرداد با"
"Allow refunding to Store Credit","اجازه استرداد به اعتبار فروشگاه"
"Allow refunding to this mode","اجازه استرداد با این روش"
"Always positive. Earn adds, the rest remove.","همیشه مثبت. کسب اضافه می‌کند و بقیه کم می‌کنند."
"Always positive; Issue adds to the balance, Redeem subtracts","همیشه مثبت. صدور به مانده اضافه می‌کند و خرج از آن کم می‌کند"
"Amount must be positive, use Entry Type to add or subtract","مبلغ باید مثبت باشد، برای افزودن یا کم کردن از نوع ثبت استفاده کنید"
"An accounting period is meant to lock a month that is over. In ERPNext, Accounting Period: delete one made ahead of time (ERPNext 15 and 16 do not let anyone edit a period that has not ended), or untick Sales Invoice and Journal Entry in it.","دوره حسابداری برای قفل کردن ماهی است که تمام شده. در ERPNext، دوره حسابرسی: دوره‌ای را که از پیش ساخته شده حذف کنید (ERPNext 15 و 16 اجازه ویرایش دوره‌ای را که تمام نشده نمی‌دهند)، یا تیک فاکتور فروش و ثبت در دفتر روزنامه را در آن بردارید."
"An approved request can still return it","با درخواست تأییدشده همچنان قابل مرجوعی است"
"An end time EARLIER than (or equal to) the start means the shift crosses midnight.","زمان پایان زودتر از (یا برابر با) زمان شروع یعنی شیفت از نیمه‌شب می‌گذرد."
"An exchange cannot be put on account.","تعویض را نمی‌توان نسیه ثبت کرد."
"An item tag (the tags you add to items in ERPNext)","یک برچسب کالا (برچسب‌هایی که در ERPNext به کالاها اضافه می‌کنید)"
"Any named customer","هر مشتری ثبت‌شده"
"Anyone holding this role passes. Leave blank to name a single person instead.","هر کسی که این نقش را دارد مجاز است. برای تعیین یک شخص به جای آن، خالی بگذارید."
"Applies to this group AND everything under it.","روی این گروه و همه زیرمجموعه‌های آن اعمال می‌شود."
"Apply on all products","اعمال روی همه محصولات"
"Approver Name","نام تأییدکننده"
"Approver Role (for requests)","نقش تأییدکننده (برای درخواست‌ها)"
"Ask for a reason above","پرسیدن دلیل بالاتر از"
"Ask for a reset code first.","ابتدا کد بازنشانی درخواست کنید."
"Asset account for what other companies of the group owe this one for customer balances spent here. Created automatically when empty.","حساب دارایی برای آنچه شرکت‌های دیگر گروه بابت مانده مشتریانی که اینجا خرج شده به این شرکت بدهکارند. اگر خالی باشد خودکار ساخته می‌شود."
"At least one payment is required","دست‌کم یک پرداخت لازم است"
"Audit log","گزارش ممیزی"
"Auto-lock after (minutes)","قفل خودکار پس از (دقیقه)"
"Auto-lock after this many minutes of inactivity (0 = manual lock only).","قفل خودکار پس از این تعداد دقیقه عدم فعالیت (0 = فقط قفل دستی)."
"Automatic rate status","وضعیت نرخ خودکار"
"Background jobs are switched off on this site","کارهای پس‌زمینه در این سایت خاموش است"
"Basket Discount Type","نوع تخفیف سبد"
"Basket Discount Value","مقدار تخفیف سبد"
"Basket Discount Value must be greater than zero","مقدار تخفیف سبد باید بیشتر از صفر باشد"
"Block regular returns after the return window below. Past the window, the cashier can send a return-approval request that an Approver Role holder approves while the register is open.","مرجوعی‌های عادی پس از مهلت مرجوعی زیر مسدود می‌شوند. پس از مهلت، صندوقدار می‌تواند درخواست تأیید مرجوعی بفرستد که دارنده نقش تأییدکننده تا وقتی صندوق باز است آن را تأیید می‌کند."
"Blocked Mode of Payment","روش پرداخت مسدود"
"Bundle Price","قیمت بسته"
"Bundle Price must be greater than zero","قیمت بسته باید بیشتر از صفر باشد"
"Bundle Price only: units of this product required per bundle","فقط برای قیمت بسته: تعداد واحد این محصول که برای هر بسته لازم است"
"Bundle {0} does not exist","بسته {0} وجود ندارد"
"Bundle {0} is inactive","بسته {0} غیرفعال است"
"Bundle {0} is incomplete, it needs exactly: {1}","بسته {0} ناقص است، دقیقا این‌ها را لازم دارد: {1}"
"Bundle {0} is not offered at {1}","بسته {0} در {1} ارائه نمی‌شود"
"Bundle {0} is not valid today","بسته {0} امروز معتبر نیست"
"Buy Quantity","تعداد خرید"
"Buy Quantity must be at least 1","تعداد خرید باید دست‌کم 1 باشد"
"Buy X Get Y","X بخر، Y بگیر"
"Cache only in-stock items for offline use","فقط کالاهای موجود برای استفاده آفلاین ذخیره شوند"
"Calculate discount on","محاسبه تخفیف بر اساس"
"Can","مجاز به"
"Can combine with other cashback rules","قابل ترکیب با سایر قوانین کش‌بک"
"Can combine with other promotions","قابل ترکیب با سایر پیشنهادهای ویژه"
"Cap on the cashback from one sale (0 = no cap). Applies to a percentage.","سقف کش‌بک از یک فروش (0 = بدون سقف). برای حالت درصدی اعمال می‌شود."
"Card Number","شماره کارت"
"Card or transfer counted as cash","کارت یا انتقال به‌عنوان نقد شمرده شد"
"Cart JSON","JSON سبد خرید"
"Cart Total","جمع سبد"
"Cart is empty","سبد خرید خالی است"
"Cart lines / invoice summary captured when the request was raised.","ردیف‌های سبد / خلاصه فاکتور که هنگام ثبت درخواست ذخیره شده است."
"Cash Float","نقد اولیه صندوق"
"Cash In","واریز نقد"
"Cash In / Out","واریز / برداشت نقد"
"Cash Movements","جابجایی‌های نقد"
"Cash Out","برداشت نقد"
"Cash in / out","واریز / برداشت نقد"
"Cash in this currency","نقد به این ارز"
"Cash paid out without a record","پرداخت نقدی بدون ثبت"
"Cash variance on {0} ({1})","مغایرت نقد در {0} ({1})"
"Cashback","کش‌بک"
"Cashback Expense Account","حساب هزینه کش‌بک"
"Cashback Liability Account","حساب بدهی کش‌بک"
"Cashback Rule","قانون کش‌بک"
"Cashback Type","نوع کش‌بک"
"Cashback balance is too low to redeem {0}","مانده کش‌بک برای خرج کردن {0} کافی نیست"
"Cashback balance is {0}, cannot redeem {1}","مانده کش‌بک {0} است، نمی‌توان {1} خرج کرد"
"Cashier Name","نام صندوقدار"
"Change at this outlet comes from {0}, which is in {1}: a sale in {2} cannot give change from it. Take the exact amount, or set the outlet's Account for Change Amount (POS Profile) to an account in {3}.","بقیه پول در این شعبه از {0} پرداخت می‌شود که به {1} است: فروش به {2} نمی‌تواند از آن بقیه پول بدهد. مبلغ دقیق را دریافت کنید، یا حساب بقیه پول شعبه (نمایه POS) را روی حسابی به {3} تنظیم کنید."
"Change given in another currency cannot reach the books","بقیه پولی که به ارز دیگری داده می‌شود، به دفاتر حسابداری نمی‌رسد"
"Change given in this currency","بقیه پول به این ارز داده می‌شود"
"Check the site's background workers (on Frappe Cloud, the bench's Jobs).","فرایندهای پس‌زمینه سایت را بررسی کنید (در Frappe Cloud، بخش Jobs در bench)."
"Choose exactly what each receipt shows.","دقیقا تعیین کنید هر رسید چه چیزی نشان دهد."
"Choose the company this program belongs to","شرکتی را که این برنامه متعلق به آن است انتخاب کنید"
"Choose the customer: a sale on account needs a named customer, not the walk-in customer.","مشتری را انتخاب کنید: فروش نسیه به مشتری ثبت‌شده نیاز دارد، نه مشتری گذری."
"Choose the sale to take back","فروشی را که باید مرجوع شود انتخاب کنید"
"Choose the {0} this rule applies to","{0} را که این قانون روی آن اعمال می‌شود انتخاب کنید"
"Close the register","بستن صندوق"
"Close the shifts they belong to. A shift stuck in Closing shows above.","شیفت‌هایی را که این فروش‌ها به آن‌ها تعلق دارند ببندید. شیفتی که در مرحله بستن گیر کرده، بالاتر نشان داده می‌شود."
"Close them from the Register page (a manager can close anyone's).","آن‌ها را از صفحه صندوق ببندید (مدیر می‌تواند شیفت هر کسی را ببندد)."
"Close them in ERPNext (POS Closing Entry) or cancel them if they hold no sales.","آن‌ها را در ERPNext ببندید (POS Closing Entry) یا اگر فروشی ندارند لغوشان کنید."
"Close your open shift first: {0}. This shop allows one open shift per person at a time.","ابتدا شیفت باز خود را ببندید: {0}. این فروشگاه برای هر نفر در هر زمان فقط یک شیفت باز مجاز می‌داند."
"Closed At","زمان بستن"
"Closed by","بسته‌شده توسط"
"Closing Attempts","تلاش‌های بستن"
"Closing Counts","شمارش‌های بستن"
"Closing Error","خطای بستن"
"Closing Note","یادداشت بستن"
"Closing Started At","زمان شروع بستن"
"Closing Status","وضعیت بستن"
"Closing figures out of date","ارقام بستن قدیمی است"
"Compact","فشرده"
"Companies of the group","شرکت‌های گروه"
"Company Accounts","حساب‌های شرکت"
"Company customers","مشتریان شرکتی"
"Complete the outlet's POS Profile in ERPNext.","POS Profile شعبه را در ERPNext کامل کنید."
"Consolidation","تلفیق"
"Consolidation Error","خطای تلفیق"
"Consolidation failed","تلفیق ناموفق بود"
"Could not reach printer at {0}:{1} ({2})","دسترسی به چاپگر در {0}:{1} ممکن نشد ({2})"
"Counted","شمارش شده"
"Counting mistake","اشتباه در شمارش"
"Coupon","کوپن"
"Coupon code {0} is already used by {1}","کد کوپن {0} قبلا توسط {1} استفاده شده است"
"Create a POS Profile in ERPNext.","در ERPNext یک POS Profile بسازید."
"Currencies the till sells in","ارزهایی که صندوق با آن‌ها می‌فروشد"
"Currency {0} is not set up","ارز {0} راه‌اندازی نشده است"
"Custom Fields (JSON)","فیلدهای سفارشی (JSON)"
"Customer Eligibility","مشتریان واجد شرایط"
"Customer balances across companies","مانده مشتریان در شرکت‌های مختلف"
"Customer currency","ارز مشتری"
"Customer deposits account","حساب پیش‌پرداخت مشتریان"
"Customer group eligibility","واجد شرایط بودن گروه مشتری"
"Customer has {0} loyalty points, cannot redeem {1}","مشتری {0} امتیاز وفاداری دارد، نمی‌توان {1} امتیاز استفاده کرد"
"Customer name is required","نام مشتری الزامی است"
"Customer pays this for the whole bundle; the saving is split across the component lines (kept separate so each item can be returned individually)","مشتری این مبلغ را برای کل بسته می‌پردازد. صرفه‌جویی بین ردیف‌های اجزا تقسیم می‌شود (جداگانه می‌مانند تا هر کالا به‌تنهایی قابل مرجوعی باشد)"
"Customer pays this total for one full set of the products listed above (use the Qty column for multiples). Items stay separate lines on the invoice.","مشتری این مبلغ کل را برای یک مجموعه کامل از محصولات فهرست‌شده در بالا می‌پردازد (برای چند عدد از ستون تعداد استفاده کنید). کالاها در فاکتور در ردیف‌های جدا می‌مانند."
"Customer {0} is not enrolled in a loyalty program","مشتری {0} در هیچ برنامه وفاداری عضو نیست"
"Customer {0} not found","مشتری {0} پیدا نشد"
"Customer-facing display","نمایشگر مشتری"
"Customers allowed on their card","مشتریانی که در مشخصاتشان مجاز شده‌اند"
"Customers allowed on their card: only customers marked ""Allow sales on account at the till"". Any named customer: everyone but the walk-in customer.","مشتریانی که در مشخصاتشان مجاز شده‌اند: فقط مشتریانی که ""Allow sales on account at the till"" برایشان تیک خورده است. هر مشتری ثبت‌شده: همه به جز مشتری گذری."
"Daily time window","بازه زمانی روزانه"
"Date window ({0} → {1})","بازه تاریخ ({0} → {1})"
"Days Closed While the Shift Ran","روزهای بسته‌شده در طول شیفت"
"Days after the sale during which a regular return is allowed. 0 = no time limit.","تعداد روزهای پس از فروش که مرجوعی عادی در آن مجاز است. 0 = بدون محدودیت زمانی."
"Days of Week","روزهای هفته"
"Decided At","زمان تصمیم"
"Decided By","تصمیم‌گیرنده"
"Decision","تصمیم"
"Decision Note","یادداشت تصمیم"
"Default credit limit","محدودیت اعتبار پیش‌فرض"
"Delivery Apps","اپلیکیشن‌های تحویل"
"Deposit for hold {0}","پیش‌پرداخت برای رزرو {0}"
"Deposit item","کالای پیش‌پرداخت"
"Deposits are taxable when taken","پیش‌پرداخت‌ها هنگام دریافت مشمول مالیات‌اند"
"Detail","جزئیات"
"Detailed","مفصل"
"Discount Approval","تأیید تخفیف"
"Discount Approvers","تأییدکنندگان تخفیف"
"Discount Limit (%)","سقف تخفیف (%)"
"Discount Type is required for a Simple Discount","نوع تخفیف برای تخفیف ساده الزامی است"
"Discount Value","مقدار تخفیف"
"Discount Value must be greater than zero","مقدار تخفیف باید بیشتر از صفر باشد"
"Discount approved by {0}","تخفیف توسط {0} تأیید شد"
"Discount requests are turned off. Ask a manager for the passcode.","درخواست‌های تخفیف خاموش است. رمز تأیید را از یک مدیر بخواهید."
"Drawer","کشو"
"Due from group companies","طلب از شرکت‌های گروه"
"Due to group companies","بدهی به شرکت‌های گروه"
"ERPNext 16 lets an outlet sell with only one open shift, and {0} still has one:","ERPNext 16 به هر شعبه اجازه می‌دهد فقط با یک شیفت باز بفروشد و {0} هنوز یک شیفت باز دارد:"
"ERPNext 16 sells only on an opening entry opened today, one per outlet.","ERPNext 16 فقط با ثبت افتتاحیه POS که امروز باز شده باشد می‌فروشد، برای هر شعبه یکی."
"ERPNext 16 takes sales only on a POS Opening Entry opened the same day. A shift that sold on past midnight closed each earlier day in ERPNext and opened the next, and was counted once, at its own close.","ERPNext 16 فقط روی ثبت افتتاحیه POS که همان روز باز شده فروش می‌پذیرد. شیفتی که پس از نیمه‌شب به فروش ادامه داد، هر روز قبلی را در ERPNext بست و روز بعد را باز کرد و یک بار، هنگام بستن خودش، شمارش شد."
"ERPNext 16 takes sales only on a shift opened the same day. On (the default): at the first sale after midnight LumenPOS closes the day in ERPNext and opens the next one by itself, and the shift carries on and is counted once, at its own close. Off: a shift from an earlier day has to be closed before it can sell again. Set from the till: Settings, General, Register and shifts.","ERPNext 16 فقط روی شیفتی که همان روز باز شده فروش می‌پذیرد. روشن (پیش‌فرض): در اولین فروش پس از نیمه‌شب، LumenPOS خودش روز را در ERPNext می‌بندد و روز بعد را باز می‌کند، و شیفت ادامه می‌یابد و یک بار، هنگام بستن خودش، شمارش می‌شود. خاموش: شیفتی از روز قبل باید پیش از فروش دوباره بسته شود. از صندوق تنظیم می‌شود: تنظیمات، عمومی، صندوق و شیفت‌ها."
"ERPNext Days","روزهای ERPNext"
"ERPNext accepts the till's invoices","ERPNext فاکتورهای صندوق را می‌پذیرد"
"ERPNext adds a missing item price from a sale","ERPNext قیمت کالایی را که قیمت ندارد از روی فروش اضافه می‌کند"
"ERPNext is set not to record change as its own ledger entry (Create Ledger Entries for Change Amount, in POS Settings on ERPNext 16 and Accounts Settings before), so change can only come back in local money from the drawer the customer paid into. Turn that on, or take the exact amount.","ERPNext طوری تنظیم شده که بقیه پول را به‌صورت ثبت دفتری جداگانه ثبت نکند (ایجاد ثبت‌های دفتری برای مبلغ بقیه پول، در تنظیمات POS در ERPNext 16 و پیش از آن در تنظیمات حسابداری)، پس بقیه پول فقط به پول محلی و از کشویی که مشتری به آن پرداخته برمی‌گردد. آن را روشن کنید، یا مبلغ دقیق را دریافت کنید."
"ERPNext is set to make Sales Invoices from the POS (POS Settings, Invoice Type Created via POS Screen), so it refuses the POS Invoices this outlet makes. Set it to POS Invoice, or set the outlet to Sales Invoice (POS Profile, LumenPOS).","ERPNext طوری تنظیم شده که از POS فاکتور فروش بسازد (تنظیمات POS، نوع فاکتور ایجادشده از صفحه POS)، پس فاکتورهای POS این شعبه را نمی‌پذیرد. آن را روی فاکتور POS بگذارید، یا شعبه را روی فاکتور فروش تنظیم کنید (نمایه POS، LumenPOS)."
"ERPNext refuses POS Invoices on this site","ERPNext در این سایت فاکتورهای POS را رد می‌کند"
"ERPNext refuses what an accounting period locks on its dates. A shift cannot close, because the close posts its sales as a Sales Invoice.","ERPNext آنچه را یک دوره حسابداری در تاریخ‌هایش قفل کرده است رد می‌کند. شیفت بسته نمی‌شود، چون بستن، فروش‌های آن را به صورت فاکتور فروش ثبت می‌کند."
"ERPNext {0} has not been tested with LumenPOS","ERPNext {0} با LumenPOS آزمایش نشده است"
"ERPNext {0} is newer than the release LumenPOS was last tested on ({1})","ERPNext {0} از نسخه‌ای که LumenPOS آخرین بار روی آن آزمایش شده ({1}) جدیدتر است"
"ERPNext {0}, tested with LumenPOS","ERPNext {0}، آزمایش‌شده با LumenPOS"
"ERPNext's day could not be closed for this shift ({0}). Close the shift on the Register screen and open a new one.","روز ERPNext برای این شیفت بسته نشد ({0}). شیفت را در صفحه صندوق ببندید و شیفت جدیدی باز کنید."
"ERPNext's day was closed at {0} while this shift sold on past midnight: POS Closing Entry {1} holds its {2} sales, and POS Opening Entry {3} opens the next day. The drawer is counted once, when the shift closes.","روز ERPNext در {0} بسته شد، در حالی که این شیفت پس از نیمه‌شب به فروش ادامه داد: ثبت اختتامیه POS {1} شامل {2} فروش آن است و ثبت افتتاحیه POS {3} روز بعد را باز می‌کند. کشوی پول یک بار، هنگام بستن شیفت، شمارش می‌شود."
"Each manager gets their own passcode; the approver's name is recorded on the invoice. The single Manager Passcode above still works as a master code.","هر مدیر رمز تأیید خودش را دارد و نام تأییدکننده روی فاکتور ثبت می‌شود. رمز تأیید مدیر واحد در بالا همچنان به‌عنوان کد اصلی کار می‌کند."
"Earn","کسب"
"Earned cashback expires this many days after it becomes usable (0 = never expires)","کش‌بک کسب‌شده این تعداد روز پس از قابل استفاده شدن منقضی می‌شود (0 = هرگز منقضی نمی‌شود)"
"Earning and redemption rates must be greater than zero","نرخ‌های کسب و استفاده باید بیشتر از صفر باشند"
"Edit price / discount","ویرایش قیمت / تخفیف"
"Edit price / discount role","نقش ویرایش قیمت / تخفیف"
"Either give every component an Allocated Price or leave them all empty","یا برای همه اجزا قیمت تخصیصی وارد کنید یا همه را خالی بگذارید"
"Eligibility","واجد شرایط بودن"
"Email a role when a closing count differs from expected by more than the threshold. Records and notifies, it never blocks the close.","وقتی شمارش هنگام بستن بیش از آستانه با مقدار مورد انتظار تفاوت داشته باشد، به یک نقش ایمیل می‌زند. ثبت و اطلاع‌رسانی می‌کند و هرگز مانع بستن نمی‌شود."
"Email an alert on a large closing variance","ارسال ایمیل هشدار برای مغایرت بزرگ هنگام بستن"
"Email an alert when a shift is left open","ارسال ایمیل هشدار وقتی شیفتی باز بماند"
"Email receipt","ایمیل رسید"
"Email receipts are turned off (Settings → Features).","ایمیل رسید خاموش است (تنظیمات → قابلیت‌ها)."
"Empty: every company. Set: every outlet of this company, unless outlets are chosen below.","خالی: همه شرکت‌ها. تعیین‌شده: همه شعبه‌های این شرکت، مگر اینکه در زیر شعبه‌هایی انتخاب شود."
"Empty: the built-in form. Name and mobile for everyone; for companies also the tax ID and the Saudi national address.","خالی: فرم داخلی. نام و موبایل برای همه، و برای شرکت‌ها شناسه مالیاتی و آدرس ملی عربستان هم."
"Empty: the main cash drawer.","خالی: کشوی پول اصلی."
"Enable Cashback","فعال‌سازی کش‌بک"
"Enable Insights","فعال‌سازی Insights"
"Enable a second-screen customer-facing display (mirrors the cart on another monitor/window).","فعال‌سازی نمایشگر مشتری در صفحه دوم (سبد خرید را روی نمایشگر/پنجره دیگری نشان می‌دهد)."
"Enable holds and deposits","فعال‌سازی رزرو و پیش‌پرداخت"
"Enable the scheduler (bench enable-scheduler, or ask the hosting provider).","زمان‌بند را فعال کنید (bench enable-scheduler، یا از ارائه‌دهنده میزبانی بخواهید)."
"End Date cannot be before Start Date","تاریخ پایان نمی‌تواند پیش از تاریخ شروع باشد"
"Ends","پایان"
"Enter a coupon code","کد کوپن را وارد کنید"
"Enter a name for the price list","نامی برای لیست قیمت وارد کنید"
"Enter the amount the customer is paying","مبلغی را که مشتری می‌پردازد وارد کنید"
"Enter the amount the customer pays.","مبلغی را که مشتری می‌پردازد وارد کنید."
"Enter the gift card amount","مبلغ کارت هدیه را وارد کنید"
"Enter your current PIN to change it.","برای تغییر PIN، PIN فعلی خود را وارد کنید."
"Entry of the company that issued it","ثبت شرکت صادرکننده"
"Entry of the company that spent it","ثبت شرکتی که در آن خرج شد"
"Every Day","هر روز"
"Every sale will be refused.","همه فروش‌ها رد خواهند شد."
"Exceed return window role","نقش مرجوعی پس از مهلت"
"Exchange goods","تعویض کالا"
"Exchange rate","نرخ ارز"
"Exchange role","نقش تعویض"
"Exchanges are in {0} only. For a sale in {1}, refund it and ring the new goods up as a new sale.","تعویض فقط به {0} انجام می‌شود. برای فروشی به {1}، وجه آن را مسترد کنید و کالاهای جدید را به‌عنوان فروش جدید ثبت کنید."
"Exclude","مستثنی"
"Exclude these items instead of including them","این کالاها به جای شامل شدن، مستثنی شوند"
"Expected Takings Pending","دریافتی مورد انتظار در انتظار محاسبه"
"Expected to end","پایان مورد انتظار"
"Expire","انقضا"
"Extra allowed refund methods. Example: if paid with Mada, allow refund as Cash. A method can always be refunded to itself, so you only add the exceptions.","روش‌های مجاز اضافه برای استرداد وجه. مثال: اگر با Mada پرداخت شد، استرداد به‌صورت نقد مجاز باشد. استرداد با همان روش پرداخت همیشه مجاز است، پس فقط استثناها را اضافه می‌کنید."
"Extra line under the company name (e.g. branch / slogan).","خط اضافی زیر نام شرکت (مثلا شعبه / شعار)."
"Failed Attempts","تلاش‌های ناموفق"
"Fallback: hours after opening","جایگزین: ساعت پس از باز شدن"
"Features","قابلیت‌ها"
"Fields on the new customer form","فیلدهای فرم مشتری جدید"
"Fill in: {0}","این موارد را پر کنید: {0}"
"Fixed Price","قیمت ثابت"
"Fixed at","ثابت‌شده در"
"Fixed with the rate: the shift gives the change of a sale in this currency from that currency's own drawer.","همراه با نرخ ثابت می‌شود: شیفت بقیه پول فروش به این ارز را از کشوی خود همان ارز می‌دهد."
"Fixed: the rate the shop sets. Automatic: updated once a day, when automatic rates are switched on in LumenPOS Settings.","ثابت: نرخی که فروشگاه تعیین می‌کند. خودکار: روزی یک بار به‌روز می‌شود، وقتی نرخ‌های خودکار در تنظیمات LumenPOS روشن باشند."
"Footer line (e.g. thank-you, social).","خط پانویس (مثلا تشکر، شبکه‌های اجتماعی)."
"For a customer with no credit limit of their own in ERPNext (on the customer, its group or the company), in the company's currency. 0 = no limit.","برای مشتری‌ای که در ERPNext محدودیت اعتبار اختصاصی ندارد (روی مشتری، گروه آن یا شرکت)، به ارز شرکت. 0 = بدون سقف."
"For an Earn row: the unspent, unexpired part still available.","برای ردیف کسب: بخش خرج‌نشده و منقضی‌نشده که هنوز در دسترس است."
"For example: hygiene items cannot be returned once opened.","برای نمونه: اقلام بهداشتی پس از باز شدن قابل مرجوعی نیستند."
"Free","رایگان"
"From their first day, shifts cannot close.","از نخستین روزشان، شیفت‌ها بسته نمی‌شوند."
"Fully Used","کامل استفاده‌شده"
"Generate at most 5000 coupons at a time","در هر بار حداکثر 5000 کوپن ایجاد کنید"
"Generated {0}","{0} ایجاد شد"
"Get","دریافت"
"Get Quantity","تعداد دریافت"
"Get Quantity must be at least 1","تعداد دریافت باید دست‌کم 1 باشد"
"Gift Card Expiry (days)","انقضای کارت هدیه (روز)"
"Gift Card Item","کالای کارت هدیه"
"Gift Card Liability Account","حساب بدهی کارت هدیه"
"Gift Card Mode of Payment","روش پرداخت کارت هدیه"
"Gift Cards","کارت‌های هدیه"
"Gift card payments don't match the scanned cards","پرداخت‌های کارت هدیه با کارت‌های اسکن‌شده مطابقت ندارند"
"Gift card {0} already exists","کارت هدیه {0} از قبل وجود دارد"
"Gift card {0} expired on {1}","کارت هدیه {0} در {1} منقضی شده است"
"Gift card {0} has {1} left, cannot redeem {2}","کارت هدیه {0} مانده {1} دارد، نمی‌توان {2} خرج کرد"
"Gift card {0} is {1}","کارت هدیه {0} {1} است"
"Gift card {0} not found","کارت هدیه {0} پیدا نشد"
"Gift card {0} was issued by {1} and is used at its outlets only.","کارت هدیه {0} را {1} صادر کرده و فقط در شعبه‌های آن قابل استفاده است."
"Gift cards","کارت‌های هدیه"
"Gift cards, cashback and store credit. Shared: spendable at any company of the group with the same currency, each company's books kept right by an Inter Company Journal Entry. Separate: spendable only at the company that issued it.","کارت‌های هدیه، کش‌بک و اعتبار فروشگاه. مشترک: قابل خرج در هر شرکتی از گروه با همان ارز، و دفاتر هر شرکت با ثبت دفتر روزنامه بین شرکتی درست نگه داشته می‌شود. جداگانه: فقط در شرکت صادرکننده قابل خرج است."
"Gift cards, store credit, cashback and loyalty points","کارت‌های هدیه، اعتبار فروشگاه، کش‌بک و امتیاز وفاداری"
"Give change in this currency","دادن بقیه پول به این ارز"
"Give customers cashback on qualifying sales, configured in POS Cashback Rule. Turning this off stops earning and hides the page.","به مشتریان روی فروش‌های واجد شرایط کش‌بک بدهید، که در قانون کش‌بک POS تنظیم می‌شود. خاموش کردن آن کسب کش‌بک را متوقف و صفحه را پنهان می‌کند."
"Give the loyalty program a name","برای برنامه وفاداری نامی وارد کنید"
"Global fallback income account for the service charge. Prefer a per-company account under Company Accounts.","حساب درآمد جایگزین سراسری برای هزینه خدمات. بهتر است برای هر شرکت در حساب‌های شرکت حساب جداگانه تعیین کنید."
"Goods handed over on {0}","کالاها با {0} تحویل داده شد"
"Goods on hold","کالاهای رزروشده"
"Grace period (minutes)","مهلت اضافه (دقیقه)"
"Grouped, most frequent first.","گروه‌بندی‌شده، پرتکرارترین‌ها اول."
"HOLD-.YYYY.-","HOLD-.YYYY.-"
"Hand these goods over at {0}, where they are kept.","این کالاها را در {0}، جایی که نگهداری می‌شوند، تحویل دهید."
"Handed Over At","زمان تحویل"
"Handed Over On Invoice","تحویل‌شده با فاکتور"
"Help in the till","راهنما در صندوق"
"Higher priority wins when two exclusive promotions give the same savings","وقتی دو پیشنهاد ویژه غیرقابل ترکیب صرفه‌جویی یکسانی بدهند، اولویت بالاتر اعمال می‌شود"
"Higher wins when two non-combinable rules both match","وقتی دو قانون غیرقابل ترکیب هر دو منطبق باشند، بالاتر اعمال می‌شود"
"Hold Until","رزرو تا"
"Hold cancelled","رزرو لغو شد"
"Hold goods for (days)","مدت رزرو کالا (روز)"
"Hold goods for a customer","رزرو کالا برای مشتری"
"Hold {0} belongs to another company","رزرو {0} متعلق به شرکت دیگری است"
"Hold {0} belongs to {1}. Serve it at one of its outlets.","رزرو {0} متعلق به {1} است. آن را در یکی از شعبه‌های آن رسیدگی کنید."
"Hold {0} handed over","رزرو {0} تحویل داده شد"
"Holds and deposits","رزرو و پیش‌پرداخت"
"Holds and deposits are switched off for this shop","رزرو و پیش‌پرداخت برای این فروشگاه خاموش است"
"How a cashier clears an over-limit discount. Passcode only = a manager enters the passcode at the till. Request only = the cashier sends a request a role-holder approves while the register is open. Passcode or request = either.","نحوه مجاز کردن تخفیف بیش از سقف توسط صندوقدار. فقط رمز تأیید = مدیر رمز تأیید را در صندوق وارد می‌کند. فقط درخواست = صندوقدار درخواستی می‌فرستد که دارنده نقش تا وقتی صندوق باز است تأیید می‌کند. رمز تأیید یا درخواست = هر کدام."
"How long a hold runs before the shop may cancel it. 0 = no limit. Nothing is cancelled automatically.","مدت رزرو پیش از آنکه فروشگاه بتواند آن را لغو کند. 0 = بدون محدودیت. هیچ چیز به‌طور خودکار لغو نمی‌شود."
"How long after the scheduled end before alerting.","چه مدت پس از پایان برنامه‌ریزی‌شده هشدار داده شود."
"How many coupons should I generate?","چند کوپن ایجاد کنم؟"
"How many times each code may be redeemed. 1 = single use, 0 = unlimited (until it expires).","هر کد چند بار قابل استفاده است. 1 = یک‌بار مصرف، 0 = نامحدود (تا زمان انقضا)."
"If paid with","اگر پرداخت با"
"If you cannot close it, a manager can close it for you from that outlet's Register page.","اگر نمی‌توانید آن را ببندید، یک مدیر می‌تواند از صفحه صندوق آن شعبه آن را برایتان ببندد."
"Imported {0}","{0} وارد شد"
"Individual customers","مشتریان فردی"
"Initial Amount","مبلغ اولیه"
"Insights","Insights"
"Insights are turned off in LumenPOS Settings","Insights در تنظیمات LumenPOS خاموش است"
"Instalments","اقساط"
"Inter Company Journal Entries","ثبت‌های دفتر روزنامه بین شرکتی"
"Invalid or expired coupon code","کد کوپن نامعتبر یا منقضی‌شده"
"Invoice Age (days)","عمر فاکتور (روز)"
"Invoice type","نوع فاکتور"
"Issued On Invoice","صادرشده با فاکتور"
"Issued by","صادرکننده"
"Items shown as one-tap buttons on the sell screen.","کالاهایی که به‌صورت دکمه‌های یک‌لمسی در صفحه فروش نمایش داده می‌شوند."
"JSON list of dynamic receipt fields sourced from the POS Profile or the sale invoice (managed from the POS Settings page). Each: {source, fieldname, label, render, position}.","فهرست JSON فیلدهای پویای رسید که از نمایه POS یا فاکتور فروش گرفته می‌شوند (از صفحه تنظیمات POS مدیریت می‌شود). هر کدام: {source, fieldname, label, render, position}."
"Keep a shift open past midnight","باز ماندن شیفت پس از نیمه‌شب"
"Languages","زبان‌ها"
"Languages at the till","زبان‌های صندوق"
"Last error","آخرین خطا"
"Late return approved by {0}","مرجوعی دیرهنگام توسط {0} تأیید شد"
"Leave empty for all customers","برای همه مشتریان خالی بگذارید"
"Leave empty for all outlets","برای همه شعبه‌ها خالی بگذارید"
"Leave empty to apply at every outlet","برای اعمال در همه شعبه‌ها خالی بگذارید"
"Leave empty to apply at every outlet.","برای اعمال در همه شعبه‌ها خالی بگذارید."
"Leave empty to run in all outlets","برای اجرا در همه شعبه‌ها خالی بگذارید"
"Legacy flag (superseded by Use Limit). Kept for older codes.","پرچم قدیمی (جایگزین‌شده با محدودیت استفاده). برای کدهای قدیمی‌تر نگه داشته شده است."
"Legacy/internal, price books now store item prices directly below.","قدیمی/داخلی، دفترهای قیمت اکنون قیمت کالاها را مستقیما در زیر ذخیره می‌کنند."
"Liability account for customer deposits. Blank = LumenPOS creates 'Customer Deposits'. A per-company account can be set in Company Accounts.","حساب بدهی برای پیش‌پرداخت مشتریان. خالی = LumenPOS حساب 'Customer Deposits' را می‌سازد. حساب جداگانه برای هر شرکت را می‌توان در حساب‌های شرکت تعیین کرد."
"Liability account for what this company owes others of the group for its customer balances spent there. Created automatically when empty.","حساب بدهی برای آنچه این شرکت بابت مانده مشتریانش که در شرکت‌های دیگر گروه خرج شده به آن‌ها بدهکار است. اگر خالی باشد خودکار ساخته می‌شود."
"Liability account that backs gift cards (selling a card increases it, redeeming decreases it). Leave empty to auto-create ""Gift Cards"".","حساب بدهی پشتوانه کارت‌های هدیه (فروش کارت آن را افزایش و خرج کارت آن را کاهش می‌دهد). برای ساخت خودکار ""Gift Cards"" خالی بگذارید."
"Liability account this company holds customer deposits in. Blank = LumenPOS creates 'Customer Deposits'.","حساب بدهی که این شرکت پیش‌پرداخت مشتریان را در آن نگه می‌دارد. خالی = LumenPOS حساب 'Customer Deposits' را می‌سازد."
"Limit regular returns to a time window","محدود کردن مرجوعی‌های عادی به یک مهلت زمانی"
"List the products that make up the bundle","محصولات تشکیل‌دهنده بسته را فهرست کنید"
"Load","شارژ"
"Lock screen (PIN to unlock)","قفل صفحه (باز کردن با PIN)"
"Lock the till behind a PIN (a manager/approver PIN, or any manager). Protects an unattended register.","صندوق را با PIN قفل کنید (PIN مدیر/تأییدکننده، یا هر مدیری). از صندوق بدون متصدی محافظت می‌کند."
"Logo shown at the top of the printed/on-screen receipt.","لوگویی که در بالای رسید چاپی/روی صفحه نمایش داده می‌شود."
"Lookup not allowed for {0}","جستجو برای {0} مجاز نیست"
"Lumen Reports could not set up the dashboard","Lumen Reports نتوانست داشبورد را راه‌اندازی کند"
"Lumen Reports could not set up the dashboard on this site: {0}","Lumen Reports نتوانست داشبورد را در این سایت راه‌اندازی کند: {0}"
"Lumen Reports is not installed on this site","Lumen Reports روی این سایت نصب نیست"
"Lumen Reports needs Frappe v{0} or newer","Lumen Reports به Frappe نسخه v{0} یا جدیدتر نیاز دارد"
"LumenPOS","LumenPOS"
"LumenPOS Audit Log","گزارش ممیزی LumenPOS"
"LumenPOS Cashier","صندوقدار LumenPOS"
"LumenPOS Company Setting","تنظیم شرکت LumenPOS"
"LumenPOS Manager","مدیر LumenPOS"
"LumenPOS Payment Method Rule","قانون روش پرداخت LumenPOS"
"LumenPOS Profile Receipt","رسید نمایه LumenPOS"
"LumenPOS Settings","تنظیمات LumenPOS"
"LumenPOS User PIN","PIN کاربر LumenPOS"
"LumenPOS background jobs failed in the last 7 days","کارهای پس‌زمینه LumenPOS در 7 روز گذشته ناموفق بوده‌اند"
"LumenPOS background jobs have not run since {0}","کارهای پس‌زمینه LumenPOS از {0} تاکنون اجرا نشده‌اند"
"LumenPOS cashback for {0} ({1}): {2} earned on {3} sales, {4} expired or returned on {5} entries.","کش‌بک LumenPOS برای {0} ({1}): {2} کسب‌شده در {3} فروش، {4} منقضی یا برگشتی در {5} ثبت."
"LumenPOS could not use ERPNext's {0} on this version of ERPNext ({1}). This usually means the site is running an ERPNext release LumenPOS has not been updated for yet, please report it to hello@lumen-solutions.co with this message.","LumenPOS نتوانست از {0} در ERPNext روی این نسخه از ERPNext ({1}) استفاده کند. معمولا یعنی سایت نسخه‌ای از ERPNext را اجرا می‌کند که LumenPOS هنوز برای آن به‌روز نشده است، لطفا آن را همراه با این پیام به hello@lumen-solutions.co گزارش دهید."
"LumenPOS errors in the last 7 days: {0}","خطاهای LumenPOS در 7 روز گذشته: {0}"
"LumenPOS is tested on ERPNext 13 to 16.","LumenPOS روی ERPNext 13 تا 16 آزمایش شده است."
"Make returns","انجام مرجوعی"
"Make returns role","نقش انجام مرجوعی"
"Manager Passcode","رمز تأیید مدیر"
"Manual discounts above this percentage need approval. 0 disables the check.","تخفیف‌های دستی بیش از این درصد نیاز به تأیید دارند. 0 این بررسی را غیرفعال می‌کند."
"Margin below the published rate","حاشیه کمتر از نرخ اعلام‌شده"
"Max Applications per Sale","حداکثر دفعات اعمال در هر فروش"
"Maximum Cashback","حداکثر کش‌بک"
"Minimum Spend","حداقل خرید"
"Minimum Spend must be greater than zero","حداقل خرید باید بیشتر از صفر باشد"
"Minimum deposit (%)","حداقل پیش‌پرداخت (%)"
"Mode of Payment used to redeem gift cards. Leave empty to auto-create/use ""Gift Card"".","روش پرداختی که برای خرج کارت‌های هدیه استفاده می‌شود. برای ساخت خودکار/استفاده از ""Gift Card"" خالی بگذارید."
"Money","پول"
"New customer","مشتری جدید"
"New customer form","فرم مشتری جدید"
"New gift cards expire this many days after sale. 0 = never expire.","کارت‌های هدیه جدید این تعداد روز پس از فروش منقضی می‌شوند. 0 = هرگز منقضی نمی‌شوند."
"New sales were recorded after the closing screen was loaded. Refresh the closing screen, re-check the counts, then close again.","پس از بارگذاری صفحه بستن، فروش‌های جدیدی ثبت شد. صفحه بستن را بازخوانی کنید، شمارش‌ها را دوباره بررسی کنید و سپس دوباره ببندید."
"No LumenPOS errors in the last 7 days","در 7 روز گذشته خطایی از LumenPOS نبوده است"
"No POS Profile is assigned to you. Create one and add yourself under Applicable for Users.","هیچ نمایه POS به شما اختصاص داده نشده است. یکی بسازید و خودتان را در بخش قابل استفاده برای کاربران اضافه کنید."
"No account group found for {0} in {1}. Create the account '{0}' in {2} by hand.","هیچ گروه حسابی برای {0} در {1} پیدا نشد. حساب '{0}' را به‌صورت دستی در {2} بسازید."
"No accounting period locks sales","هیچ دوره حسابداری فروش را قفل نکرده است"
"No codes found in the file","هیچ کدی در فایل پیدا نشد"
"No email address. Add one to the customer or type it in.","آدرس ایمیلی وجود ندارد. آن را به مشتری اضافه کنید یا وارد کنید."
"No expense account group found for {0}","هیچ گروه حساب هزینه‌ای برای {0} پیدا نشد"
"No expense account group found for {0}. Create a cashback expense account and choose it in LumenPOS Settings","هیچ گروه حساب هزینه‌ای برای {0} پیدا نشد. یک حساب هزینه کش‌بک بسازید و آن را در تنظیمات LumenPOS انتخاب کنید"
"No liability account group found for {0}","هیچ گروه حساب بدهی برای {0} پیدا نشد"
"No liability account group found for {0}, create a 'Store Credit' liability account manually","هیچ گروه حساب بدهی برای {0} پیدا نشد، یک حساب بدهی 'Store Credit' را به‌صورت دستی بسازید"
"No liability account group found for {0}, create a '{1}' liability account manually","هیچ گروه حساب بدهی برای {0} پیدا نشد، یک حساب بدهی '{1}' را به‌صورت دستی بسازید"
"No liability account group found for {0}. Create a cashback liability account and choose it in LumenPOS Settings","هیچ گروه حساب بدهی برای {0} پیدا نشد. یک حساب بدهی کش‌بک بسازید و آن را در تنظیمات LumenPOS انتخاب کنید"
"No open register session. Open the register first.","هیچ شیفت صندوق بازی وجود ندارد. ابتدا صندوق را باز کنید."
"No outlet (POS Profile) is set up","هیچ شعبه‌ای (POS Profile) راه‌اندازی نشده است"
"No receipt printer configured on POS Profile {0}","هیچ چاپگر رسیدی در نمایه POS {0} تنظیم نشده است"
"No shift needs attention","هیچ شیفتی نیاز به توجه ندارد"
"No tax template: sales carry no tax.","قالب مالیات وجود ندارد: فروش‌ها بدون مالیات هستند."
"No warehouse belongs to company {0}. Set a Default Warehouse on the POS Profile (or create a warehouse for this company) before selling gift cards.","هیچ انباری متعلق به شرکت {0} نیست. پیش از فروش کارت هدیه، یک انبار پیش‌فرض در نمایه POS تعیین کنید (یا برای این شرکت انباری بسازید)."
"No {0} account group found for {1}. Create '{2}' by hand.","هیچ گروه حساب {0} برای {1} پیدا نشد. '{2}' را به‌صورت دستی بسازید."
"Nobody is assigned to it yet (POS Profile, Applicable for Users).","هنوز کسی به آن اختصاص داده نشده است (POS Profile، Applicable for Users)."
"Non-stock item posted when a gift card is sold. Leave empty to auto-create ""GIFT-CARD"".","کالای غیرانباری که هنگام فروش کارت هدیه ثبت می‌شود. برای ساخت خودکار ""GIFT-CARD"" خالی بگذارید."
"Not a LumenPOS tour: {0}","این یک تور LumenPOS نیست: {0}"
"Not a LumenPOS version: {0}","این یک نسخه LumenPOS نیست: {0}"
"Not allowed.","مجاز نیست."
"Not for the role {0}","به جز نقش {0}"
"Nothing is owed on the sales chosen.","روی فروش‌های انتخاب‌شده بدهی‌ای وجود ندارد."
"Notify role","نقش دریافت‌کننده هشدار"
"Number of Sales","تعداد فروش‌ها"
"Off: the till shows nothing about holds at all. A shop that never puts goods aside for a customer does not need the button or the screen.","خاموش: صندوق هیچ چیزی درباره رزرو نشان نمی‌دهد. فروشگاهی که هرگز کالا را برای مشتری کنار نمی‌گذارد به دکمه یا صفحه آن نیازی ندارد."
"Offer","پیشنهاد"
"Offer the tour to new staff","پیشنهاد تور به کارکنان جدید"
"Offline cache only keeps items that have stock in the register's warehouse (smaller, faster cache)","حافظه آفلاین فقط کالاهایی را نگه می‌دارد که در انبار صندوق موجودی دارند (حافظه کوچک‌تر و سریع‌تر)"
"Oldest from {0}. Their stock has not moved yet and they are missing from the accounts.","قدیمی‌ترین مربوط به {0} است. موجودی آن‌ها هنوز کم نشده و در دفاتر حسابداری ثبت نشده‌اند."
"On (the default): a ? button on every screen of the till opens that screen's help, with short tours over the real buttons.","روشن (پیش‌فرض): دکمه ? در هر صفحه صندوق راهنمای همان صفحه را باز می‌کند، با تورهای کوتاه روی دکمه‌های واقعی."
"On (the default): after an update, each person sees once what is new for them, with a Show me where a tour exists.","روشن (پیش‌فرض): پس از به‌روزرسانی، هر کس یک بار تازه‌های مربوط به خودش را می‌بیند، با دکمه نشانم بده هر جا تور وجود داشته باشد."
"On (the default): sales and returns made without a connection are sent as soon as the network is back, even with the till closed, where the browser allows it (Chrome, Edge, Android). The till still sends them itself whenever it is open.","روشن (پیش‌فرض): فروش‌ها و مرجوعی‌هایی که بدون اتصال انجام شده‌اند به محض برقراری شبکه ارسال می‌شوند، حتی وقتی صندوق بسته است، جایی که مرورگر اجازه دهد (Chrome، Edge، Android). صندوق هم هر وقت باز باشد خودش آن‌ها را ارسال می‌کند."
"On (the default): someone who has not seen the help yet is offered a short tour the first time they open the till.","روشن (پیش‌فرض): به کسی که هنوز راهنما را ندیده است، اولین باری که وارد صندوق می‌شود یک تور کوتاه پیشنهاد می‌شود."
"On (the default): the till shows a warning when the browser has not agreed to keep its offline data for good, which it may otherwise clear when space runs low, and asks the browser again on a tap.","روشن (پیش‌فرض): وقتی مرورگر نپذیرفته باشد داده‌های آفلاین را برای همیشه نگه دارد، صندوق هشدار نشان می‌دهد، چون در غیر این صورت مرورگر ممکن است هنگام کمبود فضا آن‌ها را پاک کند، و با یک لمس دوباره از مرورگر درخواست می‌کند."
"On (the default): without a connection, a sale this device made in the same shift can be taken back, refunded in cash or the way the customer paid, never to store credit, a gift card or cashback. The till works out the refund as ERPNext will, and the server checks it again when the connection is back.","روشن (پیش‌فرض): بدون اتصال، فروشی که این دستگاه در همان شیفت انجام داده قابل مرجوعی است و وجه آن به‌صورت نقد یا با همان روشی که مشتری پرداخت کرده مسترد می‌شود، هرگز به اعتبار فروشگاه، کارت هدیه یا کش‌بک. صندوق مبلغ استرداد را همان‌طور که ERPNext حساب می‌کند محاسبه می‌کند و سرور پس از برقراری اتصال دوباره آن را بررسی می‌کند."
"On: a deposit is taxed the moment it is taken (an advance against a known supply), and the tax already declared is deducted at hand-over. Off: the deposit carries no tax and the goods are taxed in full when handed over.","روشن: از پیش‌پرداخت در همان لحظه دریافت مالیات گرفته می‌شود (پیش‌دریافت بابت تحویل مشخص)، و مالیاتی که قبلا اعلام شده هنگام تحویل کسر می‌شود. خاموش: پیش‌پرداخت مالیات ندارد و مالیات کامل کالا هنگام تحویل گرفته می‌شود."
"On: a person cannot open a new shift while they still have one open at another outlet. Off (the default): a person may hold shifts at several outlets, and the till only reminds them. Set from the till: Settings, General, Register and shifts.","روشن: هیچ‌کس تا وقتی در شعبه دیگری شیفت باز دارد نمی‌تواند شیفت جدیدی باز کند. خاموش (پیش‌فرض): هر نفر می‌تواند در چند شعبه شیفت داشته باشد و صندوق فقط به او یادآوری می‌کند. از صندوق تنظیم می‌شود: تنظیمات، عمومی، صندوق و شیفت‌ها."
"On: a sale in this currency gives its change in it, from its own cash drawer. Off: change comes back in the company currency, from the main drawer. An outlet whose POS Profile names its own Account for Change Amount keeps it (ERPNext uses it on every sale).","روشن: فروش به این ارز، بقیه پول را به همین ارز و از کشوی پول خودش می‌دهد. خاموش: بقیه پول به ارز شرکت و از کشوی اصلی برمی‌گردد. شعبه‌ای که نمایه POS آن حساب بقیه پول خودش را تعیین کرده، همان را نگه می‌دارد (ERPNext در هر فروش از آن استفاده می‌کند)."
"On: the cashier may send a return approval request, and an approver can let this return through. Off: the item is never taken back.","روشن: صندوقدار می‌تواند درخواست تأیید مرجوعی بفرستد و تأییدکننده می‌تواند این مرجوعی را مجاز کند. خاموش: کالا هرگز پس گرفته نمی‌شود."
"Once a day, from ExchangeRate-API (free), for the currencies set to Automatic. A rate typed for the day always wins.","روزی یک بار، از ExchangeRate-API (رایگان)، برای ارزهایی که روی خودکار تنظیم شده‌اند. نرخی که برای همان روز وارد شود همیشه اولویت دارد."
"One open shift per person","یک شیفت باز برای هر نفر"
"Only managers can view Insights","فقط مدیران می‌توانند Insights را ببینند"
"Only someone who manages LumenPOS Settings can change exchange rates.","فقط کسی که تنظیمات LumenPOS را مدیریت می‌کند می‌تواند نرخ‌های ارز را تغییر دهد."
"Only someone who manages LumenPOS Settings can change the customer form.","فقط کسی که تنظیمات LumenPOS را مدیریت می‌کند می‌تواند فرم مشتری را تغییر دهد."
"Only someone who manages LumenPOS Settings can do this.","فقط کسی که تنظیمات LumenPOS را مدیریت می‌کند می‌تواند این کار را انجام دهد."
"Only this role (plus managers) may apply a manual discount / edit a price on a sale. Blank = anyone.","فقط این نقش (به‌علاوه مدیران) می‌تواند روی فروش تخفیف دستی اعمال کند / قیمت را ویرایش کند. خالی = همه."
"Only this role (plus managers) may exchange goods in one step. Blank = anyone who may make returns. An exchange always needs return permission too.","فقط این نقش (به‌علاوه مدیران) می‌تواند کالا را در یک مرحله تعویض کند. خالی = هر کسی که اجازه مرجوعی دارد. تعویض همیشه به اجازه مرجوعی هم نیاز دارد."
"Only this role (plus managers) may make returns. Blank = anyone with sell access.","فقط این نقش (به‌علاوه مدیران) می‌تواند مرجوعی انجام دهد. خالی = هر کسی که دسترسی فروش دارد."
"Only used by Buy X Get Y: 'Buy' rows trigger the offer, 'Get' rows receive the reward. With no 'Get' rows the buy list rewards itself (classic multi-buy).","فقط در X بخر، Y بگیر استفاده می‌شود: ردیف‌های 'خرید' پیشنهاد را فعال می‌کنند و ردیف‌های 'دریافت' پاداش را می‌گیرند. بدون ردیف 'دریافت'، خود فهرست خرید پاداش می‌گیرد (خرید چندتایی معمول)."
"Only {0} x {1} can still be returned","فقط {0} x {1} هنوز قابل مرجوعی است"
"Open the register","باز کردن صندوق"
"Open the register before requesting approval.","پیش از درخواست تأیید، صندوق را باز کنید."
"Open the register first: the payment goes into its drawer.","ابتدا صندوق را باز کنید: پرداخت به کشوی آن می‌رود."
"Opened At","زمان باز شدن"
"Opened By","بازشده توسط"
"Opened at","زمان باز شدن"
"Opened by","بازشده توسط"
"Opened with float {0}","با نقد اولیه {0} باز شد"
"Opening Float","نقد اولیه صندوق"
"Opening entries from an earlier day blocking their outlet: {0}","ثبت‌های افتتاحیه POS از روزهای قبل که شعبه خود را مسدود کرده‌اند: {0}"
"Opening float","نقد اولیه صندوق"
"Optional (the default): the cashier may pick who sold. Required: a sale without a salesperson is refused. Off: the till asks for nobody and records nobody.","اختیاری (پیش‌فرض): صندوقدار می‌تواند انتخاب کند چه کسی فروخته است. الزامی: فروش بدون فروشنده رد می‌شود. خاموش: صندوق از کسی نمی‌پرسد و کسی را ثبت نمی‌کند."
"Optional app-specific selling prices (overrides price books)","قیمت‌های فروش اختصاصی اپلیکیشن، اختیاری (بر دفترهای قیمت مقدم است)"
"Optional button label (defaults to the item name)","عنوان دکمه، اختیاری (پیش‌فرض نام کالا است)"
"Optional daily window, e.g. Happy Hour 16:00 to 18:00. Wraps midnight if start is after end.","بازه روزانه اختیاری، مثلا ساعت تخفیف 16:00 تا 18:00. اگر شروع بعد از پایان باشد، از نیمه‌شب می‌گذرد."
"Optional daily window. Wraps midnight if start is after end.","بازه روزانه اختیاری. اگر شروع بعد از پایان باشد، از نیمه‌شب می‌گذرد."
"Optional per-code expiry. The promotion's own date window still applies on top of this.","انقضای اختیاری برای هر کد. بازه تاریخ خود پیشنهاد ویژه هم علاوه بر این اعمال می‌شود."
"Optional. After this date the bundle stops being offered at the till (treated as expired/inactive).","اختیاری. پس از این تاریخ، بسته دیگر در صندوق ارائه نمی‌شود (منقضی/غیرفعال در نظر گرفته می‌شود)."
"Optional. The bundle is not offered before this date.","اختیاری. بسته پیش از این تاریخ ارائه نمی‌شود."
"Optional: this component's share of the bundle price (for the whole row qty). If used on any row, every row needs one and they must sum exactly to the Bundle Price. Empty = split proportionally to regular prices.","اختیاری: سهم این جزء از قیمت بسته (برای کل تعداد ردیف). اگر در یک ردیف استفاده شود، همه ردیف‌ها باید آن را داشته باشند و جمعشان باید دقیقا برابر قیمت بسته باشد. خالی = تقسیم به نسبت قیمت‌های عادی."
"Order ID is required for {0} sales","شماره سفارش برای فروش‌های {0} الزامی است"
"Order-level (whole-cart) discount","تخفیف در سطح سفارش (کل سبد)"
"Other currencies","ارزهای دیگر"
"Other currencies are on, but ERPNext does not book change as its own entry.","ارزهای دیگر روشن است، اما ERPNext بقیه پول را در یک ثبت جداگانه به حساب نمی‌برد."
"Other currency floats","نقد اولیه ارزهای دیگر"
"Outlet","شعبه"
"Outlet already open","شعبه از قبل باز است"
"Outlet {0}","شعبه {0}"
"Outlet {0} belongs to {1}, not {2}. Choose outlets of {2}, or clear the company.","شعبه {0} متعلق به {1} است، نه {2}. شعبه‌هایی از {2} انتخاب کنید یا شرکت را پاک کنید."
"Outlet {0} cannot sell","شعبه {0} نمی‌تواند بفروشد"
"Outlet {0} included","شعبه {0} شامل است"
"Outlets","شعبه‌ها"
"Outlets (POS Profiles)","شعبه‌ها (نمایه‌های POS)"
"Over-limit approval method","روش تأیید بیش از سقف"
"Overdue Notified","اطلاع‌رسانی دیرکرد"
"PIN Hash","هش PIN"
"POS Approval Request","درخواست تأیید POS"
"POS Bundle","بسته POS"
"POS Bundle Item","کالای بسته POS"
"POS Capability Rule","قانون مجوز POS"
"POS Cash Movement","جابجایی نقد POS"
"POS Cashback Entry","ثبت کش‌بک POS"
"POS Cashback Rule","قانون کش‌بک POS"
"POS Cashback Rule Customer Group","گروه مشتری قانون کش‌بک POS"
"POS Cashback Rule Item","کالای قانون کش‌بک POS"
"POS Cashback Rule Profile","نمایه قانون کش‌بک POS"
"POS Closing Entry {0} of this shift is not submitted.","ثبت اختتامیه POS {0} مربوط به این شیفت ثبت نشده است."
"POS Coupon","کوپن POS"
"POS Customer Form Field","فیلد فرم مشتری POS"
"POS Delivery App","اپلیکیشن تحویل POS"
"POS Discount Approver","تأییدکننده تخفیف POS"
"POS Gift Card","کارت هدیه POS"
"POS Gift Card Entry","ثبت کارت هدیه POS"
"POS Inter Company Settlement","تسویه بین شرکتی POS"
"POS Layaway","رزرو POS"
"POS Layaway Item","کالای رزرو POS"
"POS Layaway Payment","پرداخت رزرو POS"
"POS Opening Entry {0} (by {1}, since {2}) is open outside LumenPOS: close or cancel it in ERPNext.","ثبت افتتاحیه POS {0} (توسط {1}، از {2}) خارج از LumenPOS باز است: آن را در ERPNext ببندید یا لغو کنید."
"POS Parked Sale","فروش معلق POS"
"POS Payment Restriction","محدودیت پرداخت POS"
"POS Price Book","دفتر قیمت POS"
"POS Price Book Item","کالای دفتر قیمت POS"
"POS Promotion","پیشنهاد ویژه POS"
"POS Promotion Customer Group","گروه مشتری پیشنهاد ویژه POS"
"POS Promotion Item","کالای پیشنهاد ویژه POS"
"POS Promotion Profile","نمایه پیشنهاد ویژه POS"
"POS Quick Key","دکمه سریع POS"
"POS Refund Rule","قانون استرداد وجه POS"
"POS Register Payment Count","شمارش پرداخت صندوق POS"
"POS Register Session","شیفت صندوق POS"
"POS Return Reason","دلیل مرجوعی POS"
"POS Return Restriction","محدودیت مرجوعی POS"
"POS Sale Currency","ارز فروش POS"
"POS Session Day","روز شیفت POS"
"POS Session Float","نقد اولیه شیفت POS"
"POS Session Rate","نرخ ارز شیفت POS"
"POS Settings, Invoice Type Created via POS Screen: POS Invoice.","در POS Settings، گزینه Invoice Type Created via POS Screen را روی POS Invoice بگذارید."
"POS Shift Invoice","فاکتور شیفت POS"
"POS Shift Schedule","برنامه شیفت POS"
"POS Shift Schedule Slot","بازه برنامه شیفت POS"
"POS Store Credit Entry","ثبت اعتبار فروشگاه POS"
"POS Variance Reason","دلیل مغایرت POS"
"Paid At","زمان پرداخت"
"Paid With","پرداخت با"
"Parked","معلق"
"Parked At","زمان تعلیق"
"Passcode","رمز تأیید"
"Passcode only","فقط رمز تأیید"
"Passcode or request","رمز تأیید یا درخواست"
"Payment Counts","شمارش پرداخت‌ها"
"Payment Method Rules","قوانین روش پرداخت"
"Payment must cover the gift card amount","پرداخت باید مبلغ کارت هدیه را پوشش دهد"
"Per cashier","به ازای هر صندوقدار"
"Per outlet","به ازای هر شعبه"
"Per outlet: ONE shift per register, whoever opens it, any assigned cashier can sell on it (default; how LumenPOS has always worked). Per cashier: each cashier opens their OWN shift on the register and can only sell on their own, so several people share one counter but each gets their own Z-report and is accountable for their own drawer.","به ازای هر شعبه: یک شیفت برای هر صندوق، هر کس آن را باز کند، هر صندوقدار تعیین‌شده می‌تواند روی آن بفروشد (پیش‌فرض، همان روشی که LumenPOS همیشه کار کرده است). به ازای هر صندوقدار: هر صندوقدار شیفت خودش را روی صندوق باز می‌کند و فقط روی شیفت خودش می‌فروشد، پس چند نفر از یک پیشخوان مشترک استفاده می‌کنند اما هر کدام گزارش Z خودش را دارد و مسئول کشوی پول خودش است."
"Per-Outlet Receipts","رسیدهای هر شعبه"
"Per-company accounts. On a multi-company site each company posts gift cards / service charge to its OWN accounts. Leave empty to use the global defaults (or auto-create).","حساب‌های هر شرکت. در سایتی با چند شرکت، هر شرکت کارت‌های هدیه / هزینه خدمات را در حساب‌های خودش ثبت می‌کند. برای استفاده از پیش‌فرض‌های سراسری (یا ساخت خودکار) خالی بگذارید."
"Per-method rules. Use these to require a terminal/transfer reference on card or bank payments so the transaction can be traced later.","قوانین هر روش. با این‌ها شماره مرجع کارتخوان/انتقال را برای پرداخت‌های کارتی یا بانکی الزامی کنید تا تراکنش بعدا قابل پیگیری باشد."
"Per-outlet receipt overrides (managed from the POS Settings page). Each row is a POS Profile + a JSON receipt config that overrides the global receipt design for that outlet. Empty = the outlet uses the global receipt.","رسیدهای اختصاصی هر شعبه (از صفحه تنظیمات POS مدیریت می‌شود). هر ردیف یک نمایه POS + یک پیکربندی JSON رسید است که طرح سراسری رسید را برای آن شعبه جایگزین می‌کند. خالی = شعبه از رسید سراسری استفاده می‌کند."
"Percentage discount cannot exceed 100","تخفیف درصدی نمی‌تواند از 100 بیشتر باشد"
"Performance indexes missing: {0}","ایندکس‌های کارایی ناموجود: {0}"
"Person","شخص"
"Pick a period of one year or less.","بازه‌ای یک‌ساله یا کوتاه‌تر انتخاب کنید."
"Pick a {0} from the list","یک {0} از فهرست انتخاب کنید"
"Pick an outlet or a company.","یک شعبه یا یک شرکت انتخاب کنید."
"Pick at least one item to take back","دست‌کم یک کالا برای مرجوعی انتخاب کنید"
"Pick the salesperson for this sale.","فروشنده این فروش را انتخاب کنید."
"Picked by the cashier when a counted drawer was short or over at the close.","صندوقدار وقتی شمارش کشوی صندوق هنگام بستن کسری یا اضافه داشت انتخاب کرد."
"Posted At","زمان ثبت"
"Price / stock checker","بررسی قیمت / موجودی"
"Price Book Price","قیمت دفتر قیمت"
"Price List (legacy)","لیست قیمت (قدیمی)"
"Price cannot be negative","قیمت نمی‌تواند منفی باشد"
"Price for {0} cannot be negative","قیمت {0} نمی‌تواند منفی باشد"
"Price list {0} does not exist","لیست قیمت {0} وجود ندارد"
"Prices include tax ({0}%): the till shows them as they are and adds nothing at the total.","قیمت‌ها شامل مالیات ({0}%) هستند: صندوق آن‌ها را همان‌طور نشان می‌دهد و چیزی به جمع اضافه نمی‌کند."
"Promotion","پیشنهاد ویژه"
"Promotion Type","نوع پیشنهاد ویژه"
"Promotion {0} does not exist","پیشنهاد ویژه {0} وجود ندارد"
"Put on account only what is not paid now: this sale would give change out of a debt.","فقط مبلغی را که اکنون پرداخت نمی‌شود نسیه ثبت کنید: این فروش از محل بدهی بقیه پول می‌دهد."
"Quantity for {0} must be positive","تعداد {0} باید مثبت باشد"
"Quantity rewarded per application (cheapest eligible units)","تعداد پاداش در هر بار اعمال (ارزان‌ترین واحدهای واجد شرایط)"
"Quantity the customer must buy to trigger the offer","تعدادی که مشتری باید بخرد تا پیشنهاد فعال شود"
"Quick Keys","دکمه‌های سریع"
"Quick keys","دکمه‌های سریع"
"Quick keys / favourites","دکمه‌های سریع / علاقه‌مندی‌ها"
"Quick reasons the cashier can tap when a count is short or over. The cashier can also write a reason in their own words.","دلایل سریعی که صندوقدار هنگام کسری یا اضافه در شمارش می‌تواند بزند. صندوقدار می‌تواند دلیل را با کلمات خودش هم بنویسد."
"Raise a Sales Order when goods go on hold, so ERPNext shows the quantity as reserved and another till cannot sell it.","وقتی کالا رزرو می‌شود یک سفارش فروش ثبت شود تا ERPNext آن تعداد را رزروشده نشان دهد و صندوق دیگری نتواند آن را بفروشد."
"Rate to company currency","نرخ به ارز شرکت"
"Rates fixed for this shift","نرخ‌های ثابت این شیفت"
"Reason for a short or over","دلیل کسری یا اضافه"
"Reason for the difference","دلیل مغایرت"
"Reason shown at the till","دلیل نمایش‌داده‌شده در صندوق"
"Reasons for a short or over","دلایل کسری یا اضافه"
"Reasons the cashier picks from when refunding an item. Add or remove freely. The till also always offers ""Other"" for a free-text reason.","دلایلی که صندوقدار هنگام استرداد وجه یک کالا از میان آن‌ها انتخاب می‌کند. آزادانه اضافه یا حذف کنید. صندوق همیشه گزینه ""سایر"" را هم برای دلیل متنی آزاد ارائه می‌دهد."
"Receipt Config (JSON)","پیکربندی رسید (JSON)"
"Receipt Custom Fields (JSON)","فیلدهای سفارشی رسید (JSON)"
"Receipt Fields","فیلدهای رسید"
"Receipt footer","پانویس رسید"
"Receipt header","سربرگ رسید"
"Receipt layout/density. Compact = tight; Standard = balanced; Detailed = spacious with a full store header + terms block.","چیدمان/تراکم رسید. فشرده = کم‌جا، استاندارد = متعادل، مفصل = جادار با سربرگ کامل فروشگاه + بخش شرایط."
"Receipt logo","لوگوی رسید"
"Receipt template","الگوی رسید"
"Record sensitive actions (over-limit discounts, returns, price edits, register open/close) to the LumenPOS Audit Log.","ثبت عملیات حساس (تخفیف‌های بیش از سقف، مرجوعی‌ها، ویرایش قیمت، باز/بسته کردن صندوق) در گزارش ممیزی LumenPOS."
"Recorded At","زمان ثبت"
"Recorded By","ثبت‌شده توسط"
"Redeem","خرج"
"Reference Invoice","فاکتور مرجع"
"Reference label","عنوان شماره مرجع"
"Refund","استرداد وجه"
"Refund Method Rules","قوانین روش استرداد وجه"
"Refund as {0}","استرداد با {0}"
"Refunded","مسترد شده"
"Refunded without a connection: the till paid out {0}, ERPNext's figure is {1}.","استرداد بدون اتصال: صندوق {0} پرداخت کرد، رقم ERPNext {1} است."
"Refunds","استرداد وجه"
"Refunds may only go back to a payment method the customer actually used on the original sale (plus Store Credit). Add rules below to allow extra refund methods per paid method.","استرداد وجه فقط با روشی مجاز است که مشتری واقعا در فروش اصلی استفاده کرده (به‌علاوه اعتبار فروشگاه). برای مجاز کردن روش‌های اضافه استرداد برای هر روش پرداخت، در زیر قانون اضافه کنید."
"Register Session","شیفت صندوق"
"Register page, Retry, or wait for the next background run.","صفحه صندوق، تلاش دوباره، یا منتظر اجرای بعدی پس‌زمینه بمانید."
"Register page, Retry. If it fails again, send this screen.","صفحه صندوق، تلاش دوباره. اگر باز هم ناموفق بود، این صفحه را بفرستید."
"Register session is already closed","شیفت صندوق قبلا بسته شده است"
"Register session is not open","شیفت صندوق باز نیست"
"Register still open: {0}","صندوق هنوز باز است: {0}"
"Register {0} already has an open session ({1})","صندوق {0} از قبل یک شیفت باز دارد ({1})"
"Register {0} already has an open session ({1}).","صندوق {0} از قبل یک شیفت باز دارد ({1})."
"Register {0} has a previous shift ({1}) whose closing is still finalising or has failed. Retry that closing before opening a new shift.","صندوق {0} یک شیفت قبلی ({1}) دارد که بستن آن هنوز در حال نهایی‌سازی است یا ناموفق بوده است. پیش از باز کردن شیفت جدید، بستن آن را دوباره امتحان کنید."
"Reprint a receipt","چاپ مجدد رسید"
"Request","درخواست"
"Request not found.","درخواست پیدا نشد."
"Request only","فقط درخواست"
"Requested Discount (%)","تخفیف درخواستی (%)"
"Require Order ID","الزام شماره سفارش"
"Require a transaction reference","الزام شماره مرجع تراکنش"
"Require scanning for serial numbers (block manual typing)","الزام اسکن برای شماره‌های سریال (مسدود کردن تایپ دستی)"
"Required","الزامی"
"Required asks only when a difference is larger than this, in the company currency (a drawer in another currency at its shift rate). 0 = any difference.","در حالت الزامی فقط وقتی پرسیده می‌شود که مغایرت بیشتر از این مبلغ باشد، به ارز شرکت (کشوی ارز دیگر با نرخ شیفت خودش). 0 = هر مغایرتی."
"Requires Coupon Code","نیاز به کد کوپن"
"Reserve the goods on hold","کنار گذاشتن موجودی کالاهای رزروشده"
"Reset Code Hash","هش کد بازنشانی"
"Reset Expires","انقضای بازنشانی"
"Restrict refunds to the original payment method","محدود کردن استرداد وجه به روش پرداخت اصلی"
"Restrict till actions to staff holding a role. Leave a role blank to allow everyone. System / LumenPOS Managers always pass.","عملیات صندوق را به کارکنان دارای یک نقش محدود کنید. برای اجازه به همه، نقش را خالی بگذارید. مدیران سیستم / LumenPOS همیشه مجازند."
"Resulting Invoice","فاکتور حاصل"
"Retrieved","بازیابی‌شده"
"Return Invoice","فاکتور مرجوعی"
"Return Reason","دلیل مرجوعی"
"Return Reasons","دلایل مرجوعی"
"Return approval isn't required, returns are open.","تأیید مرجوعی لازم نیست، مرجوعی آزاد است."
"Return past the window","مرجوعی پس از مهلت"
"Return policy / terms printed at the bottom of the receipt.","سیاست مرجوعی / شرایطی که در پایین رسید چاپ می‌شود."
"Return window (days)","مهلت مرجوعی (روز)"
"Returns are allowed within {0} days, this invoice is {1} days old. Send a return approval request to continue.","مرجوعی تا {0} روز مجاز است و از این فاکتور {1} روز گذشته است. برای ادامه، درخواست تأیید مرجوعی بفرستید."
"Returns without a connection","مرجوعی بدون اتصال"
"Returns without a connection are switched off in LumenPOS Settings. Make this return again from Sales History.","مرجوعی بدون اتصال در تنظیمات LumenPOS خاموش است. این مرجوعی را دوباره از تاریخچه فروش انجام دهید."
"Reverse","برگشت"
"Reward","پاداش"
"Reward Value","مقدار پاداش"
"Reward Value must be greater than zero","مقدار پاداش باید بیشتر از صفر باشد"
"Row {0}: Qty must be at least 1","ردیف {0}: تعداد باید دست‌کم 1 باشد"
"Row {0}: bundle Qty must be at least 1","ردیف {0}: تعداد بسته باید دست‌کم 1 باشد"
"Row {0}: invalid price '{1}'","ردیف {0}: قیمت نامعتبر '{1}'"
"Row {0}: item '{1}' not found","ردیف {0}: کالای '{1}' پیدا نشد"
"Row {0}: no price for {1}","ردیف {0}: قیمتی برای {1} وجود ندارد"
"Row {0}: set the {1} field","ردیف {0}: فیلد {1} را تنظیم کنید"
"Row {0}: {1} is serialized, serialized items cannot be sold in bundles","ردیف {0}: {1} سریال‌دار است، کالاهای سریال‌دار را نمی‌توان در بسته فروخت"
"Runs on {0}","در {0} اجرا می‌شود"
"Sale","فروش"
"Sale or refund not recorded","فروش یا استرداد ثبت نشده"
"Sale type","نوع فروش"
"Sale {0} not found","فروش {0} پیدا نشد"
"Sales older than 3 days not in the books: {0}","فروش‌های قدیمی‌تر از 3 روز که در دفاتر ثبت نشده‌اند: {0}"
"Sales on account","فروش نسیه"
"Sales on account are switched off in LumenPOS Settings.","فروش نسیه در تنظیمات LumenPOS خاموش است."
"Sales, search and shift reports slow down on a large site.","فروش، جستجو و گزارش‌های شیفت در سایت بزرگ کند می‌شوند."
"Salesperson at the till","فروشنده در صندوق"
"Salesperson required","فروشنده الزامی است"
"Scan or type a serial number","شماره سریال را اسکن یا وارد کنید"
"See sales by salesperson","دیدن فروش به تفکیک فروشنده"
"See the system check","دیدن بررسی سیستم"
"Select a customer (or set a default customer on the POS Profile)","یک مشتری انتخاب کنید (یا در نمایه POS مشتری پیش‌فرض تعیین کنید)"
"Select an outlet","یک شعبه انتخاب کنید"
"Select at least one item to return","دست‌کم یک کالا برای مرجوعی انتخاب کنید"
"Select the invoice to return.","فاکتوری را که باید مرجوع شود انتخاب کنید."
"Selected Customer Groups","گروه‌های مشتری انتخاب‌شده"
"Selected items were not found on the original sale","کالاهای انتخاب‌شده در فروش اصلی پیدا نشدند"
"Sell in other currencies","فروش به ارزهای دیگر"
"Sell on account","فروش نسیه"
"Send queued sales in the background","ارسال فروش‌های در صف در پس‌زمینه"
"Send this screen with the Error Log entries (ERPNext, Error Log).","این صفحه را همراه با رکوردهای Error Log بفرستید (ERPNext، Error Log)."
"Send this screen. The jobs run again on their own.","این صفحه را بفرستید. کارها خودشان دوباره اجرا می‌شوند."
"Separate per company","جداگانه برای هر شرکت"
"Serial numbers must be SCANNED with a barcode scanner, manual typing is rejected at the till. Turn off if a scanner is unavailable.","شماره‌های سریال باید با بارکدخوان اسکن شوند و تایپ دستی در صندوق پذیرفته نمی‌شود. اگر بارکدخوان در دسترس نیست، خاموش کنید."
"Serial {0} belongs to {1}","سریال {0} متعلق به {1} است"
"Serial {0} came back on {1}, and ERPNext holds it until the shift close books that sale","سریال {0} با {1} برگشت و ERPNext آن را تا زمانی که بستن شیفت آن فروش را ثبت کند نگه می‌دارد"
"Serial {0} does not exist","سریال {0} وجود ندارد"
"Serial {0} is already sold on {1}, which the shift close has not booked yet","سریال {0} قبلا با {1} فروخته شده که بستن شیفت هنوز آن را ثبت نکرده است"
"Serial {0} is held by a sale the shift close has not booked yet","سریال {0} در اختیار فروشی است که بستن شیفت هنوز آن را ثبت نکرده است"
"Serial {0} is in {1}, not this register's warehouse","سریال {0} در {1} است، نه در انبار این صندوق"
"Serial {0} is not in stock ({1})","سریال {0} موجود نیست ({1})"
"Serial {0} is scanned twice in this sale","سریال {0} در این فروش دو بار اسکن شده است"
"Serial {0} is selected twice","سریال {0} دو بار انتخاب شده است"
"Serial {0} was already returned","سریال {0} قبلا مرجوع شده است"
"Serial {0} was not sold on this invoice","سریال {0} در این فاکتور فروخته نشده است"
"Service Charge Account","حساب هزینه خدمات"
"Service charge","هزینه خدمات"
"Service charge (%)","هزینه خدمات (%)"
"Service charge ({0}%)","هزینه خدمات ({0}%)"
"Service charge account (global fallback)","حساب هزینه خدمات (جایگزین سراسری)"
"Session Totals","جمع‌های شیفت"
"Set a Coupon Code or untick 'Requires Coupon Code'","یک کد کوپن تعیین کنید یا تیک 'نیاز به کد کوپن' را بردارید"
"Set a Service charge account for {0} in LumenPOS Settings → Company Accounts (or the global default).","برای {0} یک حساب هزینه خدمات در تنظیمات LumenPOS → حساب‌های شرکت تعیین کنید (یا پیش‌فرض سراسری)."
"Set a customer's credit","تعیین اعتبار مشتری"
"Set automatically once the use limit is reached.","وقتی سقف استفاده پر شود، خودکار تنظیم می‌شود."
"Set both Start Time and End Time, or neither","هم زمان شروع و هم زمان پایان را تعیین کنید، یا هیچ‌کدام را"
"Set by the daily update: per company currency, the published rate, the rate used, when, and any error.","توسط به‌روزرسانی روزانه تنظیم می‌شود: برای هر ارز شرکت، نرخ اعلام‌شده، نرخ استفاده‌شده، زمان و هر خطا."
"Set up automatically, with a cash account in this currency.","به‌طور خودکار، با یک حساب نقد به این ارز، راه‌اندازی می‌شود."
"Set up automatically: the customer a walk-in who pays in this currency is billed to.","به‌طور خودکار راه‌اندازی می‌شود: مشتری‌ای که صورت‌حساب مشتری گذری با این ارز به نام او صادر می‌شود."
"Settings are consistent","تنظیمات با هم سازگارند"
"Settings, General, Other currencies: fix the reason and save.","تنظیمات، عمومی، ارزهای دیگر: علت را برطرف کنید و ذخیره کنید."
"Settings, Status, Rebuild missing indexes.","تنظیمات، وضعیت، ساخت دوباره ایندکس‌های ناموجود."
"Several cashiers on one outlet each need their own POS Profile on ERPNext 16.","در ERPNext 16، چند صندوقدار در یک شعبه هر کدام به نمایه POS خودشان نیاز دارند."
"Shared by the group","مشترک در گروه"
"Shift already open","شیفت از قبل باز است"
"Shift from an earlier day","شیفت مربوط به روز قبل"
"Shift {0} is still being closed ({1}): retry its close from the Register screen.","شیفت {0} هنوز در حال بسته شدن است ({1}): بستن آن را از صفحه صندوق دوباره امتحان کنید."
"Shift {0} recorded cash movements and can't be deleted. Cancel it instead.","شیفت {0} جابجایی نقد ثبت کرده و قابل حذف نیست. به جای آن، لغوش کنید."
"Shifts","شیفت‌ها"
"Shifts open for more than a day: {0}","شیفت‌هایی که بیش از یک روز باز مانده‌اند: {0}"
"Shifts stuck in Closing: {0}","شیفت‌هایی که در مرحله بستن گیر کرده‌اند: {0}"
"Shifts with an ERPNext day past midnight still to post: {0}","شیفت‌هایی که از نیمه‌شب گذشته‌اند و روز ERPNext آن‌ها هنوز ثبت نشده است: {0}"
"Show a Favourites grid of one-tap items on the sell screen.","نمایش شبکه علاقه‌مندی‌ها با کالاهای یک‌لمسی در صفحه فروش."
"Show a Price check button to look up an item's price + stock without selling it.","نمایش دکمه بررسی قیمت برای دیدن قیمت + موجودی کالا بدون فروش آن."
"Show an Email receipt button so a copy can be sent to the customer's email.","نمایش دکمه ایمیل رسید تا یک نسخه به ایمیل مشتری ارسال شود."
"Show item barcode","نمایش بارکد کالا"
"Show item code","نمایش کد کالا"
"Show out-of-stock items in the grid","نمایش کالاهای ناموجود در صفحه فروش"
"Show payment method lines","نمایش ردیف‌های روش پرداخت"
"Show serial numbers","نمایش شماره‌های سریال"
"Show stock items that are out of stock (qty 0 or less) in the sell grid. Off = only items with stock are shown (non-stock items like services always show).","نمایش کالاهای انباری ناموجود (تعداد 0 یا کمتر) در صفحه فروش. خاموش = فقط کالاهای دارای موجودی نمایش داده می‌شوند (کالاهای غیرانباری مانند خدمات همیشه نمایش داده می‌شوند)."
"Show store address","نمایش آدرس فروشگاه"
"Show tax / VAT ID","نمایش شناسه مالیاتی / ارزش افزوده"
"Show terms & conditions","نمایش شرایط و ضوابط"
"Show the equivalent on local sales","نمایش معادل در فروش‌های محلی"
"Show the sale note","نمایش یادداشت فروش"
"Show unit price (qty × rate)","نمایش قیمت واحد (تعداد × نرخ)"
"Show what is new after an update","نمایش تازه‌ها پس از به‌روزرسانی"
"Shown on the invoice when this person approves a discount, e.g. Manager Khobar","وقتی این شخص تخفیفی را تأیید می‌کند روی فاکتور نمایش داده می‌شود، مثلا مدیر شعبه الخبر"
"Sign in as Administrator to build demo data.","برای ساخت داده‌های نمایشی به‌عنوان Administrator وارد شوید."
"Simple Discount","تخفیف ساده"
"Single Use","یک‌بار مصرف"
"Slow sales logged in the last 7 days: {0}","فروش‌های کند ثبت‌شده در 7 روز گذشته: {0}"
"Smallest first payment, as a percentage of the total. 0 = any amount.","کمترین پرداخت اول، به‌صورت درصدی از کل مبلغ. 0 = هر مبلغی."
"Snapshot of the cart as JSON","تصویر لحظه‌ای سبد خرید به‌صورت JSON"
"Spend and Save","بخر و صرفه‌جویی کن"
"Spent at","محل خرج"
"Stackable promotions combine with each other. Non-stackable promotions compete and only the best one applies.","پیشنهادهای ویژه قابل ترکیب با هم جمع می‌شوند. پیشنهادهای ویژه غیرقابل ترکیب با هم رقابت می‌کنند و فقط بهترین آن‌ها اعمال می‌شود."
"Standard Price","قیمت استاندارد"
"Starts","شروع"
"Status is Active","وضعیت فعال است"
"Stock Settings, Auto Insert Item Price If Missing is on: a sale of an item with no price in the price list writes that sale's rate into it.","در Stock Settings گزینه Auto Insert Item Price If Missing روشن است: فروش کالایی که در لیست قیمت قیمتی ندارد، قیمت همان فروش را در لیست می‌نویسد."
"Store Credit","اعتبار فروشگاه"
"Store address","آدرس فروشگاه"
"Store credit balance is too low to redeem {0}","مانده اعتبار فروشگاه برای خرج کردن {0} کافی نیست"
"Store credit balance is {0}, cannot redeem {1}","مانده اعتبار فروشگاه {0} است، نمی‌توان {1} خرج کرد"
"Store credit refunds","استرداد وجه به اعتبار فروشگاه"
"Stuck shifts are not retried, nightly cashback, rates and settlements do not run.","شیفت‌های گیرکرده دوباره امتحان نمی‌شوند و کارهای شبانه کش‌بک، نرخ ارز و تسویه‌ها اجرا نمی‌شوند."
"Switch on automatic exchange rates first, and save.","ابتدا نرخ‌های ارز خودکار را روشن کنید و ذخیره کنید."
"Take a payment","دریافت پرداخت"
"Take customer payments","دریافت پرداخت مشتریان"
"Take it back as a return, then ring the new goods up as a new sale.","آن را به‌صورت مرجوعی پس بگیرید، سپس کالاهای جدید را به‌عنوان فروش جدید ثبت کنید."
"Taken By","دریافت‌شده توسط"
"Tax ({0}%) is added on top of prices: the till shows prices before tax and adds it at the total.","مالیات ({0}%) روی قیمت‌ها اضافه می‌شود: صندوق قیمت‌ها را بدون مالیات نشان می‌دهد و مالیات را در جمع اضافه می‌کند."
"Tax / VAT ID","شناسه مالیاتی / ارزش افزوده"
"Tax template {0}: some rows are included in prices and some are added on top.","قالب مالیات {0}: برخی ردیف‌ها در قیمت‌ها گنجانده شده‌اند و برخی روی آن‌ها اضافه می‌شوند."
"Tax the outlet will add on top of the held prices at hand-over. Zero where the price list already includes it.","مالیاتی که شعبه هنگام تحویل به قیمت‌های رزروشده اضافه می‌کند. جایی که لیست قیمت آن را شامل می‌شود، صفر است."
"Terms & conditions","شرایط و ضوابط"
"Thank you for your purchase. Your receipt {0} is attached.","از خرید شما سپاسگزاریم. رسید {0} شما پیوست است."
"That code has expired. Ask for a new one.","آن کد منقضی شده است. کد جدیدی درخواست کنید."
"That code is not right.","آن کد درست نیست."
"That current PIN is not right.","آن PIN فعلی درست نیست."
"That is more than the {0} still owed on this hold.","این مبلغ بیشتر از {0} باقی‌مانده بدهی این رزرو است."
"The POS Opening Entry {0} of this shift was cancelled in ERPNext, so the shift closes against its amendment {1}.","ثبت افتتاحیه POS {0} این شیفت در ERPNext لغو شده است، پس شیفت با نسخه اصلاحی آن {1} بسته می‌شود."
"The POS sale that took this instalment, its line posts to the deposit liability account.","فروش POS که این قسط را دریافت کرد، ردیف آن در حساب بدهی پیش‌پرداخت ثبت می‌شود."
"The Sales Order that reserves the goods while the hold is open.","سفارش فروشی که تا وقتی رزرو باز است کالاها را کنار می‌گذارد."
"The approval is {0}, not approved.","وضعیت تأیید {0} است، تأیید نشده است."
"The approval's register session has closed.","شیفت صندوق مربوط به این تأیید بسته شده است."
"The approved discount ({0}%) is below the {1}% on this sale.","تخفیف تأییدشده ({0}%) کمتر از {1}% این فروش است."
"The automatic rate for {0} did not update","نرخ ارز خودکار برای {0} به‌روز نشد"
"The cashback expense account must be an Expense account, and {0} is {1}","حساب هزینه کش‌بک باید از نوع هزینه باشد، اما {0} از نوع {1} است"
"The cashback liability account must be a Liability account, and {0} is {1}","حساب بدهی کش‌بک باید از نوع بدهی باشد، اما {0} از نوع {1} است"
"The cashier must enter the terminal / transfer reference before the sale can complete.","صندوقدار باید پیش از تکمیل فروش، شماره مرجع کارتخوان / انتقال را وارد کند."
"The cashier's register has closed, this request has expired.","صندوق صندوقدار بسته شده است، این درخواست منقضی شده است."
"The company that holds the balance: its liability goes down.","شرکتی که مانده نزد آن است: بدهی آن کاهش می‌یابد."
"The company whose outlet took the balance as payment and gave the goods.","شرکتی که شعبه‌اش مانده را به‌عنوان پرداخت پذیرفت و کالا را تحویل داد."
"The cost of the cashback program. Earned cashback is debited here, and expired or returned cashback is credited back. Leave empty to create ""Cashback Expense"" under Indirect Expenses.","هزینه برنامه کش‌بک. کش‌بک کسب‌شده در این حساب بدهکار می‌شود و کش‌بک منقضی یا برگشتی به آن بستانکار می‌شود. برای ساخت ""Cashback Expense"" زیر Indirect Expenses، خالی بگذارید."
"The count is short or over: write a reason before closing the register.","شمارش کسری یا اضافه دارد: پیش از بستن صندوق یک دلیل بنویسید."
"The customer owes {0} on the sales chosen: take at most that.","بدهی مشتری بابت فروش‌های انتخاب‌شده {0} است: حداکثر همین مبلغ را دریافت کنید."
"The daily summary Journal Entry that booked this row to the accounts. Empty until it is posted. Redeem rows stay empty: the sale's payment books them.","ثبت دفتر روزنامه خلاصه روزانه که این ردیف را در حساب‌ها ثبت کرد. تا زمان ثبت خالی است. ردیف‌های خرج خالی می‌مانند: پرداخت فروش آن‌ها را ثبت می‌کند."
"The expected takings could not be worked out when this shift was closed. They are filled in from its POS Closing Entry when it consolidates.","دریافتی‌های مورد انتظار هنگام بستن این شیفت محاسبه نشد. هنگام تلفیق، از ثبت اختتامیه POS آن پر می‌شوند."
"The file has no rows","فایل هیچ ردیفی ندارد"
"The goods coming back are worth more than the new ones. Choose how to refund {0}.","ارزش کالاهای برگشتی از کالاهای جدید بیشتر است. روش استرداد {0} را انتخاب کنید."
"The item a deposit is taken on. Blank = LumenPOS creates LUMENPOS-DEPOSIT.","کالایی که پیش‌پرداخت روی آن دریافت می‌شود. خالی = LumenPOS کالای LUMENPOS-DEPOSIT را می‌سازد."
"The languages a cashier can pick at the till, one ERPNext language code per line (en, ar ...). Empty = every language LumenPOS ships, including ones a later update adds. English is always offered. Set from the till: Settings, General, Languages.","زبان‌هایی که صندوقدار می‌تواند در صندوق انتخاب کند، در هر خط یک کد زبان ERPNext (en، ar ...). خالی = همه زبان‌هایی که LumenPOS ارائه می‌کند، از جمله زبان‌هایی که به‌روزرسانی‌های بعدی اضافه می‌کنند. انگلیسی همیشه در دسترس است. از صندوق تنظیم می‌شود: تنظیمات، عمومی، زبان‌ها."
"The last rate is kept. Settings, Other currencies, Update now.","آخرین نرخ ارز حفظ می‌شود. تنظیمات، ارزهای دیگر، به‌روزرسانی فوری."
"The margin for {0} must be from 0 to less than 100%.","حاشیه {0} باید از 0 تا کمتر از 100% باشد."
"The new items come to {0}, {1} is covered by the return, so {2} is due but {3} was entered.","جمع کالاهای جدید {0} است، {1} با مرجوعی پوشش داده می‌شود، پس {2} باید پرداخت شود اما {3} وارد شده است."
"The outlet the cashback was earned at. Expire and Reverse rows keep the outlet of the Earn row they come from.","شعبه‌ای که کش‌بک در آن کسب شد. ردیف‌های انقضا و برگشت، شعبه ردیف کسبی را که از آن آمده‌اند نگه می‌دارند."
"The payment method {0} already exists, and its account for {1} ({2}) is in {3}, not {4}. Give it a {4} account, or rename it, so the {4} cash drawer can be set up.","روش پرداخت {0} از قبل وجود دارد و حساب آن برای {1} ({2}) به {3} است، نه {4}. به آن یک حساب {4} بدهید، یا نامش را تغییر دهید، تا کشوی پول {4} راه‌اندازی شود."
"The payment method {0} already exists, and its account for {1} is {2}. LumenPOS needs its own for sales on account: rename yours in ERPNext (Mode of Payment, Rename) and save again.","روش پرداخت {0} از قبل وجود دارد و حساب آن برای {1}، {2} است. LumenPOS برای فروش نسیه روش پرداخت خودش را لازم دارد: نام روش پرداخت خودتان را در ERPNext تغییر دهید (نحوه پرداخت، تغییر نام) و دوباره ذخیره کنید."
"The promotion only applies when the cashier enters this coupon code at the till","پیشنهاد ویژه فقط وقتی اعمال می‌شود که صندوقدار این کد کوپن را در صندوق وارد کند"
"The qualifying items must total at least this to earn cashback","جمع کالاهای واجد شرایط برای کسب کش‌بک باید دست‌کم این مبلغ باشد"
"The rate must be more than 0.","نرخ باید بیشتر از 0 باشد."
"The rates service answered: {0}","پاسخ سرویس نرخ ارز: {0}"
"The rates service has no rate for {0}.","سرویس نرخ ارز نرخی برای {0} ندارد."
"The refund split adds up to {0} but the refund is {1}.","جمع تقسیم استرداد {0} است اما مبلغ استرداد {1} است."
"The refund split adds up to {0} but {1} is left over after the new items.","جمع تقسیم استرداد {0} است اما پس از کالاهای جدید {1} باقی می‌ماند."
"The sale doctype this entry came from. LumenPOS posts POS Invoices by default, but a profile can be set to post Sales Invoices instead.","نوع سند فروشی که این ثبت از آن آمده است. LumenPOS به‌طور پیش‌فرض فاکتور POS ثبت می‌کند، اما می‌توان یک نمایه را طوری تنظیم کرد که به جای آن فاکتور فروش ثبت کند."
"The sale this return takes back has not reached the server yet. It goes first, then this return.","فروشی که این مرجوعی برمی‌گرداند هنوز به سرور نرسیده است. ابتدا آن فروش ارسال می‌شود، سپس این مرجوعی."
"The till has NOT been closed automatically, a close without a real cash count is worthless.","صندوق به‌طور خودکار بسته نشده است، بستن بدون شمارش واقعی پول ارزشی ندارد."
"The till values this currency this much below the published rate, the way a shop taking it at a market rate does.","صندوق ارزش این ارز را به این اندازه کمتر از نرخ اعلام‌شده در نظر می‌گیرد، همان‌طور که فروشگاهی که آن را به نرخ بازار می‌پذیرد عمل می‌کند."
"Theft or loss","سرقت یا گم شدن"
"Their sales are not in the books yet.","فروش‌های آن‌ها هنوز در دفاتر ثبت نشده است."
"There is no exchange rate from {0} to {1}. Set it in LumenPOS Settings, General, Other currencies.","هیچ نرخ ارزی از {0} به {1} وجود ندارد. آن را در تنظیمات LumenPOS، عمومی، ارزهای دیگر تعیین کنید."
"These items are never taken back: {0}","این کالاها هرگز پس گرفته نمی‌شوند: {0}"
"These items need an approved return request: {0}","این کالاها به درخواست مرجوعی تأییدشده نیاز دارند: {0}"
"These items sell at the price set here while this book is active (by validity + priority). Items not listed keep their normal selling price.","تا زمانی که این دفتر قیمت فعال است (بر اساس اعتبار + اولویت)، این کالاها با قیمت تعیین‌شده در اینجا فروخته می‌شوند. کالاهایی که در فهرست نیستند قیمت فروش عادی خود را دارند."
"These items were sold together (bundle/offer) and must be returned together: {0}. Use Exchange for a partial swap.","این کالاها با هم فروخته شده‌اند (بسته/پیشنهاد) و باید با هم مرجوع شوند: {0}. برای جابجایی بخشی از آن‌ها از تعویض استفاده کنید."
"They should run every 10 minutes. The workers may be stopped.","این کارها باید هر 10 دقیقه اجرا شوند. شاید فرایندهای پس‌زمینه متوقف شده باشند."
"This approval is for a {0}, not a {1}.","این تأیید برای {0} است، نه {1}."
"This approval was already used.","این تأیید قبلا استفاده شده است."
"This approval was issued to another cashier.","این تأیید برای صندوقدار دیگری صادر شده است."
"This coupon's promotion isn't available right now","پیشنهاد ویژه این کوپن در حال حاضر در دسترس نیست"
"This customer is disabled.","این مشتری غیرفعال است."
"This customer is not allowed to buy on account. Allow it on their card in Customers.","این مشتری مجاز به خرید نسیه نیست. در صفحه مشتریان، در مشخصات او اجازه دهید."
"This discount is within the {0}% limit, no approval needed.","این تخفیف در محدوده سقف {0}% است، تأیید لازم نیست."
"This hold is {0}","این رزرو {0} است"
"This payment method cannot be used when the cart contains a matching item.","وقتی سبد خرید کالای منطبقی داشته باشد، نمی‌توان از این روش پرداخت استفاده کرد."
"This person passes, whatever roles they hold.","این شخص مجاز است، هر نقشی که داشته باشد."
"This register is being closed. Reopen it (or wait for the close to finish) before ringing up this sale.","این صندوق در حال بسته شدن است. پیش از ثبت این فروش، آن را دوباره باز کنید (یا صبر کنید تا بستن تمام شود)."
"This request was already {0}.","این درخواست قبلا {0} است."
"This return approval is for invoice {0}.","این تأیید مرجوعی برای فاکتور {0} است."
"This return was refunded without a connection as {0}, but ERPNext calculated {1}. Check the sale and make the return again from Sales History.","وجه این مرجوعی بدون اتصال به مبلغ {0} مسترد شد، اما ERPNext مبلغ {1} را محاسبه کرد. فروش را بررسی کنید و مرجوعی را دوباره از تاریخچه فروش انجام دهید."
"This role (plus managers) may return a sale past the return window WITHOUT an approval request. Blank = nobody bypasses (everyone uses the request flow).","این نقش (به‌علاوه مدیران) می‌تواند فروشی را که مهلت مرجوعی آن گذشته بدون درخواست تأیید مرجوع کند. خالی = هیچ‌کس استثنا نیست (همه از روند درخواست استفاده می‌کنند)."
"This sale was paid by {0}, so it can only be refunded to: {1}. Adjust the refund methods in LumenPOS Settings if needed.","این فروش با {0} پرداخت شده است، پس وجه آن فقط به این روش‌ها قابل استرداد است: {1}. در صورت نیاز، روش‌های استرداد را در تنظیمات LumenPOS تغییر دهید."
"This sale was rung up as {0} but ERPNext calculated {1} (short by {2}). This is usually a price-list or VAT mismatch. Check that every item is priced on the active price list and that the VAT template's 'included in rate' flag matches your shelf prices (Settings → Status).","این فروش به مبلغ {0} ثبت شد اما ERPNext مبلغ {1} را محاسبه کرد ({2} کسری). معمولا علت آن ناهماهنگی لیست قیمت یا مالیات بر ارزش افزوده است. بررسی کنید که همه کالاها در لیست قیمت فعال قیمت داشته باشند و گزینه 'شامل در نرخ' الگوی مالیات بر ارزش افزوده با قیمت‌های قفسه شما مطابقت داشته باشد (تنظیمات → وضعیت)."
"This sale was rung up at {0}, but the shift sells {1} at {2}. Ring it up again.","این فروش با نرخ {0} ثبت شد، اما شیفت {1} را با نرخ {2} می‌فروشد. دوباره آن را ثبت کنید."
"This shift belongs to {0}. Only the cashier who opened the register can sell on it. Close that shift and open your own.","این شیفت متعلق به {0} است. فقط صندوقداری که صندوق را باز کرده می‌تواند روی آن بفروشد. آن شیفت را ببندید و شیفت خودتان را باز کنید."
"This shift was opened on {0}. ERPNext 16 accepts sales only on a shift opened today: close this shift on the Register screen and open a new one.","این شیفت در {0} باز شده است. ERPNext 16 فقط روی شیفتی که امروز باز شده فروش می‌پذیرد: این شیفت را در صفحه صندوق ببندید و شیفت جدیدی باز کنید."
"This shop asks for at least {0}% down, which is {1}.","این فروشگاه دست‌کم {0}% پیش‌پرداخت می‌خواهد که برابر با {1} است."
"This site already has {0} posted POS invoices, so it does not look like an empty demo site. Nothing was created.","این سایت از قبل {0} فاکتور POS ثبت‌شده دارد، پس به نظر نمی‌رسد یک سایت نمایشی خالی باشد. چیزی ساخته نشد."
"This version of Lumen Reports does not include the LumenPOS dashboard yet. Update Lumen Reports, then try again.","این نسخه از Lumen Reports هنوز داشبورد LumenPOS را ندارد. Lumen Reports را به‌روزرسانی کنید و دوباره تلاش کنید."
"Tick to EXCLUDE these products instead of including them (e.g. all products except this brand)","تیک بزنید تا این محصولات به جای شامل شدن، مستثنی شوند (مثلا همه محصولات به جز این برند)"
"Times Used","دفعات استفاده"
"To let customers pay with loyalty points, tick 'Allow Partial Payment' on the POS Profile {0}. This version of ERPNext counts only cash and card towards the total, so it rejects a sale that is part points even though the sale is fully settled. LumenPOS still checks every sale adds up before it posts.","برای اینکه مشتریان بتوانند با امتیاز وفاداری پرداخت کنند، گزینه 'اجازه پرداخت جزئی' را در نمایه POS {0} تیک بزنید. این نسخه از ERPNext فقط نقد و کارت را در جمع کل حساب می‌کند، پس فروشی را که بخشی از آن با امتیاز است رد می‌کند، حتی اگر فروش کامل تسویه شده باشد. LumenPOS همچنان پیش از ثبت، درستی جمع هر فروش را بررسی می‌کند."
"Too many attempts, wait a minute and try again.","تلاش‌های زیادی انجام شد، یک دقیقه صبر کنید و دوباره تلاش کنید."
"Too many attempts, wait a moment and try again.","تلاش‌های زیادی انجام شد، کمی صبر کنید و دوباره تلاش کنید."
"Total Discounts","جمع تخفیف‌ها"
"Total Sales","جمع فروش"
"Turn till features on or off. Each control is independent.","قابلیت‌های صندوق را روشن یا خاموش کنید. هر گزینه مستقل است."
"Unknown delivery app {0}. Add it in LumenPOS Settings","اپلیکیشن تحویل ناشناخته {0}. آن را در تنظیمات LumenPOS اضافه کنید"
"Unknown item {0}","کالای ناشناخته {0}"
"Unknown request type {0}","نوع درخواست ناشناخته {0}"
"Unlocked by {0}","قفل توسط {0} باز شد"
"Update exchange rates automatically","به‌روزرسانی خودکار نرخ‌های ارز"
"Usable After (days)","قابل استفاده پس از (روز)"
"Usable From","قابل استفاده از"
"Use Limit","محدودیت استفاده"
"Used At","زمان استفاده"
"Used On (Invoice)","استفاده‌شده در (فاکتور)"
"Used when the outlet has no shift schedule.","وقتی شعبه برنامه شیفت ندارد استفاده می‌شود."
"Users holding this role (plus LumenPOS/System Managers) can approve discount AND return requests. Requests can only be approved while the cashier's register is still open.","کاربرانی که این نقش را دارند (به‌علاوه مدیران LumenPOS/مدیران سیستم) می‌توانند درخواست‌های تخفیف و مرجوعی را تأیید کنند. درخواست‌ها فقط تا وقتی صندوق صندوقدار باز است قابل تأیید هستند."
"Usually fine. If something stops working after an ERPNext update, send this screen.","معمولا مشکلی نیست. اگر پس از به‌روزرسانی ERPNext چیزی از کار افتاد، این صفحه را بفرستید."
"Valid For (days)","مدت اعتبار (روز)"
"Valid To","معتبر تا"
"Valid To cannot be before Valid From","تاریخ پایان اعتبار نمی‌تواند پیش از تاریخ شروع اعتبار باشد"
"Valid Until","معتبر تا"
"Variance threshold","آستانه مغایرت"
"Walk-in customer","مشتری گذری"
"Warn about locked accounting periods","هشدار درباره دوره‌های حسابداری قفل‌شده"
"Warn when offline sales are not protected","هشدار وقتی فروش‌های آفلاین محافظت نمی‌شوند"
"What is being approved","آنچه تأیید می‌شود"
"What the company owes customers in unspent cashback. Earned cashback is credited here and spent cashback is debited. Leave empty to create ""Cashback"" under Current Liabilities.","بدهی شرکت به مشتریان بابت کش‌بک خرج‌نشده. کش‌بک کسب‌شده در این حساب بستانکار و کش‌بک خرج‌شده بدهکار می‌شود. برای ساخت ""Cashback"" زیر Current Liabilities، خالی بگذارید."
"What the customer pays in the end, tax and all.","آنچه مشتری در نهایت می‌پردازد، با احتساب مالیات و همه چیز."
"What this rule refuses to take back.","آنچه این قانون پس نمی‌گیرد."
"What to call it at the till, e.g. ""Approval code"" or ""Transfer no."". Defaults to ""Reference"".","نامی که در صندوق نمایش داده می‌شود، مثلا ""کد تأیید"" یا ""شماره انتقال"". پیش‌فرض ""شماره مرجع"" است."
"When a counted drawer is short or over at the close. Optional (the default): the cashier may give a reason and say what was done. Required: the register does not close without a reason, checked on the server too. Off: the till does not ask. Set from the till: Settings, General, Register and shifts.","وقتی شمارش کشوی صندوق هنگام بستن کسری یا اضافه دارد. اختیاری (پیش‌فرض): صندوقدار می‌تواند دلیل و اقدام انجام‌شده را بگوید. الزامی: صندوق بدون دلیل بسته نمی‌شود و سرور هم آن را بررسی می‌کند. خاموش: صندوق نمی‌پرسد. تنظیم در صندوق: تنظیمات، عمومی، صندوق و شیفت‌ها."
"When an ERPNext Accounting Period locks Sales Invoices today, the till says so as a shift opens (the close posts the shift's sales as a Sales Invoice, so it would fail), and a close it stopped names the period and how to unlock it. The system check lists such periods either way. Set from the till: Settings, General, Register and shifts.","وقتی یک دوره حسابرسی در ERPNext امروز فاکتورهای فروش را قفل کرده باشد، صندوق هنگام باز کردن شیفت اطلاع می‌دهد (بستن، فروش‌های شیفت را به صورت فاکتور فروش ثبت می‌کند و ناموفق می‌شد)، و بستنی که به این دلیل انجام نشد، دوره و راه باز کردن قفل آن را نشان می‌دهد. بررسی سیستم در هر حال این دوره‌ها را فهرست می‌کند. تنظیم در صندوق: تنظیمات، عمومی، صندوق و شیفت‌ها."
"When several price books apply, the highest priority wins","وقتی چند دفتر قیمت اعمال شوند، بالاترین اولویت اعمال می‌شود"
"Where it applies","محل اعمال"
"Which price the discount is calculated from. Price Book Price stacks on an active price book. Standard Price discounts from the regular price and gives the customer the lower of the two (never stacks with a price book).","قیمتی که تخفیف از آن محاسبه می‌شود. قیمت دفتر قیمت روی دفتر قیمت فعال اضافه می‌شود. قیمت استاندارد از قیمت عادی تخفیف می‌دهد و کمترین این دو را به مشتری می‌دهد (هرگز با دفتر قیمت جمع نمی‌شود)."
"Which sale is being exchanged?","کدام فروش تعویض می‌شود؟"
"Who can buy on account","چه کسی می‌تواند نسیه بخرد"
"Who can do what","چه کسی چه کاری می‌تواند انجام دهد"
"Who may do what at the till. A capability with no row here is open to everyone (except returning past the window, which stays closed unless named). Managers always pass.","چه کسی در صندوق چه کاری می‌تواند انجام دهد. مجوزی که اینجا ردیفی ندارد برای همه آزاد است (به جز مرجوعی پس از مهلت، که تا کسی تعیین نشود بسته می‌ماند). مدیران همیشه مجازند."
"Wrong approver passcode for the {0}% discount.","رمز تأیید تأییدکننده برای تخفیف {0}% اشتباه است."
"Wrong change given","باقی پول اشتباه داده شد"
"X-report (mid-shift read)","گزارش X (خوانش میان شیفت)"
"You are not allowed to approve requests.","شما اجازه تأیید درخواست‌ها را ندارید."
"You are not allowed to close a register","شما اجازه بستن صندوق را ندارید"
"You are not allowed to exchange goods","شما اجازه تعویض کالا را ندارید"
"You are not allowed to hold goods for a customer","شما اجازه رزرو کالا برای مشتری را ندارید"
"You are not allowed to open a register","شما اجازه باز کردن صندوق را ندارید"
"You are not allowed to put money in or take it out","شما اجازه واریز یا برداشت پول را ندارید"
"You are not allowed to reprint a receipt","شما اجازه چاپ مجدد رسید را ندارید"
"You are not allowed to sell on account.","شما اجازه فروش نسیه را ندارید."
"You are not allowed to set a customer's credit.","شما اجازه تعیین اعتبار مشتری را ندارید."
"You are not allowed to take customer payments.","شما اجازه دریافت پرداخت مشتریان را ندارید."
"You are not assigned to outlet {0}. Ask an administrator to add you under Applicable for Users.","شما به شعبه {0} اختصاص داده نشده‌اید. از مدیر سیستم بخواهید شما را در بخش قابل استفاده برای کاربران اضافه کند."
"You are not permitted to close a register","شما مجاز به بستن صندوق نیستید"
"You are not permitted to make sales","شما مجاز به انجام فروش نیستید"
"You are not permitted to open a register","شما مجاز به باز کردن صندوق نیستید"
"You are not permitted to view customers.","شما مجاز به مشاهده مشتریان نیستید."
"You are not permitted to work with {0}","شما مجاز به کار با {0} نیستید"
"You are not permitted to {0} {1}.","شما مجاز به {0} {1} نیستید."
"You can only manage your own register","شما فقط می‌توانید صندوق خودتان را مدیریت کنید"
"You can't approve your own request, another approver must.","نمی‌توانید درخواست خودتان را تأیید کنید، تأییدکننده دیگری باید این کار را انجام دهد."
"You cannot see {0}'s figures","شما نمی‌توانید ارقام {0} را ببینید"
"You do not have access to the POS. Ask an administrator to grant you the LumenPOS Cashier role (or POS Invoice access).","شما به POS دسترسی ندارید. از مدیر سیستم بخواهید نقش صندوقدار LumenPOS (یا دسترسی به فاکتور POS) را به شما بدهد."
"You do not have access to {0}.","شما به {0} دسترسی ندارید."
"You're not allowed to change prices at this outlet ({0} costs {1}).","شما اجازه تغییر قیمت در این شعبه را ندارید ({0} قیمتش {1} است)."
"You're not allowed to edit prices or apply discounts on a sale.","شما اجازه ویرایش قیمت یا اعمال تخفیف روی فروش را ندارید."
"You're not allowed to make returns.","شما اجازه انجام مرجوعی را ندارید."
"You're not allowed to see sales by salesperson.","اجازه دیدن فروش به تفکیک فروشنده را ندارید."
"You're not allowed to see the system check.","اجازه دیدن بررسی سیستم را ندارید."
"You're not allowed to see {0}.","اجازه دیدن {0} را ندارید."
"Your LumenPOS PIN reset code","کد بازنشانی PIN شما در LumenPOS"
"Your VAT / tax registration number.","شماره ثبت مالیات بر ارزش افزوده / شماره مالیاتی شما."
"Your receipt from {0}, {1}","رسید شما از {0}، {1}"
"Your user has no email address. Ask an administrator to reset your PIN.","کاربر شما آدرس ایمیل ندارد. از مدیر سیستم بخواهید PIN شما را بازنشانی کند."
"its warehouse belongs to another company","انبار آن به شرکت دیگری تعلق دارد"
"late return approved by {0}","مرجوعی دیرهنگام توسط {0} تأیید شد"
"made without a connection","انجام‌شده بدون اتصال"
"no payment methods","بدون روش پرداخت"
"no price list","بدون لیست قیمت"
"no reason recorded","علتی ثبت نشده است"
"no warehouse","بدون انبار"
"not scheduled","برنامه‌ریزی نشده"
"the close has not finished","بستن تمام نشده است"
"the till paid out {0}","صندوق {0} پرداخت کرد"
"transaction reference","شماره مرجع تراکنش"
"{0} '{1}' does not exist. Pick it from the dropdown list","{0} '{1}' وجود ندارد. آن را از فهرست کشویی انتخاب کنید"
"{0} ({1}): {2} to {3}, locks {4}","{0} ({1}): از {2} تا {3}، {4} را قفل می‌کند"
"{0} are in {1} only, and this customer buys in {2}.","{0} فقط به {1} است و این مشتری به {2} خرید می‌کند."
"{0} can't be used for this sale ({1}). Choose another payment method.","از {0} نمی‌توان برای این فروش استفاده کرد ({1}). روش پرداخت دیگری انتخاب کنید."
"{0} can't be used to refund this sale. Allowed: {1}.","از {0} نمی‌توان برای استرداد وجه این فروش استفاده کرد. مجاز: {1}."
"{0} cannot be returned","{0} قابل مرجوعی نیست"
"{0} does not let prices be changed at the till. Tick Allow User to Edit Rate on its POS Profile to allow it.","{0} اجازه تغییر قیمت در صندوق را نمی‌دهد. برای مجاز کردن، گزینه اجازه ویرایش نرخ به کاربر را در نمایه POS آن تیک بزنید."
"{0} has NO price on price list '{1}', a percentage of 0 is 0","{0} در لیست قیمت '{1}' هیچ قیمتی ندارد، درصدی از 0 برابر 0 است"
"{0} has shift {1} open since {2}: close it first.","{0} شیفت {1} را از {2} باز دارد: ابتدا آن را ببندید."
"{0} is billed in {1}, but this till sells in {2}. Switch on Other currencies in LumenPOS Settings, choose another customer, or clear the customer's Billing Currency in ERPNext (Customer, Currency and Price List).","صورت‌حساب {0} به {1} صادر می‌شود، اما این صندوق به {2} می‌فروشد. ارزهای دیگر را در تنظیمات LumenPOS روشن کنید، مشتری دیگری انتخاب کنید، یا ارز صورت‌حساب مشتری را در ERPNext پاک کنید (مشتری، ارز و لیست قیمت)."
"{0} is billed in {1}, which this till does not sell in. Add {1} in LumenPOS Settings, General, Other currencies, or change the customer's Billing Currency.","صورت‌حساب {0} به {1} صادر می‌شود که این صندوق با آن نمی‌فروشد. {1} را در تنظیمات LumenPOS، عمومی، ارزهای دیگر اضافه کنید، یا ارز صورت‌حساب مشتری را تغییر دهید."
"{0} is kept by LumenPOS for gift cards and hold deposits and cannot be sold as a product.","{0} را LumenPOS برای کارت‌های هدیه و پیش‌پرداخت رزروها نگه می‌دارد و نمی‌توان آن را به‌عنوان محصول فروخت."
"{0} is not a field of the customer form","{0} فیلدی از فرم مشتری نیست"
"{0} is not a payment method of this outlet.","{0} از روش‌های پرداخت این شعبه نیست."
"{0} is not a payment taken at the till.","{0} پرداختی نیست که در صندوق دریافت شده باشد."
"{0} is not an active salesperson.","{0} یک فروشنده فعال نیست."
"{0} is serialized, quantity must be a whole number","{0} سریال‌دار است، تعداد باید عدد صحیح باشد"
"{0} is serialized: scan {1} serial number(s), got {2}","{0} سریال‌دار است: {1} شماره سریال اسکن کنید، {2} دریافت شد"
"{0} is serialized: select {1} serial number(s) to return, got {2}","{0} سریال‌دار است: {1} شماره سریال برای مرجوعی انتخاب کنید، {2} دریافت شد"
"{0} issued by {1} and spent at {2}","{0} صادرشده توسط {1} و خرج‌شده در {2}"
"{0} needs a {1} before this sale can be completed.","{0} پیش از تکمیل این فروش به {1} نیاز دارد."
"{0} owes {1} of a limit of {2}, so at most {3} can go on account. Take more now, or ask a manager to raise the limit.","{0} با سقف {2}، {1} بدهی دارد، پس حداکثر {3} را می‌توان نسیه ثبت کرد. اکنون مبلغ بیشتری دریافت کنید، یا از یک مدیر بخواهید سقف را بالا ببرد."
"{0} paid {1} by {2}","{0} مبلغ {1} را با {2} پرداخت کرد"
"{0} paid {1} by {2} at {3}, shift {4}","{0} مبلغ {1} را با {2} در {3}، شیفت {4} پرداخت کرد"
"{0} printed again in the browser","{0} در مرورگر دوباره چاپ شد"
"{0} printed again on the receipt printer","{0} با چاپگر رسید دوباره چاپ شد"
"{0} put on account at {1}: {2}","{0} در {1} نسیه ثبت شد: {2}"
"{0} sales · takings {1}","{0} فروش · دریافتی {1}"
"{0} still has {1} on account. {2}","{0} هنوز {1} نسیه دارد. {2}"
"{0} takes {1} off what is owed on account","{0} مبلغ {1} را از بدهی نسیه کم می‌کند"
"{0} takes {1} only, and this sale is in {2}.","{0} فقط {1} می‌پذیرد و این فروش به {2} است."
"{0} was sold by {1}, but this till belongs to {2}. A return must be processed by a till in the same company.","{0} توسط {1} فروخته شده است، اما این صندوق متعلق به {2} است. مرجوعی باید در صندوقی از همان شرکت انجام شود."
"{0}% discount cleared by approved request {1}","تخفیف {0}% با درخواست تأییدشده {1} مجاز شد"
"{0}% discount cleared by passcode","تخفیف {0}% با رمز تأیید مجاز شد"
"{0}, Create Ledger Entries for Change Amount: on. Saving LumenPOS Settings turns it on.","در {0}، گزینه Create Ledger Entries for Change Amount را روشن کنید. ذخیره تنظیمات LumenPOS آن را روشن می‌کند."
"{0}: allowed on account, limit {1}","{0}: نسیه مجاز، سقف {1}"
"{0}: not allowed on account, limit {1}","{0}: نسیه غیرمجاز، سقف {1}"
"{0}: price changed from {1} to {2}","{0}: قیمت از {1} به {2} تغییر کرد"
"“{0}” is a base selling price list, editing it here would change your normal selling prices. Create a dedicated price list for this book/app instead.","“{0}” یک لیست قیمت فروش پایه است و ویرایش آن در اینجا قیمت‌های فروش عادی شما را تغییر می‌دهد. به جای آن، یک لیست قیمت اختصاصی برای این دفتر/اپلیکیشن بسازید."
