"(no recorded payment)","(aucun paiement enregistré)"
"0 = unlimited repeats per sale","0 = répétitions illimitées par vente"
"0 = usable immediately. Otherwise it becomes spendable this many days after the sale.","0 = utilisable immédiatement. Sinon, il devient utilisable ce nombre de jours après la vente."
"<p>Your PIN reset code is <b>{0}</b>.</p><p>It expires in {1} minutes. If you didn't ask for this, ignore this email, your current PIN still works.</p>","<p>Votre code de réinitialisation du code PIN est <b>{0}</b>.</p><p>Il expire dans {1} minutes. Si vous ne l'avez pas demandé, ignorez cet e-mail, votre code PIN actuel fonctionne toujours.</p>"
"A PIN must be 4 to 8 digits.","Un code PIN doit comporter de 4 à 8 chiffres."
"A built-in field of the form (mobile_no, email_id, tax_id, building_no, street, district, city, postal_code, additional_no) or any field of Customer.","Un champ intégré du formulaire (mobile_no, email_id, tax_id, building_no, street, district, city, postal_code, additional_no) ou tout champ de Client."
"A bundle needs specific product rows, not 'all products'","Un pack nécessite des lignes de produits précises, pas « tous les produits »"
"A check could not run","Une vérification n'a pas pu s'exécuter"
"A customer billed in another currency (Customer, Currency and Price List) buys in it: prices, payment and receipt in that currency, at a rate fixed for the shift. Off: such a customer is refused.","Un client facturé dans une autre devise (Client, Devise et liste de prix) achète dans cette devise : prix, paiement et ticket dans cette devise, à un taux fixé pour la session de caisse. Désactivé : un tel client est refusé."
"A gift card cannot pay for a gift card","Une carte cadeau ne peut pas servir à payer une carte cadeau"
"A hold needs a customer, so the shop knows whose goods these are","Une mise de côté nécessite un client, pour que le magasin sache à qui appartiennent ces articles"
"A label for the batch this code was generated/imported in.","Un libellé pour le lot dans lequel ce code a été généré/importé."
"A manual discount of {0}% exceeds the {1}% limit, approver passcode required","Une remise manuelle de {0} % dépasse la limite de {1} %, code d'accès d'un approbateur requis"
"A manual discount of {0}% exceeds the {1}% limit. Enter the manager passcode or send an approval request.","Une remise manuelle de {0} % dépasse la limite de {1} %. Saisissez le code d'accès du responsable ou envoyez une demande d'approbation."
"A manual discount of {0}% exceeds the {1}% limit. Send an approval request.","Une remise manuelle de {0} % dépasse la limite de {1} %. Envoyez une demande d'approbation."
"A percentage of the qualifying items, or a fixed amount","Un pourcentage des articles éligibles, ou un montant fixe"
"A price cannot be below zero.","Un prix ne peut pas être inférieur à zéro."
"A reason the cashier can pick when refunding an item (shown at the till).","Un motif que le caissier peut choisir en remboursant un article (affiché à la caisse)."
"A refund does not go back onto a gift card or cashback. Refund that part as store credit.","Un remboursement ne retourne pas sur une carte cadeau ni en cashback. Remboursez cette partie en crédit magasin."
"A register closed with a counted difference over the alert threshold.","Une caisse a été fermée avec un écart de comptage supérieur au seuil d'alerte."
"A register is still open well past the end of its shift.","Une caisse est encore ouverte bien après la fin de sa session de caisse."
"A reusable timetable, one schedule can serve many outlets.","Un planning réutilisable, un même planning peut servir plusieurs magasins."
"A sale that took longer than usual is written to the Error Log with its timings.","Une vente plus longue que d'habitude est inscrite dans l'Error Log avec ses durées."
"A salesperson is required but none exists","Un vendeur est obligatoire, mais il n'en existe aucun"
"A shift belongs to","Une session de caisse appartient à"
"A shift left open holds its sales out of the books, and on ERPNext 16 can block its outlet.","Une session de caisse laissée ouverte garde ses ventes hors de la comptabilité et, sur ERPNext 16, peut bloquer son magasin."
"A statistics page for managers. With the Lumen Reports app installed it embeds a ready-made POS sales dashboard, otherwise it suggests installing it.","Une page de statistiques pour les responsables. Si l'application Lumen Reports est installée, elle intègre un tableau de bord des ventes PDV prêt à l'emploi, sinon elle propose de l'installer."
"Absolute difference (over or short) on any payment method that triggers the email.","Écart absolu (en plus ou en moins), sur n'importe quel mode de paiement, à partir duquel l'e-mail est envoyé."
"Account {0} belongs to {1}, not {2}","Le compte {0} appartient à {1}, pas à {2}"
"Account {0} does not belong to {1}","Le compte {0} n'appartient pas à {1}"
"Account {0} is a group account. Pick an account under it","Le compte {0} est un compte de groupe. Choisissez un compte sous celui-ci"
"Account {0} is a {1} account, which cashback cannot post to","Le compte {0} est un compte de type {1}, sur lequel le cashback ne peut pas être comptabilisé"
"Account {0} is a {1} account, which needs a party on every line","Le compte {0} est un compte de type {1}, qui exige un tiers sur chaque ligne"
"Account {0} is disabled","Le compte {0} est désactivé"
"Account {0} must be an Asset account, and it is {1}","Le compte {0} doit être un compte d'actif, alors qu'il est de type {1}"
"Add a Sales Person in ERPNext, or set Salesperson at the till to Optional.","Ajoutez un Sales Person dans ERPNext, ou réglez Vendeur en caisse sur Facultatif."
"Add a service charge to every sale (e.g. restaurants / salons).","Ajouter des frais de service à chaque vente (ex. restaurants / salons)."
"Add at least one item the customer is taking instead","Ajoutez au moins un article que le client prend à la place"
"Add at least one item to the test basket","Ajoutez au moins un article au panier de test"
"Add at least one product row or tick 'Apply on all products'","Ajoutez au moins une ligne produit ou cochez « Appliquer à tous les produits »"
"Add the goods being held","Ajoutez les articles à mettre de côté"
"Add the items that make up the bundle","Ajoutez les articles qui composent le pack"
"After this date the shop may cancel the hold. Nothing happens automatically.","Après cette date, le magasin peut annuler la mise de côté. Rien ne se passe automatiquement."
"Alert only, a till is never closed automatically, because a close without a real cash count produces figures nobody can trust.","Alerte uniquement, une caisse n'est jamais fermée automatiquement, car une fermeture sans vrai comptage des espèces donne des chiffres auxquels personne ne peut se fier."
"All Customers","Tous les clients"
"Allocated Price","Prix alloué"
"Allocated prices add up to {0}, but the Bundle Price is {1}, they must match exactly","La somme des prix alloués est de {0}, mais le prix du pack est de {1}, ils doivent correspondre exactement"
"Allow a refund to be parked on the customer's Store Credit instead of handing money back. Turn OFF if shop policy is money-back only. Note: credit the customer actually SPENT on that sale can always be returned to credit (capped at what they spent), otherwise a credit-paid sale would have no refund method at all.","Permet de placer un remboursement sur le crédit magasin du client au lieu de lui rendre de l'argent. DÉSACTIVEZ si la politique du magasin est le remboursement en argent uniquement. Remarque : le crédit que le client a réellement DÉPENSÉ sur cette vente peut toujours être rendu en crédit (dans la limite de ce qu'il a dépensé), sinon une vente payée en crédit n'aurait aucun mode de remboursement."
"Allow a single discount on the whole cart (subject to the discount limit + edit-price role).","Autoriser une remise unique sur tout le panier (soumise à la limite de remise + au rôle de modification des prix)."
"Allow printing an X-report (mid-shift drawer read) without closing the register.","Autoriser l'impression d'un rapport X (lecture du tiroir en cours de session de caisse) sans fermer la caisse."
"Allow refund as","Autoriser le remboursement en"
"Allow refunding to Store Credit","Autoriser le remboursement en crédit magasin"
"Allow refunding to this mode","Autoriser le remboursement sur ce mode de paiement"
"Always positive. Earn adds, the rest remove.","Toujours positif. Un gain augmente le solde, les autres types le diminuent."
"Always positive; Issue adds to the balance, Redeem subtracts","Toujours positif. Une émission augmente le solde, une utilisation le diminue"
"Amount must be positive, use Entry Type to add or subtract","Le montant doit être positif, utilisez le type d'écriture pour ajouter ou retirer"
"An approved request can still return it","Une demande approuvée permet quand même le retour"
"An end time EARLIER than (or equal to) the start means the shift crosses midnight.","Une heure de fin ANTÉRIEURE (ou égale) à l'heure de début signifie que la session de caisse passe minuit."
"An item tag (the tags you add to items in ERPNext)","Une étiquette d'article (les étiquettes que vous ajoutez aux articles dans ERPNext)"
"Anyone holding this role passes. Leave blank to name a single person instead.","Toute personne ayant ce rôle est autorisée. Laissez vide pour désigner plutôt une seule personne."
"Applies to this group AND everything under it.","S'applique à ce groupe ET à tout ce qui se trouve en dessous."
"Apply on all products","Appliquer à tous les produits"
"Approver Name","Nom de l'approbateur"
"Approver Role (for requests)","Rôle d'approbateur (pour les demandes)"
"Ask for a reset code first.","Demandez d'abord un code de réinitialisation."
"Asset account for what other companies of the group owe this one for customer balances spent here. Created automatically when empty.","Compte d'actif pour ce que les autres sociétés du groupe doivent à celle-ci au titre des soldes clients dépensés ici. Créé automatiquement s'il est vide."
"At least one payment is required","Au moins un paiement est requis"
"Audit log","Journal d'audit"
"Auto-lock after (minutes)","Verrouillage automatique après (minutes)"
"Auto-lock after this many minutes of inactivity (0 = manual lock only).","Verrouillage automatique après ce nombre de minutes d'inactivité (0 = verrouillage manuel uniquement)."
"Automatic rate status","État du taux automatique"
"Background jobs are switched off on this site","Les tâches en arrière-plan sont désactivées sur ce site"
"Basket Discount Type","Type de remise sur le panier"
"Basket Discount Value","Valeur de remise sur le panier"
"Basket Discount Value must be greater than zero","La valeur de remise sur le panier doit être supérieure à zéro"
"Block regular returns after the return window below. Past the window, the cashier can send a return-approval request that an Approver Role holder approves while the register is open.","Bloquer les retours ordinaires après le délai de retour ci-dessous. Passé ce délai, le caissier peut envoyer une demande d'approbation de retour, qu'un détenteur du rôle d'approbateur approuve tant que la caisse est ouverte."
"Blocked Mode of Payment","Mode de paiement bloqué"
"Bundle Price","Prix du pack"
"Bundle Price must be greater than zero","Le prix du pack doit être supérieur à zéro"
"Bundle Price only: units of this product required per bundle","Prix du pack uniquement : unités de ce produit requises par pack"
"Bundle {0} does not exist","Le pack {0} n'existe pas"
"Bundle {0} is inactive","Le pack {0} est inactif"
"Bundle {0} is incomplete, it needs exactly: {1}","Le pack {0} est incomplet, il lui faut exactement : {1}"
"Bundle {0} is not offered at {1}","Le pack {0} n'est pas proposé au magasin {1}"
"Bundle {0} is not valid today","Le pack {0} n'est pas valable aujourd'hui"
"Buy Quantity","Quantité achetée"
"Buy Quantity must be at least 1","La quantité achetée doit être d'au moins 1"
"Buy X Get Y","Achetez X, obtenez Y"
"Cache only in-stock items for offline use","Mettre en cache hors ligne uniquement les articles en stock"
"Calculate discount on","Calculer la remise sur"
"Can","Peut"
"Can combine with other cashback rules","Cumulable avec d'autres règles de cashback"
"Can combine with other promotions","Cumulable avec d'autres promotions"
"Cap on the cashback from one sale (0 = no cap). Applies to a percentage.","Plafond du cashback pour une vente (0 = sans plafond). S'applique à un pourcentage."
"Card Number","Numéro de carte"
"Cart JSON","Panier JSON"
"Cart Total","Total du panier"
"Cart is empty","Le panier est vide"
"Cart lines / invoice summary captured when the request was raised.","Lignes du panier / résumé de la facture enregistrés au moment de la demande."
"Cash Float","Fond de caisse"
"Cash In","Entrée d'espèces"
"Cash In / Out","Entrées / sorties d'espèces"
"Cash Movements","Mouvements d'espèces"
"Cash Out","Sortie d'espèces"
"Cash in / out","Entrées / sorties d'espèces"
"Cash in this currency","Espèces dans cette devise"
"Cash variance on {0} ({1})","Écart de caisse : {0} ({1})"
"Cashback","Cashback"
"Cashback Expense Account","Compte de charges du cashback"
"Cashback Liability Account","Compte de passif du cashback"
"Cashback Rule","Règle de cashback"
"Cashback Type","Type de cashback"
"Cashback balance is too low to redeem {0}","Solde de cashback insuffisant pour utiliser {0}"
"Cashback balance is {0}, cannot redeem {1}","Le solde de cashback est de {0}, impossible d'utiliser {1}"
"Cashier Name","Nom du caissier"
"Change at this outlet comes from {0}, which is in {1}: a sale in {2} cannot give change from it. Take the exact amount, or set the outlet's Account for Change Amount (POS Profile) to an account in {3}.","La monnaie de ce magasin est rendue depuis {0}, qui est en {1} : une vente en {2} ne peut pas y prendre la monnaie. Encaissez le montant exact, ou réglez le « Compte pour le Rendu de Monnaie » du magasin (Profil PDV) sur un compte en {3}."
"Change given in another currency cannot reach the books","La monnaie à rendre dans une autre devise ne peut pas être comptabilisée"
"Change given in this currency","Monnaie rendue dans cette devise"
"Check the site's background workers (on Frappe Cloud, the bench's Jobs).","Vérifiez les processus d'arrière-plan du site (sur Frappe Cloud, les Jobs du bench)."
"Choose exactly what each receipt shows.","Choisissez exactement ce qu'affiche chaque ticket."
"Choose the company this program belongs to","Choisissez la société à laquelle appartient ce programme"
"Choose the sale to take back","Choisissez la vente à reprendre"
"Choose the {0} this rule applies to","Choisissez l'élément ({0}) auquel s'applique cette règle"
"Close the register","Fermer la caisse"
"Close the shifts they belong to. A shift stuck in Closing shows above.","Clôturez les sessions de caisse auxquelles elles appartiennent. Une session de caisse bloquée en clôture apparaît plus haut."
"Close them from the Register page (a manager can close anyone's).","Clôturez-les depuis la page Caisse (un responsable peut clôturer celles de tout le monde)."
"Close them in ERPNext (POS Closing Entry) or cancel them if they hold no sales.","Clôturez-les dans ERPNext (POS Closing Entry) ou annulez-les si elles ne contiennent aucune vente."
"Close your open shift first: {0}. This shop allows one open shift per person at a time.","Fermez d'abord votre session ouverte : {0}. Ce magasin n'autorise qu'une session ouverte par personne à la fois."
"Closed At","Date de fermeture"
"Closed by","Fermé par"
"Closing Attempts","Tentatives de fermeture"
"Closing Counts","Comptages de fermeture"
"Closing Error","Erreur de fermeture"
"Closing Note","Note de fermeture"
"Closing Started At","Début de la fermeture"
"Closing Status","Statut de la fermeture"
"Closing figures out of date","Chiffres de fermeture obsolètes"
"Compact","Compact"
"Companies of the group","Sociétés du groupe"
"Company Accounts","Comptes de la société"
"Company customers","Clients sociétés"
"Complete the outlet's POS Profile in ERPNext.","Complétez le POS Profile du magasin dans ERPNext."
"Consolidation","Consolidation"
"Consolidation Error","Erreur de consolidation"
"Consolidation failed","Échec de la consolidation"
"Could not reach printer at {0}:{1} ({2})","Impossible de joindre l'imprimante à l'adresse {0}:{1} ({2})"
"Counted","Compté"
"Coupon","Coupon"
"Coupon code {0} is already used by {1}","Le code de coupon {0} est déjà utilisé par {1}"
"Create a POS Profile in ERPNext.","Créez un POS Profile dans ERPNext."
"Currencies the till sells in","Devises de vente de la caisse"
"Currency {0} is not set up","La devise {0} n'est pas configurée"
"Custom Fields (JSON)","Champs personnalisés (JSON)"
"Customer Eligibility","Éligibilité des clients"
"Customer balances across companies","Soldes clients entre sociétés"
"Customer currency","Devise du client"
"Customer deposits account","Compte des acomptes clients"
"Customer group eligibility","Éligibilité par groupe de clients"
"Customer has {0} loyalty points, cannot redeem {1}","Le client a {0} points de fidélité, impossible d'en utiliser {1}"
"Customer name is required","Le nom du client est obligatoire"
"Customer pays this for the whole bundle; the saving is split across the component lines (kept separate so each item can be returned individually)","Le client paie ce prix pour le pack entier : l'économie est répartie sur les lignes des composants (gardées séparées pour que chaque article puisse être retourné individuellement)"
"Customer pays this total for one full set of the products listed above (use the Qty column for multiples). Items stay separate lines on the invoice.","Le client paie ce total pour un ensemble complet des produits listés ci-dessus (utilisez la colonne Qté pour les multiples). Les articles restent sur des lignes séparées de la facture."
"Customer {0} is not enrolled in a loyalty program","Le client {0} n'est inscrit à aucun programme de fidélité"
"Customer {0} not found","Client {0} introuvable"
"Customer-facing display","Afficheur client"
"Daily time window","Plage horaire quotidienne"
"Date window ({0} → {1})","Plage de dates ({0} → {1})"
"Days Closed While the Shift Ran","Journées clôturées pendant la session"
"Days after the sale during which a regular return is allowed. 0 = no time limit.","Nombre de jours après la vente pendant lesquels un retour ordinaire est autorisé. 0 = sans limite de temps."
"Days of Week","Jours de la semaine"
"Decided At","Date de décision"
"Decided By","Décidé par"
"Decision","Décision"
"Decision Note","Note de décision"
"Delivery Apps","Applications de livraison"
"Deposit for hold {0}","Acompte pour la mise de côté {0}"
"Deposit item","Article d'acompte"
"Deposits are taxable when taken","Acomptes taxables à l'encaissement"
"Detail","Détail"
"Detailed","Détaillé"
"Discount Approval","Approbation des remises"
"Discount Approvers","Approbateurs des remises"
"Discount Limit (%)","Limite de remise (%)"
"Discount Type is required for a Simple Discount","Le type de remise est obligatoire pour une remise simple"
"Discount Value","Valeur de la remise"
"Discount Value must be greater than zero","La valeur de la remise doit être supérieure à zéro"
"Discount approved by {0}","Remise approuvée par {0}"
"Discount requests are turned off. Ask a manager for the passcode.","Les demandes de remise sont désactivées. Demandez le code d'accès à un responsable."
"Drawer","Tiroir"
"Due from group companies","Dû par les sociétés du groupe"
"Due to group companies","Dû aux sociétés du groupe"
"ERPNext 16 lets an outlet sell with only one open shift, and {0} still has one:","ERPNext 16 ne permet à un magasin de vendre qu'avec une seule session de caisse ouverte, et {0} en a encore une :"
"ERPNext 16 sells only on an opening entry opened today, one per outlet.","ERPNext 16 ne vend que sur une ouverture PDV du jour, une par magasin."
"ERPNext 16 takes sales only on a POS Opening Entry opened the same day. A shift that sold on past midnight closed each earlier day in ERPNext and opened the next, and was counted once, at its own close.","ERPNext 16 n'accepte les ventes que sur une Ouverture PDV ouverte le jour même. Une session qui a continué à vendre après minuit a clôturé chaque journée précédente dans ERPNext et ouvert la suivante, et n'a été comptée qu'une fois, à sa propre clôture."
"ERPNext 16 takes sales only on a shift opened the same day. On (the default): at the first sale after midnight LumenPOS closes the day in ERPNext and opens the next one by itself, and the shift carries on and is counted once, at its own close. Off: a shift from an earlier day has to be closed before it can sell again. Set from the till: Settings, General, Register and shifts.","ERPNext 16 n'accepte les ventes que sur une session ouverte le jour même. Activé (par défaut) : à la première vente après minuit, LumenPOS clôture la journée dans ERPNext et ouvre la suivante de lui-même, et la session continue et n'est comptée qu'une fois, à sa propre clôture. Désactivé : une session d'un jour précédent doit être clôturée avant de pouvoir vendre à nouveau. Se règle depuis la caisse : Paramètres, Général, Caisse et sessions."
"ERPNext Days","Journées ERPNext"
"ERPNext accepts the till's invoices","ERPNext accepte les factures de la caisse"
"ERPNext adds a missing item price from a sale","ERPNext ajoute un prix d'article manquant à partir d'une vente"
"ERPNext is set not to record change as its own ledger entry (Create Ledger Entries for Change Amount, in POS Settings on ERPNext 16 and Accounts Settings before), so change can only come back in local money from the drawer the customer paid into. Turn that on, or take the exact amount.","ERPNext est configuré pour ne pas enregistrer la monnaie rendue dans une écriture distincte (« Créer des écritures de grand livre pour modifier le montant », dans Paramètres PDV sur ERPNext 16 et dans Paramètres de comptabilité avant), la monnaie ne peut donc être rendue qu'en devise locale, depuis le tiroir où le client a payé. Activez cette option, ou encaissez le montant exact."
"ERPNext is set to make Sales Invoices from the POS (POS Settings, Invoice Type Created via POS Screen), so it refuses the POS Invoices this outlet makes. Set it to POS Invoice, or set the outlet to Sales Invoice (POS Profile, LumenPOS).","ERPNext est configuré pour créer des factures de vente depuis le PDV (Paramètres PDV, « Invoice Type Created via POS Screen »), il refuse donc les factures PDV de ce magasin. Réglez ce champ sur Facture PDV, ou réglez le magasin sur Facture de vente (Profil PDV, LumenPOS)."
"ERPNext refuses POS Invoices on this site","ERPNext refuse les factures PDV sur ce site"
"ERPNext {0} has not been tested with LumenPOS","ERPNext {0} n'a pas été testé avec LumenPOS"
"ERPNext {0} is newer than the release LumenPOS was last tested on ({1})","ERPNext {0} est plus récent que la version sur laquelle LumenPOS a été testé en dernier ({1})"
"ERPNext {0}, tested with LumenPOS","ERPNext {0}, testé avec LumenPOS"
"ERPNext's day could not be closed for this shift ({0}). Close the shift on the Register screen and open a new one.","La journée ERPNext n'a pas pu être clôturée pour cette session ({0}). Clôturez la session depuis l'écran Caisse et ouvrez-en une nouvelle."
"ERPNext's day was closed at {0} while this shift sold on past midnight: POS Closing Entry {1} holds its {2} sales, and POS Opening Entry {3} opens the next day. The drawer is counted once, when the shift closes.","La journée ERPNext a été clôturée à {0} pendant que cette session continuait à vendre après minuit : la Clôture PDV {1} contient ses {2} ventes, et l'Ouverture PDV {3} ouvre la journée suivante. Le tiroir-caisse est compté une seule fois, à la clôture de la session."
"Each manager gets their own passcode; the approver's name is recorded on the invoice. The single Manager Passcode above still works as a master code.","Chaque responsable a son propre code d'accès, et le nom de l'approbateur est enregistré sur la facture. Le code d'accès du responsable ci-dessus, commun à tous, fonctionne toujours comme code principal."
"Earn","Gain"
"Earned cashback expires this many days after it becomes usable (0 = never expires)","Le cashback gagné expire ce nombre de jours après être devenu utilisable (0 = n'expire jamais)"
"Earning and redemption rates must be greater than zero","Les taux de gain et d'utilisation doivent être supérieurs à zéro"
"Edit price / discount","Modifier le prix / la remise"
"Edit price / discount role","Rôle de modification du prix / de la remise"
"Either give every component an Allocated Price or leave them all empty","Donnez un prix alloué à chaque composant ou laissez-les tous vides"
"Eligibility","Éligibilité"
"Email a role when a closing count differs from expected by more than the threshold. Records and notifies, it never blocks the close.","Envoyer un e-mail à un rôle quand l'écart entre le comptage de fermeture et le montant attendu dépasse le seuil. Enregistre et prévient, ne bloque jamais la fermeture."
"Email an alert on a large closing variance","Alerter par e-mail en cas d'écart important à la fermeture"
"Email an alert when a shift is left open","Alerter par e-mail quand une session de caisse reste ouverte"
"Email receipt","Ticket par e-mail"
"Email receipts are turned off (Settings → Features).","Les tickets par e-mail sont désactivés (Paramètres → Fonctionnalités)."
"Empty: every company. Set: every outlet of this company, unless outlets are chosen below.","Vide : toutes les sociétés. Renseigné : tous les magasins de cette société, sauf si des magasins sont choisis ci-dessous."
"Empty: the built-in form. Name and mobile for everyone; for companies also the tax ID and the Saudi national address.","Vide : le formulaire intégré. Nom et mobile pour tous, et pour les sociétés aussi le numéro fiscal et l'adresse nationale saoudienne."
"Empty: the main cash drawer.","Vide : le tiroir-caisse principal."
"Enable Cashback","Activer le cashback"
"Enable Insights","Activer Insights"
"Enable a second-screen customer-facing display (mirrors the cart on another monitor/window).","Activer un afficheur client sur un second écran (reproduit le panier sur un autre moniteur/une autre fenêtre)."
"Enable holds and deposits","Activer les mises de côté et les acomptes"
"Enable the scheduler (bench enable-scheduler, or ask the hosting provider).","Activez le planificateur (bench enable-scheduler, ou demandez à l'hébergeur)."
"End Date cannot be before Start Date","La date de fin ne peut pas être antérieure à la date de début"
"Ends","Fin"
"Enter a coupon code","Saisissez un code de coupon"
"Enter a name for the price list","Saisissez un nom pour la liste de prix"
"Enter the amount the customer is paying","Saisissez le montant payé par le client"
"Enter the gift card amount","Saisissez le montant de la carte cadeau"
"Enter your current PIN to change it.","Saisissez votre code PIN actuel pour le modifier."
"Entry of the company that issued it","Écriture de la société émettrice"
"Entry of the company that spent it","Écriture de la société où le solde a été dépensé"
"Every Day","Tous les jours"
"Every sale will be refused.","Toutes les ventes seront refusées."
"Exceed return window role","Rôle de dépassement du délai de retour"
"Exchange goods","Échanger des articles"
"Exchange rate","Taux de change"
"Exchange role","Rôle pour les échanges"
"Exchanges are in {0} only. For a sale in {1}, refund it and ring the new goods up as a new sale.","Les échanges se font uniquement en {0}. Pour une vente en {1}, remboursez-la et saisissez les nouveaux articles dans une nouvelle vente."
"Exclude","Exclure"
"Exclude these items instead of including them","Exclure ces articles au lieu de les inclure"
"Expected to end","Fin prévue"
"Expire","Expiration"
"Extra allowed refund methods. Example: if paid with Mada, allow refund as Cash. A method can always be refunded to itself, so you only add the exceptions.","Modes de remboursement supplémentaires autorisés. Exemple : si payé par Mada, autoriser le remboursement en espèces. Un mode de paiement peut toujours être remboursé sur lui-même, vous n'ajoutez donc que les exceptions."
"Extra line under the company name (e.g. branch / slogan).","Ligne supplémentaire sous le nom de la société (ex. magasin / slogan)."
"Failed Attempts","Tentatives échouées"
"Fallback: hours after opening","À défaut : heures après l'ouverture"
"Features","Fonctionnalités"
"Fields on the new customer form","Champs du formulaire nouveau client"
"Fill in: {0}","Champs à renseigner : {0}"
"Fixed Price","Prix fixe"
"Fixed at","Fixé le"
"Fixed with the rate: the shift gives the change of a sale in this currency from that currency's own drawer.","Fixé avec le taux : la session de caisse rend la monnaie d'une vente dans cette devise depuis le tiroir de cette même devise."
"Fixed: the rate the shop sets. Automatic: updated once a day, when automatic rates are switched on in LumenPOS Settings.","Fixe : le taux défini par le magasin. Automatique : mis à jour une fois par jour, quand les taux automatiques sont activés dans les Paramètres LumenPOS."
"Footer line (e.g. thank-you, social).","Ligne de pied de page (ex. remerciements, réseaux sociaux)."
"For an Earn row: the unspent, unexpired part still available.","Pour une ligne Gain : la part non dépensée et non expirée, encore disponible."
"For example: hygiene items cannot be returned once opened.","Par exemple : les articles d'hygiène ne peuvent pas être retournés une fois ouverts."
"Free","Gratuit"
"Fully Used","Entièrement utilisé"
"Generate at most 5000 coupons at a time","Générez au maximum 5000 coupons à la fois"
"Generated {0}","Généré le {0}"
"Get","Obtenir"
"Get Quantity","Quantité obtenue"
"Get Quantity must be at least 1","La quantité obtenue doit être d'au moins 1"
"Gift Card Expiry (days)","Expiration des cartes cadeaux (jours)"
"Gift Card Item","Article carte cadeau"
"Gift Card Liability Account","Compte de passif des cartes cadeaux"
"Gift Card Mode of Payment","Mode de paiement des cartes cadeaux"
"Gift Cards","Cartes cadeaux"
"Gift card payments don't match the scanned cards","Les paiements par carte cadeau ne correspondent pas aux cartes scannées"
"Gift card {0} already exists","La carte cadeau {0} existe déjà"
"Gift card {0} expired on {1}","La carte cadeau {0} a expiré le {1}"
"Gift card {0} has {1} left, cannot redeem {2}","Il reste {1} sur la carte cadeau {0}, impossible d'utiliser {2}"
"Gift card {0} is {1}","La carte cadeau {0} a le statut {1}"
"Gift card {0} not found","Carte cadeau {0} introuvable"
"Gift card {0} was issued by {1} and is used at its outlets only.","La carte cadeau {0} a été émise par {1} et ne s'utilise que dans ses magasins."
"Gift cards","Les cartes cadeaux"
"Gift cards, cashback and store credit. Shared: spendable at any company of the group with the same currency, each company's books kept right by an Inter Company Journal Entry. Separate: spendable only at the company that issued it.","Cartes cadeaux, cashback et crédit magasin. Partagé : utilisable dans toute société du groupe ayant la même devise, les comptes de chaque société restant justes grâce à une écriture inter-sociétés. Séparé : utilisable uniquement dans la société émettrice."
"Gift cards, store credit, cashback and loyalty points","Les cartes cadeaux, le crédit magasin, le cashback et les points de fidélité"
"Give change in this currency","Rendre la monnaie dans cette devise"
"Give customers cashback on qualifying sales, configured in POS Cashback Rule. Turning this off stops earning and hides the page.","Offre du cashback aux clients sur les ventes éligibles, configuré dans Règle de cashback PDV. Si vous le désactivez, plus aucun cashback n'est gagné et la page est masquée."
"Give the loyalty program a name","Donnez un nom au programme de fidélité"
"Global fallback income account for the service charge. Prefer a per-company account under Company Accounts.","Compte de produits général utilisé à défaut pour les frais de service. Préférez un compte par société dans Comptes de la société."
"Goods handed over on {0}","Articles remis avec la facture {0}"
"Goods on hold","Articles mis de côté"
"Grace period (minutes)","Délai de grâce (minutes)"
"Grouped, most frequent first.","Regroupées, les plus fréquentes d'abord."
"HOLD-.YYYY.-","HOLD-.YYYY.-"
"Hand these goods over at {0}, where they are kept.","Remettez ces articles au magasin {0}, où ils sont conservés."
"Handed Over At","Remis le"
"Handed Over On Invoice","Remis avec la facture"
"Higher priority wins when two exclusive promotions give the same savings","La priorité la plus haute l'emporte quand deux promotions exclusives offrent la même économie"
"Higher wins when two non-combinable rules both match","La priorité la plus haute l'emporte quand deux règles non cumulables s'appliquent en même temps"
"Hold Until","Mis de côté jusqu'au"
"Hold cancelled","Mise de côté annulée"
"Hold goods for (days)","Durée de mise de côté (jours)"
"Hold goods for a customer","Mettre des articles de côté pour un client"
"Hold {0} belongs to another company","La mise de côté {0} appartient à une autre société"
"Hold {0} belongs to {1}. Serve it at one of its outlets.","La mise de côté {0} appartient à {1}. Traitez-la dans l'un de ses magasins."
"Hold {0} handed over","Mise de côté {0} : articles remis"
"Holds and deposits","Mises de côté et acomptes"
"Holds and deposits are switched off for this shop","Les mises de côté et acomptes sont désactivés pour ce magasin"
"How a cashier clears an over-limit discount. Passcode only = a manager enters the passcode at the till. Request only = the cashier sends a request a role-holder approves while the register is open. Passcode or request = either.","Comment un caissier fait valider une remise au-delà de la limite. Code d'accès uniquement = un responsable saisit le code d'accès à la caisse. Demande uniquement = le caissier envoie une demande qu'un titulaire du rôle approuve pendant que la caisse est ouverte. Code d'accès ou demande = l'un ou l'autre."
"How long a hold runs before the shop may cancel it. 0 = no limit. Nothing is cancelled automatically.","Durée pendant laquelle une mise de côté court avant que le magasin puisse l'annuler. 0 = sans limite. Rien n'est annulé automatiquement."
"How long after the scheduled end before alerting.","Délai après la fin prévue avant d'envoyer une alerte."
"How many coupons should I generate?","Combien de coupons faut-il générer ?"
"How many times each code may be redeemed. 1 = single use, 0 = unlimited (until it expires).","Nombre de fois où chaque code peut être utilisé. 1 = usage unique, 0 = illimité (jusqu'à son expiration)."
"If paid with","Si payé par"
"If you cannot close it, a manager can close it for you from that outlet's Register page.","Si vous ne pouvez pas la fermer, un responsable peut la fermer pour vous depuis la page Caisse de ce magasin."
"Imported {0}","Import du {0}"
"Individual customers","Clients particuliers"
"Initial Amount","Montant initial"
"Insights","Insights"
"Insights are turned off in LumenPOS Settings","Insights est désactivé dans les Paramètres LumenPOS"
"Instalments","Versements"
"Inter Company Journal Entries","Écritures inter-sociétés"
"Invalid or expired coupon code","Code de coupon invalide ou expiré"
"Invoice Age (days)","Ancienneté de la facture (jours)"
"Invoice type","Type de facture"
"Issued On Invoice","Émise sur la facture"
"Issued by","Émis par"
"Items shown as one-tap buttons on the sell screen.","Articles affichés en boutons à une touche sur l'écran de vente."
"JSON list of dynamic receipt fields sourced from the POS Profile or the sale invoice (managed from the POS Settings page). Each: {source, fieldname, label, render, position}.","Liste JSON des champs dynamiques du ticket, issus du Profil PDV ou de la facture de la vente (gérée depuis la page Paramètres de la caisse). Chacun : {source, fieldname, label, render, position}."
"Keep a shift open past midnight","Garder une session ouverte après minuit"
"Languages","Langues"
"Languages at the till","Langues à la caisse"
"Last error","Dernière erreur"
"Late return approved by {0}","Retour tardif approuvé par {0}"
"Leave empty for all customers","Laissez vide pour tous les clients"
"Leave empty for all outlets","Laissez vide pour tous les magasins"
"Leave empty to apply at every outlet","Laissez vide pour appliquer dans tous les magasins"
"Leave empty to apply at every outlet.","Laissez vide pour appliquer dans tous les magasins."
"Leave empty to run in all outlets","Laissez vide pour l'appliquer dans tous les magasins"
"Legacy flag (superseded by Use Limit). Kept for older codes.","Ancien indicateur (remplacé par Limite d'utilisation). Conservé pour les anciens codes."
"Legacy/internal, price books now store item prices directly below.","Ancien champ interne : les barèmes de prix enregistrent maintenant les prix des articles directement ci-dessous."
"Liability account for customer deposits. Blank = LumenPOS creates 'Customer Deposits'. A per-company account can be set in Company Accounts.","Compte de passif des acomptes clients. Vide = LumenPOS crée 'Customer Deposits'. Un compte par société peut être défini dans Comptes de la société."
"Liability account for what this company owes others of the group for its customer balances spent there. Created automatically when empty.","Compte de passif pour ce que cette société doit aux autres sociétés du groupe pour les soldes de ses clients dépensés chez elles. Créé automatiquement s'il est vide."
"Liability account that backs gift cards (selling a card increases it, redeeming decreases it). Leave empty to auto-create ""Gift Cards"".","Compte de passif qui couvre les cartes cadeaux (la vente d'une carte l'augmente, son utilisation le diminue). Laissez vide pour créer automatiquement ""Gift Cards""."
"Liability account this company holds customer deposits in. Blank = LumenPOS creates 'Customer Deposits'.","Compte de passif où cette société enregistre les acomptes clients. Vide = LumenPOS crée 'Customer Deposits'."
"Limit regular returns to a time window","Limiter les retours ordinaires à un délai"
"List the products that make up the bundle","Indiquez les produits qui composent le pack"
"Load","Chargement"
"Lock screen (PIN to unlock)","Écran de verrouillage (code PIN pour déverrouiller)"
"Lock the till behind a PIN (a manager/approver PIN, or any manager). Protects an unattended register.","Verrouille la caisse par un code PIN (celui d'un responsable ou d'un approbateur, ou n'importe quel responsable). Protège une caisse laissée sans surveillance."
"Logo shown at the top of the printed/on-screen receipt.","Logo affiché en haut du ticket imprimé ou à l'écran."
"Lookup not allowed for {0}","Recherche non autorisée pour {0}"
"Lumen Reports could not set up the dashboard","Lumen Reports n'a pas pu configurer le tableau de bord"
"Lumen Reports could not set up the dashboard on this site: {0}","Lumen Reports n'a pas pu configurer le tableau de bord sur ce site : {0}"
"Lumen Reports is not installed on this site","Lumen Reports n'est pas installé sur ce site"
"Lumen Reports needs Frappe v{0} or newer","Lumen Reports nécessite Frappe v{0} ou une version plus récente"
"LumenPOS","LumenPOS"
"LumenPOS Audit Log","Journal d'audit LumenPOS"
"LumenPOS Cashier","Caissier LumenPOS"
"LumenPOS Company Setting","Paramètre de société LumenPOS"
"LumenPOS Manager","Responsable LumenPOS"
"LumenPOS Payment Method Rule","Règle de mode de paiement LumenPOS"
"LumenPOS Profile Receipt","Ticket par magasin LumenPOS"
"LumenPOS Settings","Paramètres LumenPOS"
"LumenPOS User PIN","Code PIN utilisateur LumenPOS"
"LumenPOS background jobs failed in the last 7 days","Des tâches en arrière-plan de LumenPOS ont échoué ces 7 derniers jours"
"LumenPOS background jobs have not run since {0}","Les tâches en arrière-plan de LumenPOS ne se sont pas exécutées depuis {0}"
"LumenPOS cashback for {0} ({1}): {2} earned on {3} sales, {4} expired or returned on {5} entries.","Cashback LumenPOS du {0} ({1}) : {2} gagné sur {3} ventes, {4} expiré ou annulé par un retour sur {5} mouvements."
"LumenPOS could not use ERPNext's {0} on this version of ERPNext ({1}). This usually means the site is running an ERPNext release LumenPOS has not been updated for yet, please report it to hello@lumen-solutions.co with this message.","LumenPOS n'a pas pu utiliser {0} d'ERPNext sur cette version d'ERPNext ({1}). Cela signifie en général que le site utilise une version d'ERPNext pour laquelle LumenPOS n'a pas encore été mis à jour. Signalez-le à hello@lumen-solutions.co avec ce message."
"LumenPOS errors in the last 7 days: {0}","Erreurs LumenPOS ces 7 derniers jours : {0}"
"LumenPOS is tested on ERPNext 13 to 16.","LumenPOS est testé sur ERPNext 13 à 16."
"Make returns","Faire des retours"
"Make returns role","Rôle pour faire des retours"
"Manager Passcode","Code d'accès du responsable"
"Manual discounts above this percentage need approval. 0 disables the check.","Les remises manuelles au-delà de ce pourcentage doivent être approuvées. 0 désactive le contrôle."
"Margin below the published rate","Marge sous le taux publié"
"Max Applications per Sale","Nombre max. d'applications par vente"
"Maximum Cashback","Cashback maximum"
"Minimum Spend","Dépense minimale"
"Minimum Spend must be greater than zero","La dépense minimale doit être supérieure à zéro"
"Minimum deposit (%)","Acompte minimum (%)"
"Mode of Payment used to redeem gift cards. Leave empty to auto-create/use ""Gift Card"".","Mode de paiement utilisé pour payer avec les cartes cadeaux. Laissez vide pour créer ou utiliser automatiquement ""Gift Card""."
"Money","Montants"
"New customer","Nouveau client"
"New customer form","Formulaire nouveau client"
"New gift cards expire this many days after sale. 0 = never expire.","Les nouvelles cartes cadeaux expirent ce nombre de jours après la vente. 0 = n'expirent jamais."
"New sales were recorded after the closing screen was loaded. Refresh the closing screen, re-check the counts, then close again.","De nouvelles ventes ont été enregistrées après le chargement de l'écran de fermeture. Actualisez l'écran de fermeture, revérifiez les comptages, puis fermez à nouveau."
"No LumenPOS errors in the last 7 days","Aucune erreur LumenPOS ces 7 derniers jours"
"No POS Profile is assigned to you. Create one and add yourself under Applicable for Users.","Aucun Profil PDV ne vous est attribué. Créez-en un et ajoutez-vous dans Applicable pour les utilisateurs."
"No account group found for {0} in {1}. Create the account '{0}' in {2} by hand.","Aucun groupe de comptes trouvé pour {0} dans {1}. Créez manuellement le compte '{0}' en {2}."
"No codes found in the file","Aucun code trouvé dans le fichier"
"No email address. Add one to the customer or type it in.","Aucune adresse e-mail. Ajoutez-en une au client ou saisissez-la."
"No expense account group found for {0}","Aucun groupe de comptes de charges trouvé pour {0}"
"No expense account group found for {0}. Create a cashback expense account and choose it in LumenPOS Settings","Aucun groupe de comptes de charges trouvé pour {0}. Créez un compte de charges pour le cashback et choisissez-le dans les Paramètres LumenPOS"
"No liability account group found for {0}","Aucun groupe de comptes de passif trouvé pour {0}"
"No liability account group found for {0}, create a 'Store Credit' liability account manually","Aucun groupe de comptes de passif trouvé pour {0}, créez manuellement un compte de passif 'Store Credit'"
"No liability account group found for {0}, create a '{1}' liability account manually","Aucun groupe de comptes de passif trouvé pour {0}, créez manuellement un compte de passif '{1}'"
"No liability account group found for {0}. Create a cashback liability account and choose it in LumenPOS Settings","Aucun groupe de comptes de passif trouvé pour {0}. Créez un compte de passif pour le cashback et choisissez-le dans les Paramètres LumenPOS"
"No open register session. Open the register first.","Aucune session de caisse ouverte. Ouvrez d'abord la caisse."
"No outlet (POS Profile) is set up","Aucun magasin (POS Profile) n'est configuré"
"No receipt printer configured on POS Profile {0}","Aucune imprimante de tickets configurée sur le Profil PDV {0}"
"No shift needs attention","Aucune session de caisse n'a besoin d'attention"
"No tax template: sales carry no tax.","Aucun modèle de taxe : les ventes ne portent aucune taxe."
"No warehouse belongs to company {0}. Set a Default Warehouse on the POS Profile (or create a warehouse for this company) before selling gift cards.","Aucun entrepôt n'appartient à la société {0}. Définissez un entrepôt par défaut sur le Profil PDV (ou créez un entrepôt pour cette société) avant de vendre des cartes cadeaux."
"No {0} account group found for {1}. Create '{2}' by hand.","Aucun groupe de comptes {0} trouvé pour {1}. Créez '{2}' manuellement."
"Nobody is assigned to it yet (POS Profile, Applicable for Users).","Personne n'y est encore affecté (POS Profile, Applicable for Users)."
"Non-stock item posted when a gift card is sold. Leave empty to auto-create ""GIFT-CARD"".","Article hors stock comptabilisé lors de la vente d'une carte cadeau. Laissez vide pour créer automatiquement ""GIFT-CARD""."
"Not allowed.","Non autorisé."
"Notify role","Rôle à prévenir"
"Number of Sales","Nombre de ventes"
"Off: the till shows nothing about holds at all. A shop that never puts goods aside for a customer does not need the button or the screen.","Désactivé : la caisse n'affiche rien du tout sur les mises de côté. Un magasin qui ne met jamais d'articles de côté pour un client n'a besoin ni du bouton ni de l'écran."
"Offer","Offre"
"Offline cache only keeps items that have stock in the register's warehouse (smaller, faster cache)","Le cache hors ligne ne garde que les articles en stock dans l'entrepôt de la caisse (cache plus petit et plus rapide)"
"Oldest from {0}. Their stock has not moved yet and they are missing from the accounts.","La plus ancienne date du {0}. Leur stock n'a pas encore été mouvementé et elles manquent dans la comptabilité."
"On (the default): sales and returns made without a connection are sent as soon as the network is back, even with the till closed, where the browser allows it (Chrome, Edge, Android). The till still sends them itself whenever it is open.","Activé (par défaut) : les ventes et retours faits sans connexion sont envoyés dès le retour du réseau, même caisse fermée, là où le navigateur le permet (Chrome, Edge, Android). La caisse les envoie toujours elle-même dès qu'elle est ouverte."
"On (the default): the till shows a warning when the browser has not agreed to keep its offline data for good, which it may otherwise clear when space runs low, and asks the browser again on a tap.","Activé (par défaut) : la caisse affiche un avertissement quand le navigateur n'a pas accepté de conserver durablement ses données hors ligne, qu'il pourrait sinon effacer en cas de manque d'espace, et le lui redemande d'un simple appui."
"On (the default): without a connection, a sale this device made in the same shift can be taken back, refunded in cash or the way the customer paid, never to store credit, a gift card or cashback. The till works out the refund as ERPNext will, and the server checks it again when the connection is back.","Activé (par défaut) : sans connexion, une vente faite par cet appareil pendant la même session peut être reprise, remboursée en espèces ou comme le client a payé, jamais en crédit magasin, sur une carte cadeau ni en cashback. La caisse calcule le remboursement comme ERPNext le fera, et le serveur le vérifie à nouveau au retour de la connexion."
"On: a deposit is taxed the moment it is taken (an advance against a known supply), and the tax already declared is deducted at hand-over. Off: the deposit carries no tax and the goods are taxed in full when handed over.","Activé : un acompte est taxé dès sa perception (avance sur une livraison déterminée), et la taxe déjà déclarée est déduite à la remise des articles. Désactivé : l'acompte ne porte aucune taxe et les articles sont taxés en totalité quand ils sont remis."
"On: a person cannot open a new shift while they still have one open at another outlet. Off (the default): a person may hold shifts at several outlets, and the till only reminds them. Set from the till: Settings, General, Register and shifts.","Activé : une personne ne peut pas ouvrir une nouvelle session tant qu'elle en a encore une ouverte dans un autre magasin. Désactivé (par défaut) : une personne peut avoir des sessions dans plusieurs magasins, et la caisse le lui rappelle seulement. Se règle depuis la caisse : Paramètres, Général, Caisse et sessions."
"On: a sale in this currency gives its change in it, from its own cash drawer. Off: change comes back in the company currency, from the main drawer. An outlet whose POS Profile names its own Account for Change Amount keeps it (ERPNext uses it on every sale).","Activé : une vente dans cette devise rend la monnaie dans cette devise, depuis son propre tiroir-caisse. Désactivé : la monnaie est rendue dans la devise de la société, depuis le tiroir-caisse principal. Un magasin dont le Profil PDV indique son propre compte de monnaie à rendre le conserve (ERPNext l'utilise pour chaque vente)."
"On: the cashier may send a return approval request, and an approver can let this return through. Off: the item is never taken back.","Activé : le caissier peut envoyer une demande d'approbation de retour, et un approbateur peut laisser passer ce retour. Désactivé : l'article n'est jamais repris."
"Once a day, from ExchangeRate-API (free), for the currencies set to Automatic. A rate typed for the day always wins.","Une fois par jour, depuis ExchangeRate-API (gratuit), pour les devises réglées sur Automatique. Un taux saisi pour la journée l'emporte toujours."
"One open shift per person","Une session ouverte par personne"
"Only managers can view Insights","Seuls les responsables peuvent voir Insights"
"Only someone who manages LumenPOS Settings can change exchange rates.","Seule une personne qui gère les Paramètres LumenPOS peut modifier les taux de change."
"Only someone who manages LumenPOS Settings can change the customer form.","Seule une personne qui gère les Paramètres LumenPOS peut modifier le formulaire client."
"Only someone who manages LumenPOS Settings can do this.","Seule une personne qui gère les Paramètres LumenPOS peut faire cela."
"Only this role (plus managers) may apply a manual discount / edit a price on a sale. Blank = anyone.","Seul ce rôle (plus les responsables) peut appliquer une remise manuelle ou modifier un prix sur une vente. Vide = tout le monde."
"Only this role (plus managers) may exchange goods in one step. Blank = anyone who may make returns. An exchange always needs return permission too.","Seul ce rôle (plus les responsables) peut échanger des articles en une seule étape. Vide = toute personne autorisée aux retours. Un échange nécessite toujours aussi l'autorisation de retour."
"Only this role (plus managers) may make returns. Blank = anyone with sell access.","Seul ce rôle (plus les responsables) peut faire des retours. Vide = toute personne autorisée à vendre."
"Only used by Buy X Get Y: 'Buy' rows trigger the offer, 'Get' rows receive the reward. With no 'Get' rows the buy list rewards itself (classic multi-buy).","Utilisé uniquement par Achetez X, obtenez Y : les lignes 'Acheter' déclenchent l'offre, les lignes 'Obtenir' reçoivent la récompense. Sans ligne 'Obtenir', la liste d'achat se récompense elle-même (achat multiple classique)."
"Only {0} x {1} can still be returned","On ne peut plus retourner que {0} x {1}"
"Open the register","Ouvrir la caisse"
"Open the register before requesting approval.","Ouvrez la caisse avant de demander une approbation."
"Opened At","Ouvert le"
"Opened By","Ouvert par"
"Opened at","Ouvert le"
"Opened by","Ouvert par"
"Opened with float {0}","Ouverture avec un fond de caisse de {0}"
"Opening Float","Fond de caisse"
"Opening entries from an earlier day blocking their outlet: {0}","Ouvertures PDV d'un jour précédent qui bloquent leur magasin : {0}"
"Opening float","Fond de caisse"
"Optional (the default): the cashier may pick who sold. Required: a sale without a salesperson is refused. Off: the till asks for nobody and records nobody.","Facultatif (par défaut) : le caissier peut choisir qui a vendu. Obligatoire : une vente sans vendeur est refusée. Désactivé : la caisse ne demande personne et n'enregistre personne."
"Optional app-specific selling prices (overrides price books)","Prix de vente facultatifs propres à l'application (priment sur les barèmes de prix)"
"Optional button label (defaults to the item name)","Libellé facultatif du bouton (par défaut, le nom de l'article)"
"Optional daily window, e.g. Happy Hour 16:00 to 18:00. Wraps midnight if start is after end.","Plage horaire quotidienne facultative, ex. Happy Hour de 16:00 à 18:00. Passe minuit si le début est après la fin."
"Optional daily window. Wraps midnight if start is after end.","Plage horaire quotidienne facultative. Passe minuit si le début est après la fin."
"Optional per-code expiry. The promotion's own date window still applies on top of this.","Date d'expiration facultative par code. La période de validité de la promotion s'applique en plus."
"Optional. After this date the bundle stops being offered at the till (treated as expired/inactive).","Facultatif. Après cette date, le pack n'est plus proposé à la caisse (considéré comme expiré ou inactif)."
"Optional. The bundle is not offered before this date.","Facultatif. Le pack n'est pas proposé avant cette date."
"Optional: this component's share of the bundle price (for the whole row qty). If used on any row, every row needs one and they must sum exactly to the Bundle Price. Empty = split proportionally to regular prices.","Facultatif : la part de ce composant dans le prix du pack (pour toute la quantité de la ligne). Si une ligne l'utilise, chaque ligne en a besoin et leur somme doit être exactement égale au prix du pack. Vide = répartition au prorata des prix normaux."
"Order ID is required for {0} sales","Le numéro de commande est obligatoire pour les ventes {0}"
"Order-level (whole-cart) discount","Remise globale (tout le panier)"
"Other currencies","Autres devises"
"Other currencies are on, but ERPNext does not book change as its own entry.","Les autres devises sont activées, mais ERPNext ne comptabilise pas la monnaie à rendre dans une écriture distincte."
"Other currency floats","Fonds de caisse en autres devises"
"Outlet","Magasin"
"Outlet already open","Magasin déjà ouvert"
"Outlet {0}","Magasin {0}"
"Outlet {0} belongs to {1}, not {2}. Choose outlets of {2}, or clear the company.","Le magasin {0} appartient à {1}, pas à {2}. Choisissez des magasins de {2}, ou videz le champ Société."
"Outlet {0} cannot sell","Le magasin {0} ne peut pas vendre"
"Outlet {0} included","Magasin {0} inclus"
"Outlets","Magasins"
"Outlets (POS Profiles)","Magasins (Profils PDV)"
"Over-limit approval method","Mode d'approbation au-delà de la limite"
"Overdue Notified","Retard signalé"
"PIN Hash","Hachage du code PIN"
"POS Approval Request","Demande d'approbation PDV"
"POS Bundle","Pack PDV"
"POS Bundle Item","Article de pack PDV"
"POS Capability Rule","Règle d'autorisation PDV"
"POS Cash Movement","Mouvement d'espèces PDV"
"POS Cashback Entry","Mouvement de cashback PDV"
"POS Cashback Rule","Règle de cashback PDV"
"POS Cashback Rule Customer Group","Groupe de clients de règle de cashback PDV"
"POS Cashback Rule Item","Article de règle de cashback PDV"
"POS Cashback Rule Profile","Magasin de règle de cashback PDV"
"POS Closing Entry {0} of this shift is not submitted.","La Clôture PDV {0} de cette session n'est pas validée."
"POS Coupon","Coupon PDV"
"POS Customer Form Field","Champ du formulaire client PDV"
"POS Delivery App","Application de livraison PDV"
"POS Discount Approver","Approbateur de remise PDV"
"POS Gift Card","Carte cadeau PDV"
"POS Gift Card Entry","Mouvement de carte cadeau PDV"
"POS Inter Company Settlement","Compensation inter-sociétés PDV"
"POS Layaway","Mise de côté PDV"
"POS Layaway Item","Article de mise de côté PDV"
"POS Layaway Payment","Acompte de mise de côté PDV"
"POS Opening Entry {0} (by {1}, since {2}) is open outside LumenPOS: close or cancel it in ERPNext.","L'Ouverture PDV {0} (par {1}, depuis {2}) est ouverte en dehors de LumenPOS : clôturez-la ou annulez-la dans ERPNext."
"POS Parked Sale","Vente en attente PDV"
"POS Payment Restriction","Restriction de paiement PDV"
"POS Price Book","Barème de prix PDV"
"POS Price Book Item","Article de barème de prix PDV"
"POS Promotion","Promotion PDV"
"POS Promotion Customer Group","Groupe de clients de promotion PDV"
"POS Promotion Item","Article de promotion PDV"
"POS Promotion Profile","Magasin de promotion PDV"
"POS Quick Key","Touche rapide PDV"
"POS Refund Rule","Règle de remboursement PDV"
"POS Register Payment Count","Comptage des paiements de caisse PDV"
"POS Register Session","Session de caisse PDV"
"POS Return Reason","Motif de retour PDV"
"POS Return Restriction","Restriction de retour PDV"
"POS Sale Currency","Devise de vente PDV"
"POS Session Day","Journée de session PDV"
"POS Session Float","Fond de caisse de session PDV"
"POS Session Rate","Taux de session PDV"
"POS Settings, Invoice Type Created via POS Screen: POS Invoice.","Dans POS Settings, réglez Invoice Type Created via POS Screen sur POS Invoice."
"POS Shift Invoice","Facture de session PDV"
"POS Shift Schedule","Planning des sessions PDV"
"POS Shift Schedule Slot","Créneau du planning des sessions PDV"
"POS Store Credit Entry","Mouvement de crédit magasin PDV"
"Paid At","Payé le"
"Paid With","Payé avec"
"Parked","En attente"
"Parked At","Mise en attente le"
"Passcode","Code d'accès"
"Passcode only","Code d'accès uniquement"
"Passcode or request","Code d'accès ou demande"
"Payment Counts","Comptages par mode de paiement"
"Payment Method Rules","Règles des modes de paiement"
"Payment must cover the gift card amount","Le paiement doit couvrir le montant de la carte cadeau"
"Per cashier","Par caissier"
"Per outlet","Par magasin"
"Per outlet: ONE shift per register, whoever opens it, any assigned cashier can sell on it (default; how LumenPOS has always worked). Per cashier: each cashier opens their OWN shift on the register and can only sell on their own, so several people share one counter but each gets their own Z-report and is accountable for their own drawer.","Par magasin : UNE session par caisse, quelle que soit la personne qui l'ouvre, et tout caissier affecté peut y vendre (par défaut, c'est ainsi que LumenPOS a toujours fonctionné). Par caissier : chaque caissier ouvre SA PROPRE session sur la caisse et ne peut vendre que sur la sienne. Plusieurs personnes partagent ainsi un même comptoir, mais chacune a son propre rapport Z et répond de son propre tiroir-caisse."
"Per-Outlet Receipts","Tickets par magasin"
"Per-company accounts. On a multi-company site each company posts gift cards / service charge to its OWN accounts. Leave empty to use the global defaults (or auto-create).","Comptes par société. Sur un site multisociété, chaque société comptabilise les cartes cadeaux et les frais de service sur SES PROPRES comptes. Laissez vide pour utiliser les valeurs générales par défaut (ou la création automatique)."
"Per-method rules. Use these to require a terminal/transfer reference on card or bank payments so the transaction can be traced later.","Règles par mode de paiement. Utilisez-les pour exiger une référence de terminal ou de virement sur les paiements par carte ou par banque, afin de pouvoir retrouver la transaction plus tard."
"Per-outlet receipt overrides (managed from the POS Settings page). Each row is a POS Profile + a JSON receipt config that overrides the global receipt design for that outlet. Empty = the outlet uses the global receipt.","Tickets propres à chaque magasin (gérés depuis la page Paramètres de la caisse). Chaque ligne associe un Profil PDV + une configuration JSON du ticket qui remplace le modèle général de ticket pour ce magasin. Vide = le magasin utilise le ticket général."
"Percentage discount cannot exceed 100","Une remise en pourcentage ne peut pas dépasser 100"
"Performance indexes missing: {0}","Index de performance manquants : {0}"
"Person","Personne"
"Pick a period of one year or less.","Choisissez une période d'un an au plus."
"Pick a {0} from the list","{0} : choisissez dans la liste"
"Pick an outlet or a company.","Choisissez un magasin ou une société."
"Pick at least one item to take back","Choisissez au moins un article à reprendre"
"Pick the salesperson for this sale.","Choisissez le vendeur de cette vente."
"Posted At","Comptabilisé le"
"Price / stock checker","Vérificateur de prix / stock"
"Price Book Price","Prix du barème"
"Price List (legacy)","Liste de prix (ancienne)"
"Price cannot be negative","Le prix ne peut pas être négatif"
"Price for {0} cannot be negative","Le prix de {0} ne peut pas être négatif"
"Price list {0} does not exist","La liste de prix {0} n'existe pas"
"Prices include tax ({0}%): the till shows them as they are and adds nothing at the total.","Les prix incluent la taxe ({0}%) : la caisse les affiche tels quels et n'ajoute rien au total."
"Promotion","Promotion"
"Promotion Type","Type de promotion"
"Promotion {0} does not exist","La promotion {0} n'existe pas"
"Quantity for {0} must be positive","La quantité de {0} doit être positive"
"Quantity rewarded per application (cheapest eligible units)","Quantité offerte par application (les unités éligibles les moins chères)"
"Quantity the customer must buy to trigger the offer","Quantité que le client doit acheter pour déclencher l'offre"
"Quick Keys","Touches rapides"
"Quick keys","Touches rapides"
"Quick keys / favourites","Touches rapides / favoris"
"Raise a Sales Order when goods go on hold, so ERPNext shows the quantity as reserved and another till cannot sell it.","Créer une commande client quand des articles sont mis de côté, pour qu'ERPNext affiche la quantité comme réservée et qu'aucune autre caisse ne puisse la vendre."
"Rate to company currency","Taux vers la devise de la société"
"Rates fixed for this shift","Taux fixés pour cette session"
"Reason shown at the till","Motif affiché à la caisse"
"Reasons the cashier picks from when refunding an item. Add or remove freely. The till also always offers ""Other"" for a free-text reason.","Motifs parmi lesquels le caissier choisit lors du remboursement d'un article. Ajoutez-en ou supprimez-en librement. La caisse propose aussi toujours ""Autre"" pour un motif libre."
"Receipt Config (JSON)","Configuration du ticket (JSON)"
"Receipt Custom Fields (JSON)","Champs personnalisés du ticket (JSON)"
"Receipt Fields","Champs du ticket"
"Receipt footer","Pied de page du ticket"
"Receipt header","En-tête du ticket"
"Receipt layout/density. Compact = tight; Standard = balanced; Detailed = spacious with a full store header + terms block.","Mise en page et densité du ticket. Compact = serré, Standard = équilibré, Détaillé = aéré, avec un en-tête complet du magasin + un bloc de conditions."
"Receipt logo","Logo du ticket"
"Receipt template","Modèle de ticket"
"Record sensitive actions (over-limit discounts, returns, price edits, register open/close) to the LumenPOS Audit Log.","Enregistrer les actions sensibles (remises au-delà de la limite, retours, modifications de prix, ouverture et fermeture de caisse) dans le Journal d'audit LumenPOS."
"Recorded At","Enregistré le"
"Recorded By","Enregistré par"
"Redeem","Utilisation"
"Reference Invoice","Facture de référence"
"Reference label","Libellé de la référence"
"Refund","Remboursement"
"Refund Method Rules","Règles des modes de remboursement"
"Refund as {0}","Remboursement en {0}"
"Refunded","Remboursé"
"Refunded without a connection: the till paid out {0}, ERPNext's figure is {1}.","Remboursé sans connexion : la caisse a versé {0}, le montant d'ERPNext est {1}."
"Refunds","Remboursements"
"Refunds may only go back to a payment method the customer actually used on the original sale (plus Store Credit). Add rules below to allow extra refund methods per paid method.","Les remboursements ne peuvent se faire que vers un mode de paiement réellement utilisé par le client lors de la vente d'origine (ainsi que le crédit magasin). Ajoutez des règles ci-dessous pour autoriser d'autres modes de remboursement selon le mode payé."
"Register Session","Session de caisse"
"Register page, Retry, or wait for the next background run.","Page Caisse, Réessayer, ou attendez la prochaine exécution en arrière-plan."
"Register page, Retry. If it fails again, send this screen.","Page Caisse, Réessayer. Si cela échoue encore, envoyez cet écran."
"Register session is already closed","La session de caisse est déjà clôturée"
"Register session is not open","La session de caisse n'est pas ouverte"
"Register still open: {0}","Caisse encore ouverte : {0}"
"Register {0} already has an open session ({1})","La caisse {0} a déjà une session ouverte ({1})"
"Register {0} already has an open session ({1}).","La caisse {0} a déjà une session ouverte ({1})."
"Register {0} has a previous shift ({1}) whose closing is still finalising or has failed. Retry that closing before opening a new shift.","La caisse {0} a une session précédente ({1}) dont la clôture est encore en cours de finalisation ou a échoué. Relancez cette clôture avant d'ouvrir une nouvelle session."
"Reprint a receipt","Réimprimer un ticket"
"Request","Demande"
"Request not found.","Demande introuvable."
"Request only","Demande uniquement"
"Requested Discount (%)","Remise demandée (%)"
"Require Order ID","Exiger le n° de commande"
"Require a transaction reference","Exiger une référence de transaction"
"Require scanning for serial numbers (block manual typing)","Exiger le scan des numéros de série (bloquer la saisie manuelle)"
"Required","Obligatoire"
"Requires Coupon Code","Code de coupon requis"
"Reserve the goods on hold","Réserver les articles mis de côté"
"Reset Code Hash","Hachage du code de réinitialisation"
"Reset Expires","Expiration du code de réinitialisation"
"Restrict refunds to the original payment method","Limiter les remboursements au mode de paiement d'origine"
"Restrict till actions to staff holding a role. Leave a role blank to allow everyone. System / LumenPOS Managers always pass.","Réservez les actions de caisse au personnel ayant un rôle donné. Laissez un rôle vide pour autoriser tout le monde. Les responsables système / LumenPOS sont toujours autorisés."
"Resulting Invoice","Facture générée"
"Retrieved","Récupérée"
"Return Invoice","Facture retournée"
"Return Reason","Motif de retour"
"Return Reasons","Motifs de retour"
"Return approval isn't required, returns are open.","Aucune approbation de retour n'est nécessaire, les retours sont libres."
"Return past the window","Retour hors délai"
"Return policy / terms printed at the bottom of the receipt.","Politique de retour / conditions imprimées en bas du ticket."
"Return window (days)","Délai de retour (jours)"
"Returns are allowed within {0} days, this invoice is {1} days old. Send a return approval request to continue.","Les retours sont autorisés sous {0} jours, cette facture a {1} jours. Envoyez une demande d'approbation de retour pour continuer."
"Returns without a connection","Retours sans connexion"
"Returns without a connection are switched off in LumenPOS Settings. Make this return again from Sales History.","Les retours sans connexion sont désactivés dans les paramètres LumenPOS. Refaites ce retour depuis l'historique des ventes."
"Reverse","Annulation"
"Reward","Récompense"
"Reward Value","Valeur de la récompense"
"Reward Value must be greater than zero","La valeur de la récompense doit être supérieure à zéro"
"Row {0}: Qty must be at least 1","Ligne {0} : la quantité doit être d'au moins 1"
"Row {0}: bundle Qty must be at least 1","Ligne {0} : la quantité du pack doit être d'au moins 1"
"Row {0}: invalid price '{1}'","Ligne {0} : prix « {1} » non valide"
"Row {0}: item '{1}' not found","Ligne {0} : article « {1} » introuvable"
"Row {0}: no price for {1}","Ligne {0} : aucun prix pour {1}"
"Row {0}: set the {1} field","Ligne {0} : renseignez le champ {1}"
"Row {0}: {1} is serialized, serialized items cannot be sold in bundles","Ligne {0} : {1} a des numéros de série, les articles à numéro de série ne peuvent pas être vendus en pack"
"Runs on {0}","S'applique le {0}"
"Sale","Vente"
"Sale type","Type de vente"
"Sale {0} not found","Vente {0} introuvable"
"Sales older than 3 days not in the books: {0}","Ventes de plus de 3 jours non comptabilisées : {0}"
"Sales, search and shift reports slow down on a large site.","Les ventes, la recherche et les rapports de session de caisse ralentissent sur un site volumineux."
"Salesperson at the till","Vendeur en caisse"
"Salesperson required","Vendeur obligatoire"
"Scan or type a serial number","Scannez ou saisissez un numéro de série"
"See sales by salesperson","Voir les ventes par vendeur"
"See the system check","Voir le diagnostic système"
"Select a customer (or set a default customer on the POS Profile)","Sélectionnez un client (ou définissez un client par défaut dans le profil PDV)"
"Select an outlet","Sélectionnez un magasin"
"Select at least one item to return","Sélectionnez au moins un article à retourner"
"Select the invoice to return.","Sélectionnez la facture à retourner."
"Selected Customer Groups","Groupes de clients sélectionnés"
"Selected items were not found on the original sale","Les articles sélectionnés sont introuvables dans la vente d'origine"
"Sell in other currencies","Vendre dans d'autres devises"
"Send queued sales in the background","Envoyer les ventes en attente en arrière-plan"
"Send this screen with the Error Log entries (ERPNext, Error Log).","Envoyez cet écran avec les entrées de l'Error Log (ERPNext, Error Log)."
"Send this screen. The jobs run again on their own.","Envoyez cet écran. Les tâches se relancent d'elles-mêmes."
"Separate per company","Séparé par société"
"Serial numbers must be SCANNED with a barcode scanner, manual typing is rejected at the till. Turn off if a scanner is unavailable.","Les numéros de série doivent être SCANNÉS avec un lecteur de codes-barres, la saisie manuelle est refusée à la caisse. Désactivez cette option si aucun lecteur n'est disponible."
"Serial {0} belongs to {1}","Le numéro de série {0} appartient à {1}"
"Serial {0} came back on {1}, and ERPNext holds it until the shift close books that sale","Le numéro de série {0} est revenu sur {1}, et ERPNext le retient jusqu'à ce que la clôture de session comptabilise cette vente"
"Serial {0} does not exist","Le numéro de série {0} n'existe pas"
"Serial {0} is already sold on {1}, which the shift close has not booked yet","Le numéro de série {0} est déjà vendu sur {1}, que la clôture de session n'a pas encore comptabilisé"
"Serial {0} is held by a sale the shift close has not booked yet","Le numéro de série {0} est retenu par une vente que la clôture de session n'a pas encore comptabilisée"
"Serial {0} is in {1}, not this register's warehouse","Le numéro de série {0} est dans {1}, pas dans l'entrepôt de cette caisse"
"Serial {0} is not in stock ({1})","Le numéro de série {0} n'est pas en stock ({1})"
"Serial {0} is scanned twice in this sale","Le numéro de série {0} est scanné deux fois dans cette vente"
"Serial {0} is selected twice","Le numéro de série {0} est sélectionné deux fois"
"Serial {0} was already returned","Le numéro de série {0} a déjà été retourné"
"Serial {0} was not sold on this invoice","Le numéro de série {0} n'a pas été vendu sur cette facture"
"Service Charge Account","Compte des frais de service"
"Service charge","Frais de service"
"Service charge (%)","Frais de service (%)"
"Service charge ({0}%)","Frais de service ({0} %)"
"Service charge account (global fallback)","Compte des frais de service (par défaut global)"
"Session Totals","Totaux de la session"
"Set a Coupon Code or untick 'Requires Coupon Code'","Saisissez un code de coupon ou décochez « Code de coupon requis »"
"Set a Service charge account for {0} in LumenPOS Settings → Company Accounts (or the global default).","Définissez un compte de frais de service pour {0} dans Paramètres LumenPOS → Comptes de la société (ou le compte par défaut global)."
"Set automatically once the use limit is reached.","Défini automatiquement quand la limite d'utilisation est atteinte."
"Set both Start Time and End Time, or neither","Renseignez l'heure de début et l'heure de fin, ou aucune des deux"
"Set by the daily update: per company currency, the published rate, the rate used, when, and any error.","Renseigné par la mise à jour quotidienne : pour chaque devise de société, le taux publié, le taux appliqué, la date et l'éventuelle erreur."
"Set up automatically, with a cash account in this currency.","Configuré automatiquement, avec un compte de caisse dans cette devise."
"Set up automatically: the customer a walk-in who pays in this currency is billed to.","Configuré automatiquement : le client auquel est facturé un client de passage qui paie dans cette devise."
"Settings are consistent","Les paramètres sont cohérents"
"Settings, General, Other currencies: fix the reason and save.","Paramètres, Général, Autres devises : corrigez la cause et enregistrez."
"Settings, Status, Rebuild missing indexes.","Paramètres, Statut, Reconstruire les index manquants."
"Several cashiers on one outlet each need their own POS Profile on ERPNext 16.","Sur ERPNext 16, plusieurs caissiers dans un même magasin ont chacun besoin de leur propre profil PDV."
"Shared by the group","Partagé par le groupe"
"Shift already open","Session déjà ouverte"
"Shift from an earlier day","Session de caisse d'un jour précédent"
"Shift {0} is still being closed ({1}): retry its close from the Register screen.","La session de caisse {0} est encore en cours de clôture ({1}) : relancez sa clôture depuis l'écran Caisse."
"Shift {0} recorded cash movements and can't be deleted. Cancel it instead.","La session de caisse {0} a enregistré des mouvements d'espèces et ne peut pas être supprimée. Annulez-la plutôt."
"Shifts","Sessions de caisse"
"Shifts open for more than a day: {0}","Sessions de caisse ouvertes depuis plus d'un jour : {0}"
"Shifts stuck in Closing: {0}","Sessions de caisse bloquées en clôture : {0}"
"Shifts with an ERPNext day past midnight still to post: {0}","Sessions de caisse passées minuit avec un jour ERPNext encore à comptabiliser : {0}"
"Show a Favourites grid of one-tap items on the sell screen.","Affiche sur l'écran de vente une grille Favoris d'articles ajoutés d'une seule touche."
"Show a Price check button to look up an item's price + stock without selling it.","Affiche un bouton Vérifier le prix pour consulter le prix + le stock d'un article sans le vendre."
"Show an Email receipt button so a copy can be sent to the customer's email.","Affiche un bouton Ticket par e-mail pour envoyer une copie à l'adresse e-mail du client."
"Show item barcode","Afficher le code-barres de l'article"
"Show item code","Afficher le code de l'article"
"Show out-of-stock items in the grid","Afficher les articles en rupture dans la grille"
"Show payment method lines","Afficher les lignes des modes de paiement"
"Show serial numbers","Afficher les numéros de série"
"Show stock items that are out of stock (qty 0 or less) in the sell grid. Off = only items with stock are shown (non-stock items like services always show).","Affiche dans la grille de vente les articles stockés en rupture (quantité 0 ou moins). Désactivé = seuls les articles en stock sont affichés (les articles non stockés comme les services s'affichent toujours)."
"Show store address","Afficher l'adresse du magasin"
"Show tax / VAT ID","Afficher le n° fiscal / de TVA"
"Show terms & conditions","Afficher les conditions générales"
"Show the equivalent on local sales","Afficher l'équivalent sur les ventes locales"
"Show the sale note","Afficher la note de vente"
"Show unit price (qty × rate)","Afficher le prix unitaire (qté × prix)"
"Shown on the invoice when this person approves a discount, e.g. Manager Khobar","Affiché sur la facture quand cette personne approuve une remise, par ex. Responsable Khobar"
"Sign in as Administrator to build demo data.","Connectez-vous avec le compte Administrator pour créer les données de démonstration."
"Simple Discount","Remise simple"
"Single Use","Usage unique"
"Slow sales logged in the last 7 days: {0}","Ventes lentes enregistrées ces 7 derniers jours : {0}"
"Smallest first payment, as a percentage of the total. 0 = any amount.","Plus petit premier versement, en pourcentage du total. 0 = n'importe quel montant."
"Snapshot of the cart as JSON","Instantané du panier au format JSON"
"Spend and Save","Dépensez et économisez"
"Spent at","Utilisé chez"
"Stackable promotions combine with each other. Non-stackable promotions compete and only the best one applies.","Les promotions cumulables se combinent entre elles. Les promotions non cumulables sont mises en concurrence et seule la meilleure s'applique."
"Standard Price","Prix standard"
"Starts","Début"
"Status is Active","Statut : Actif"
"Stock Settings, Auto Insert Item Price If Missing is on: a sale of an item with no price in the price list writes that sale's rate into it.","Dans Stock Settings, Auto Insert Item Price If Missing est activé : la vente d'un article sans prix dans la liste de prix y inscrit le prix de cette vente."
"Store Credit","Crédit magasin"
"Store address","Adresse du magasin"
"Store credit balance is too low to redeem {0}","Le solde du crédit magasin est insuffisant pour utiliser {0}"
"Store credit balance is {0}, cannot redeem {1}","Le solde du crédit magasin est de {0}, impossible d'utiliser {1}"
"Store credit refunds","Remboursements en crédit magasin"
"Stuck shifts are not retried, nightly cashback, rates and settlements do not run.","Les sessions de caisse bloquées ne sont pas relancées, et les traitements de nuit du cashback, des taux de change et des compensations ne s'exécutent pas."
"Switch on automatic exchange rates first, and save.","Activez d'abord la mise à jour automatique des taux de change, puis enregistrez."
"Taken By","Encaissé par"
"Tax ({0}%) is added on top of prices: the till shows prices before tax and adds it at the total.","La taxe ({0}%) s'ajoute aux prix : la caisse affiche les prix hors taxe et ajoute la taxe au total."
"Tax / VAT ID","N° fiscal / de TVA"
"Tax template {0}: some rows are included in prices and some are added on top.","Modèle de taxe {0} : certaines lignes sont incluses dans les prix et d'autres s'y ajoutent."
"Tax the outlet will add on top of the held prices at hand-over. Zero where the price list already includes it.","Taxe que le magasin ajoutera aux prix de la mise de côté à la remise des articles. Zéro si la liste de prix l'inclut déjà."
"Terms & conditions","Conditions générales"
"Thank you for your purchase. Your receipt {0} is attached.","Merci pour votre achat. Votre ticket {0} est en pièce jointe."
"That code has expired. Ask for a new one.","Ce code a expiré. Demandez-en un nouveau."
"That code is not right.","Ce code est incorrect."
"That current PIN is not right.","Le code PIN actuel est incorrect."
"That is more than the {0} still owed on this hold.","Ce montant dépasse les {0} encore dus sur cette mise de côté."
"The POS Opening Entry {0} of this shift was cancelled in ERPNext, so the shift closes against its amendment {1}.","L'Ouverture PDV {0} de cette session a été annulée dans ERPNext, la session est donc clôturée avec son amendement {1}."
"The POS sale that took this instalment, its line posts to the deposit liability account.","La vente PDV qui a encaissé ce versement, dont la ligne est comptabilisée sur le compte de passif des acomptes."
"The Sales Order that reserves the goods while the hold is open.","La commande client qui réserve les articles tant que la mise de côté est ouverte."
"The approval is {0}, not approved.","Cette demande a le statut {0}, elle n'est pas approuvée."
"The approval's register session has closed.","La session de caisse de cette approbation est clôturée."
"The approved discount ({0}%) is below the {1}% on this sale.","La remise approuvée ({0} %) est inférieure aux {1} % de cette vente."
"The automatic rate for {0} did not update","Le taux de change automatique pour {0} ne s'est pas mis à jour"
"The cashback expense account must be an Expense account, and {0} is {1}","Le compte de charges du cashback doit être un compte de charges, or {0} est de type {1}"
"The cashback liability account must be a Liability account, and {0} is {1}","Le compte de passif du cashback doit être un compte de passif, or {0} est de type {1}"
"The cashier must enter the terminal / transfer reference before the sale can complete.","Le caissier doit saisir la référence du terminal / du virement avant que la vente puisse être terminée."
"The cashier's register has closed, this request has expired.","La caisse du caissier est clôturée, cette demande a expiré."
"The company that holds the balance: its liability goes down.","La société qui détient le solde : son passif diminue."
"The company whose outlet took the balance as payment and gave the goods.","La société dont le magasin a accepté le solde en paiement et remis les articles."
"The cost of the cashback program. Earned cashback is debited here, and expired or returned cashback is credited back. Leave empty to create ""Cashback Expense"" under Indirect Expenses.","Le coût du programme de cashback. Le cashback gagné est débité ici, et le cashback expiré ou retourné est recrédité. Laissez vide pour créer « Cashback Expense » sous Charges indirectes (Indirect Expenses)."
"The daily summary Journal Entry that booked this row to the accounts. Empty until it is posted. Redeem rows stay empty: the sale's payment books them.","L'écriture comptable récapitulative quotidienne qui a comptabilisé cette ligne. Vide jusqu'à sa comptabilisation. Les lignes d'utilisation restent vides : le paiement de la vente les comptabilise."
"The file has no rows","Le fichier ne contient aucune ligne"
"The goods coming back are worth more than the new ones. Choose how to refund {0}.","Les articles retournés valent plus que les nouveaux. Choisissez comment rembourser {0}."
"The item a deposit is taken on. Blank = LumenPOS creates LUMENPOS-DEPOSIT.","L'article sur lequel un acompte est encaissé. Vide = LumenPOS crée LUMENPOS-DEPOSIT."
"The languages a cashier can pick at the till, one ERPNext language code per line (en, ar ...). Empty = every language LumenPOS ships, including ones a later update adds. English is always offered. Set from the till: Settings, General, Languages.","Les langues qu'un caissier peut choisir à la caisse, un code de langue ERPNext par ligne (en, ar ...). Vide = toutes les langues fournies par LumenPOS, y compris celles qu'une mise à jour ultérieure ajoute. L'anglais est toujours proposé. Se règle depuis la caisse : Paramètres, Général, Langues."
"The last rate is kept. Settings, Other currencies, Update now.","Le dernier taux de change est conservé. Paramètres, Autres devises, Mettre à jour maintenant."
"The margin for {0} must be from 0 to less than 100%.","La marge pour {0} doit aller de 0 à moins de 100 %."
"The new items come to {0}, {1} is covered by the return, so {2} is due but {3} was entered.","Les nouveaux articles s'élèvent à {0}, dont {1} couvert par le retour, il reste donc {2} à payer mais {3} a été saisi."
"The outlet the cashback was earned at. Expire and Reverse rows keep the outlet of the Earn row they come from.","Le magasin où le cashback a été gagné. Les lignes d'expiration et d'annulation gardent le magasin de la ligne de gain dont elles proviennent."
"The payment method {0} already exists, and its account for {1} ({2}) is in {3}, not {4}. Give it a {4} account, or rename it, so the {4} cash drawer can be set up.","Le mode de paiement {0} existe déjà, et son compte pour {1} ({2}) est en {3}, pas en {4}. Donnez-lui un compte en {4}, ou renommez-le, pour que le tiroir-caisse {4} puisse être configuré."
"The promotion only applies when the cashier enters this coupon code at the till","La promotion ne s'applique que si le caissier saisit ce code de coupon à la caisse"
"The qualifying items must total at least this to earn cashback","Les articles éligibles doivent totaliser au moins ce montant pour gagner du cashback"
"The rate must be more than 0.","Le taux doit être supérieur à 0."
"The rates service answered: {0}","Le service des taux a répondu : {0}"
"The rates service has no rate for {0}.","Le service des taux n'a pas de taux pour {0}."
"The refund split adds up to {0} but the refund is {1}.","La répartition du remboursement totalise {0} mais le remboursement est de {1}."
"The refund split adds up to {0} but {1} is left over after the new items.","La répartition du remboursement totalise {0} mais il reste {1} après les nouveaux articles."
"The sale doctype this entry came from. LumenPOS posts POS Invoices by default, but a profile can be set to post Sales Invoices instead.","Le DocType de vente dont provient ce mouvement. LumenPOS comptabilise des factures PDV par défaut, mais un profil peut être réglé pour comptabiliser des factures de vente à la place."
"The sale this return takes back has not reached the server yet. It goes first, then this return.","La vente que ce retour reprend n'a pas encore atteint le serveur. Elle part d'abord, puis ce retour."
"The till has NOT been closed automatically, a close without a real cash count is worthless.","La caisse n'a PAS été clôturée automatiquement, une clôture sans comptage réel des espèces n'a aucune valeur."
"The till values this currency this much below the published rate, the way a shop taking it at a market rate does.","La caisse valorise cette devise à ce pourcentage en dessous du taux publié, comme le fait un magasin qui l'accepte au taux du marché."
"Their sales are not in the books yet.","Leurs ventes ne sont pas encore comptabilisées."
"There is no exchange rate from {0} to {1}. Set it in LumenPOS Settings, General, Other currencies.","Il n'existe aucun taux de change de {0} vers {1}. Définissez-le dans Paramètres LumenPOS, Général, Autres devises."
"These items are never taken back: {0}","Ces articles ne sont jamais repris : {0}"
"These items need an approved return request: {0}","Ces articles nécessitent une demande de retour approuvée : {0}"
"These items sell at the price set here while this book is active (by validity + priority). Items not listed keep their normal selling price.","Ces articles sont vendus au prix défini ici tant que ce barème est actif (selon validité + priorité). Les articles non listés gardent leur prix de vente normal."
"These items were sold together (bundle/offer) and must be returned together: {0}. Use Exchange for a partial swap.","Ces articles ont été vendus ensemble (pack/offre) et doivent être retournés ensemble : {0}. Utilisez Échange pour un échange partiel."
"They should run every 10 minutes. The workers may be stopped.","Elles devraient s'exécuter toutes les 10 minutes. Les processus d'arrière-plan sont peut-être arrêtés."
"This approval is for a {0}, not a {1}.","Cette approbation est de type {0}, pas {1}."
"This approval was already used.","Cette approbation a déjà été utilisée."
"This approval was issued to another cashier.","Cette approbation a été accordée à un autre caissier."
"This coupon's promotion isn't available right now","La promotion de ce coupon n'est pas disponible pour le moment"
"This discount is within the {0}% limit, no approval needed.","Cette remise respecte la limite de {0} %, aucune approbation n'est nécessaire."
"This hold is {0}","Statut de cette mise de côté : {0}"
"This payment method cannot be used when the cart contains a matching item.","Ce mode de paiement ne peut pas être utilisé quand le panier contient un article concerné."
"This person passes, whatever roles they hold.","Cette personne est autorisée, quels que soient ses rôles."
"This register is being closed. Reopen it (or wait for the close to finish) before ringing up this sale.","Cette caisse est en cours de clôture. Rouvrez-la (ou attendez la fin de la clôture) avant d'enregistrer cette vente."
"This request was already {0}.","Cette demande a déjà le statut {0}."
"This return approval is for invoice {0}.","Cette approbation de retour concerne la facture {0}."
"This return was refunded without a connection as {0}, but ERPNext calculated {1}. Check the sale and make the return again from Sales History.","Ce retour a été remboursé sans connexion pour {0}, mais ERPNext a calculé {1}. Vérifiez la vente et refaites le retour depuis l'historique des ventes."
"This role (plus managers) may return a sale past the return window WITHOUT an approval request. Blank = nobody bypasses (everyone uses the request flow).","Ce rôle (ainsi que les responsables) peut retourner une vente hors délai SANS demande d'approbation. Vide = personne ne contourne la règle (tout le monde passe par une demande)."
"This sale was paid by {0}, so it can only be refunded to: {1}. Adjust the refund methods in LumenPOS Settings if needed.","Cette vente a été payée par {0}, elle ne peut donc être remboursée que vers : {1}. Ajustez les modes de remboursement dans Paramètres LumenPOS si nécessaire."
"This sale was rung up as {0} but ERPNext calculated {1} (short by {2}). This is usually a price-list or VAT mismatch. Check that every item is priced on the active price list and that the VAT template's 'included in rate' flag matches your shelf prices (Settings → Status).","Cette vente a été enregistrée pour {0} mais ERPNext a calculé {1} (il manque {2}). Il s'agit généralement d'une incohérence de liste de prix ou de TVA. Vérifiez que chaque article a un prix dans la liste de prix active et que l'option « incluse dans le prix » du modèle de TVA correspond à vos prix en rayon (Paramètres → Statut)."
"This sale was rung up at {0}, but the shift sells {1} at {2}. Ring it up again.","Cette vente a été saisie à {0}, mais la session vend {1} à {2}. Saisissez-la à nouveau."
"This shift belongs to {0}. Only the cashier who opened the register can sell on it. Close that shift and open your own.","Cette session de caisse appartient à {0}. Seul le caissier qui a ouvert la caisse peut y vendre. Clôturez cette session et ouvrez la vôtre."
"This shift was opened on {0}. ERPNext 16 accepts sales only on a shift opened today: close this shift on the Register screen and open a new one.","Cette session de caisse a été ouverte le {0}. ERPNext 16 n'accepte les ventes que sur une session ouverte aujourd'hui : clôturez cette session sur l'écran Caisse et ouvrez-en une nouvelle."
"This shop asks for at least {0}% down, which is {1}.","Ce magasin demande un acompte d'au moins {0} %, soit {1}."
"This site already has {0} posted POS invoices, so it does not look like an empty demo site. Nothing was created.","Ce site contient déjà {0} factures PDV comptabilisées, il ne ressemble donc pas à un site de démonstration vide. Rien n'a été créé."
"This version of Lumen Reports does not include the LumenPOS dashboard yet. Update Lumen Reports, then try again.","Cette version de Lumen Reports n'inclut pas encore le tableau de bord LumenPOS. Mettez à jour Lumen Reports, puis réessayez."
"Tick to EXCLUDE these products instead of including them (e.g. all products except this brand)","Cochez pour EXCLURE ces produits au lieu de les inclure (par ex. tous les produits sauf cette marque)"
"Times Used","Nombre d'utilisations"
"To let customers pay with loyalty points, tick 'Allow Partial Payment' on the POS Profile {0}. This version of ERPNext counts only cash and card towards the total, so it rejects a sale that is part points even though the sale is fully settled. LumenPOS still checks every sale adds up before it posts.","Pour permettre aux clients de payer avec des points de fidélité, cochez « Autoriser les paiements partiels » dans le profil PDV {0}. Cette version d'ERPNext ne compte que les espèces et la carte dans le total, elle refuse donc une vente payée en partie en points même si elle est entièrement réglée. LumenPOS vérifie quand même que chaque vente est équilibrée avant de la comptabiliser."
"Too many attempts, wait a minute and try again.","Trop de tentatives, patientez une minute et réessayez."
"Too many attempts, wait a moment and try again.","Trop de tentatives, patientez un instant et réessayez."
"Total Discounts","Total des remises"
"Total Sales","Total des ventes"
"Turn till features on or off. Each control is independent.","Activez ou désactivez les fonctionnalités de la caisse. Chaque réglage est indépendant."
"Unknown delivery app {0}. Add it in LumenPOS Settings","Application de livraison {0} inconnue. Ajoutez-la dans Paramètres LumenPOS"
"Unknown item {0}","Article {0} inconnu"
"Unknown request type {0}","Type de demande {0} inconnu"
"Unlocked by {0}","Déverrouillée par {0}"
"Update exchange rates automatically","Mettre à jour les taux de change automatiquement"
"Usable After (days)","Utilisable après (jours)"
"Usable From","Utilisable à partir de"
"Use Limit","Limite d'utilisation"
"Used At","Date d'utilisation"
"Used On (Invoice)","Utilisé sur (facture)"
"Used when the outlet has no shift schedule.","Utilisé quand le magasin n'a pas de planning des sessions de caisse."
"Users holding this role (plus LumenPOS/System Managers) can approve discount AND return requests. Requests can only be approved while the cashier's register is still open.","Les utilisateurs ayant ce rôle (ainsi que les responsables LumenPOS/système) peuvent approuver les demandes de remise ET de retour. Les demandes ne peuvent être approuvées que tant que la caisse du caissier est encore ouverte."
"Usually fine. If something stops working after an ERPNext update, send this screen.","En général sans problème. Si quelque chose cesse de fonctionner après une mise à jour d'ERPNext, envoyez cet écran."
"Valid For (days)","Valable pendant (jours)"
"Valid To","Valable jusqu'au"
"Valid To cannot be before Valid From","La date « Valable jusqu'au » ne peut pas précéder la date « Valide à partir de »"
"Valid Until","Valable jusqu'au"
"Variance threshold","Seuil d'écart"
"Walk-in customer","Client de passage"
"Warn when offline sales are not protected","Avertir quand les ventes hors ligne ne sont pas protégées"
"What is being approved","Objet de l'approbation"
"What the company owes customers in unspent cashback. Earned cashback is credited here and spent cashback is debited. Leave empty to create ""Cashback"" under Current Liabilities.","Ce que la société doit aux clients en cashback non utilisé. Le cashback gagné est crédité ici et le cashback utilisé est débité. Laissez vide pour créer « Cashback » sous Passif courant (Current Liabilities)."
"What the customer pays in the end, tax and all.","Ce que le client paie au final, taxes comprises."
"What this rule refuses to take back.","Ce que cette règle refuse de reprendre."
"What to call it at the till, e.g. ""Approval code"" or ""Transfer no."". Defaults to ""Reference"".","Le nom affiché à la caisse, par ex. « Code d'approbation » ou « N° de virement ». Par défaut : « Référence »."
"When several price books apply, the highest priority wins","Quand plusieurs barèmes de prix s'appliquent, la priorité la plus élevée l'emporte"
"Where it applies","Champ d'application"
"Which price the discount is calculated from. Price Book Price stacks on an active price book. Standard Price discounts from the regular price and gives the customer the lower of the two (never stacks with a price book).","Le prix à partir duquel la remise est calculée. Prix du barème : la remise s'ajoute à un barème de prix actif. Prix standard : la remise part du prix normal et le client obtient le plus bas des deux (jamais cumulé avec un barème de prix)."
"Which sale is being exchanged?","Quelle vente est échangée ?"
"Who can do what","Qui peut faire quoi"
"Who may do what at the till. A capability with no row here is open to everyone (except returning past the window, which stays closed unless named). Managers always pass.","Qui peut faire quoi à la caisse. Une action sans ligne ici est ouverte à tous (sauf le retour hors délai, qui reste fermé tant que personne n'est désigné). Les responsables sont toujours autorisés."
"Wrong approver passcode for the {0}% discount.","Code d'accès de l'approbateur incorrect pour la remise de {0} %."
"X-report (mid-shift read)","Rapport X (lecture en cours de session)"
"You are not allowed to approve requests.","Vous n'êtes pas autorisé à approuver les demandes."
"You are not allowed to close a register","Vous n'êtes pas autorisé à clôturer une caisse"
"You are not allowed to exchange goods","Vous n'êtes pas autorisé à échanger des articles"
"You are not allowed to hold goods for a customer","Vous n'êtes pas autorisé à mettre des articles de côté pour un client"
"You are not allowed to open a register","Vous n'êtes pas autorisé à ouvrir une caisse"
"You are not allowed to put money in or take it out","Vous n'êtes pas autorisé à déposer ou retirer de l'argent"
"You are not allowed to reprint a receipt","Vous n'êtes pas autorisé à réimprimer un ticket"
"You are not assigned to outlet {0}. Ask an administrator to add you under Applicable for Users.","Vous n'êtes pas affecté au magasin {0}. Demandez à un administrateur de vous ajouter dans « Applicable aux utilisateurs »."
"You are not permitted to close a register","Vous n'avez pas l'autorisation de clôturer une caisse"
"You are not permitted to make sales","Vous n'avez pas l'autorisation d'effectuer des ventes"
"You are not permitted to open a register","Vous n'avez pas l'autorisation d'ouvrir une caisse"
"You are not permitted to view customers.","Vous n'avez pas l'autorisation de consulter les clients."
"You are not permitted to work with {0}","Vous n'avez pas l'autorisation de travailler avec {0}"
"You are not permitted to {0} {1}.","Vous n'avez pas l'autorisation ({0}) sur {1}."
"You can only manage your own register","Vous ne pouvez gérer que votre propre caisse"
"You can't approve your own request, another approver must.","Vous ne pouvez pas approuver votre propre demande, un autre approbateur doit le faire."
"You cannot see {0}'s figures","Vous ne pouvez pas voir les chiffres de {0}"
"You do not have access to the POS. Ask an administrator to grant you the LumenPOS Cashier role (or POS Invoice access).","Vous n'avez pas accès à la caisse. Demandez à un administrateur de vous attribuer le rôle Caissier LumenPOS (ou un accès aux factures PDV)."
"You're not allowed to change prices at this outlet ({0} costs {1}).","Vous n'êtes pas autorisé à changer les prix dans ce magasin ({0} coûte {1})."
"You're not allowed to edit prices or apply discounts on a sale.","Vous n'êtes pas autorisé à modifier les prix ou à appliquer des remises sur une vente."
"You're not allowed to make returns.","Vous n'êtes pas autorisé à effectuer des retours."
"You're not allowed to see sales by salesperson.","Vous n'êtes pas autorisé à voir les ventes par vendeur."
"You're not allowed to see the system check.","Vous n'êtes pas autorisé à voir le diagnostic système."
"You're not allowed to see {0}.","Vous n'êtes pas autorisé à voir {0}."
"Your LumenPOS PIN reset code","Code de réinitialisation de votre code PIN LumenPOS"
"Your VAT / tax registration number.","Votre numéro de TVA / d'identification fiscale."
"Your receipt from {0}, {1}","Votre ticket de {0}, {1}"
"Your user has no email address. Ask an administrator to reset your PIN.","Votre utilisateur n'a pas d'adresse e-mail. Demandez à un administrateur de réinitialiser votre code PIN."
"its warehouse belongs to another company","son entrepôt appartient à une autre société"
"late return approved by {0}","retour tardif approuvé par {0}"
"made without a connection","fait sans connexion"
"no payment methods","aucun mode de paiement"
"no price list","aucune liste de prix"
"no reason recorded","aucune raison enregistrée"
"no warehouse","aucun entrepôt"
"not scheduled","non planifiée"
"the close has not finished","la clôture n'est pas terminée"
"the till paid out {0}","la caisse a versé {0}"
"transaction reference","référence de transaction"
"{0} '{1}' does not exist. Pick it from the dropdown list","{0} « {1} » n'existe pas. Choisissez dans la liste déroulante"
"{0} are in {1} only, and this customer buys in {2}.","{0} : uniquement en {1}, et ce client achète en {2}."
"{0} can't be used for this sale ({1}). Choose another payment method.","{0} ne peut pas être utilisé pour cette vente ({1}). Choisissez un autre mode de paiement."
"{0} can't be used to refund this sale. Allowed: {1}.","Remboursement impossible par {0} pour cette vente. Autorisés : {1}."
"{0} cannot be returned","La vente {0} ne peut pas être retournée"
"{0} does not let prices be changed at the till. Tick Allow User to Edit Rate on its POS Profile to allow it.","{0} ne permet pas de changer les prix en caisse. Cochez Allow User to Edit Rate dans son Profil PDV pour le permettre."
"{0} has NO price on price list '{1}', a percentage of 0 is 0","{0} n'a AUCUN prix dans la liste de prix « {1} », un pourcentage de 0 donne 0"
"{0} has shift {1} open since {2}: close it first.","{0} a la session de caisse {1} ouverte depuis {2} : clôturez-la d'abord."
"{0} is billed in {1}, but this till sells in {2}. Switch on Other currencies in LumenPOS Settings, choose another customer, or clear the customer's Billing Currency in ERPNext (Customer, Currency and Price List).","{0} est facturé en {1}, mais cette caisse vend en {2}. Activez Autres devises dans Paramètres LumenPOS, choisissez un autre client, ou videz la devise de facturation du client dans ERPNext (Client, Devise et liste de prix)."
"{0} is billed in {1}, which this till does not sell in. Add {1} in LumenPOS Settings, General, Other currencies, or change the customer's Billing Currency.","{0} est facturé en {1}, devise dans laquelle cette caisse ne vend pas. Ajoutez {1} dans Paramètres LumenPOS, Général, Autres devises, ou changez la devise de facturation du client."
"{0} is kept by LumenPOS for gift cards and hold deposits and cannot be sold as a product.","{0} est réservé par LumenPOS aux cartes cadeaux et aux acomptes sur mises de côté, et ne peut pas être vendu comme produit."
"{0} is not a field of the customer form","{0} n'est pas un champ du formulaire client"
"{0} is not an active salesperson.","{0} n'est pas un vendeur actif."
"{0} is serialized, quantity must be a whole number","{0} a des numéros de série, la quantité doit être un nombre entier"
"{0} is serialized: scan {1} serial number(s), got {2}","{0} a des numéros de série : scannez {1} numéro(s) de série, reçu(s) : {2}"
"{0} is serialized: select {1} serial number(s) to return, got {2}","{0} a des numéros de série : sélectionnez {1} numéro(s) de série à retourner, reçu(s) : {2}"
"{0} issued by {1} and spent at {2}","{0} : émission par {1}, utilisation chez {2}"
"{0} needs a {1} before this sale can be completed.","{0} : le champ {1} doit être renseigné avant de terminer cette vente."
"{0} sales · takings {1}","{0} ventes · recettes {1}"
"{0} takes {1} only, and this sale is in {2}.","{0} n'accepte que {1}, et cette vente est en {2}."
"{0} was sold by {1}, but this till belongs to {2}. A return must be processed by a till in the same company.","La vente {0} a été faite par {1}, mais cette caisse appartient à {2}. Un retour doit être traité par une caisse de la même société."
"{0}% discount cleared by approved request {1}","Remise de {0} % validée par la demande approuvée {1}"
"{0}% discount cleared by passcode","Remise de {0} % validée par code d'accès"
"{0}, Create Ledger Entries for Change Amount: on. Saving LumenPOS Settings turns it on.","Dans {0}, activez Create Ledger Entries for Change Amount. L'enregistrement des paramètres LumenPOS l'active."
"{0}: price changed from {1} to {2}","{0} : prix modifié de {1} à {2}"
"“{0}” is a base selling price list, editing it here would change your normal selling prices. Create a dedicated price list for this book/app instead.","« {0} » est une liste de prix de vente de base, la modifier ici changerait vos prix de vente habituels. Créez plutôt une liste de prix dédiée à ce barème / cette application."
