"(approved by {0})","(aprovado por {0})"
"(no recorded payment)","(nenhum pagamento registrado)"
"0 = unlimited repeats per sale","0 = repetições ilimitadas por venda"
"0 = usable immediately. Otherwise it becomes spendable this many days after the sale.","0 = pode ser usado na hora. Caso contrário, pode ser usado esta quantidade de dias após a venda."
"<p>Your PIN reset code is <b>{0}</b>.</p><p>It expires in {1} minutes. If you didn't ask for this, ignore this email, your current PIN still works.</p>","<p>Seu código para redefinir o PIN é <b>{0}</b>.</p><p>Ele expira em {1} minutos. Se você não pediu isso, ignore este e-mail, seu PIN atual continua funcionando.</p>"
"A PIN must be 4 to 8 digits.","O PIN deve ter de 4 a 8 dígitos."
"A built-in field of the form (mobile_no, email_id, tax_id, building_no, street, district, city, postal_code, additional_no) or any field of Customer.","Um campo próprio do formulário (mobile_no, email_id, tax_id, building_no, street, district, city, postal_code, additional_no) ou qualquer campo de Cliente."
"A bundle needs specific product rows, not 'all products'","Um kit precisa de linhas de produtos específicos, não 'todos os produtos'"
"A check could not run","Uma verificação não pôde ser executada"
"A credit limit cannot be negative.","Um limite de crédito não pode ser negativo."
"A customer billed in another currency (Customer, Currency and Price List) buys in it: prices, payment and receipt in that currency, at a rate fixed for the shift. Off: such a customer is refused.","Um cliente faturado em outra moeda (Cliente, Moeda e Lista de preços) compra nela: preços, pagamento e comprovante nessa moeda, com câmbio fixo para o turno. Desativado: esse cliente é recusado."
"A customer takes the goods now and pays later. The part not paid is paid with the ""Credit Sale"" payment method, and the till books the debt on the customer at once with a Journal Entry, so it shows on their account in ERPNext and can be paid at the till or in ERPNext. LumenPOS makes the payment method and its clearing account itself. Who may sell on account is set in Approvals and access, Permissions.","Um cliente leva as mercadorias agora e paga depois. A parte não paga é paga com a forma de pagamento ""Credit Sale"", e o caixa lança na hora a dívida do cliente com um lançamento no Livro Diário, então ela aparece na conta dele no ERPNext e pode ser paga no caixa ou no ERPNext. O LumenPOS cria sozinho a forma de pagamento e a conta transitória dela. Quem pode vender a prazo é definido em Aprovações e acesso, Permissões."
"A customer's payment was taken after the closing screen was loaded. Refresh the closing screen, re-check the counts, then close again.","Um pagamento de cliente foi recebido depois que a tela de fechamento foi carregada. Atualize a tela de fechamento, confira as contagens de novo e feche outra vez."
"A gift card cannot be put on account.","Não é possível pagar um vale-presente a prazo."
"A gift card cannot pay for a gift card","Um vale-presente não pode pagar outro vale-presente"
"A hold cannot be put on account.","Não é possível pagar uma reserva a prazo."
"A hold needs a customer, so the shop knows whose goods these are","Uma reserva precisa de um cliente, para a loja saber de quem são as mercadorias"
"A label for the batch this code was generated/imported in.","Um rótulo para o lote em que este código foi gerado/importado."
"A manual discount of {0}% exceeds the {1}% limit, approver passcode required","Um desconto manual de {0}% passa do limite de {1}%, é preciso o código de um aprovador"
"A manual discount of {0}% exceeds the {1}% limit. Enter the manager passcode or send an approval request.","Um desconto manual de {0}% passa do limite de {1}%. Digite o código do gerente ou envie um pedido de aprovação."
"A manual discount of {0}% exceeds the {1}% limit. Send an approval request.","Um desconto manual de {0}% passa do limite de {1}%. Envie um pedido de aprovação."
"A payment cannot be negative.","Um pagamento não pode ser negativo."
"A payment of what is owed is taken in {0}, with a payment method on a {0} account.","Um pagamento do valor devido é recebido em {0}, com uma forma de pagamento cuja conta esteja em {0}."
"A percentage of the qualifying items, or a fixed amount","Uma porcentagem dos itens elegíveis, ou um valor fixo"
"A price cannot be below zero.","Um preço não pode ser menor que zero."
"A reason for every cash out","Um motivo para cada sangria"
"A reason the cashier can pick when a counted drawer is short or over at the close (shown at the till).","Um motivo que o operador pode escolher quando a contagem de uma gaveta tem falta ou sobra no fechamento (mostrado no caixa)."
"A reason the cashier can pick when refunding an item (shown at the till).","Um motivo que o operador pode escolher ao reembolsar um item (mostrado no caixa)."
"A refund cannot be put on account.","Não é possível lançar um reembolso a prazo."
"A refund does not go back onto a gift card or cashback. Refund that part as store credit.","Um reembolso não volta para um vale-presente nem para cashback. Reembolse essa parte como crédito na loja."
"A register closed with a counted difference over the alert threshold.","Um caixa foi fechado com uma diferença contada acima do limite de alerta."
"A register is still open well past the end of its shift.","Um caixa continua aberto muito depois do fim do turno."
"A reusable timetable, one schedule can serve many outlets.","Uma escala reutilizável, uma escala pode servir várias lojas."
"A sale on account is made in {0}, the company's currency.","Uma venda a prazo é feita em {0}, a moeda da empresa."
"A sale on account needs a connection to refund.","Uma venda a prazo exige conexão para ser reembolsada."
"A sale on account needs a connection.","Uma venda a prazo exige conexão."
"A sale that took longer than usual is written to the Error Log with its timings.","Uma venda que demorou mais que o normal é registrada no Error Log com seus tempos."
"A salesperson is required but none exists","O vendedor é obrigatório, mas não existe nenhum"
"A shift belongs to","Um turno pertence a"
"A shift close held the posting lock, so {0} will be posted with the shift.","Um fechamento de turno estava com o bloqueio de lançamento, então {0} será lançado com o turno."
"A shift left open holds its sales out of the books, and on ERPNext 16 can block its outlet.","Um turno deixado aberto mantém suas vendas fora da contabilidade e, no ERPNext 16, pode bloquear sua loja."
"A statistics page for managers. With the Lumen Reports app installed it embeds a ready-made POS sales dashboard, otherwise it suggests installing it.","Uma página de estatísticas para gerentes. Com o app Lumen Reports instalado, ela mostra um painel de vendas do PDV pronto, senão sugere instalá-lo."
"Above an amount","Acima de um valor"
"Absolute difference (over or short) on any payment method that triggers the email.","Diferença absoluta (para mais ou para menos) em qualquer forma de pagamento que dispara o e-mail."
"Account {0} belongs to {1}, not {2}","A conta {0} pertence a {1}, não a {2}"
"Account {0} does not belong to {1}","A conta {0} não pertence a {1}"
"Account {0} is a group account. Pick an account under it","A conta {0} é uma conta de grupo. Escolha uma conta abaixo dela"
"Account {0} is a {1} account, which cashback cannot post to","A conta {0} é uma conta do tipo {1}, na qual o cashback não pode lançar"
"Account {0} is a {1} account, which needs a party on every line","A conta {0} é uma conta do tipo {1}, que exige um terceiro em cada linha"
"Account {0} is disabled","A conta {0} está desativada"
"Account {0} must be an Asset account, and it is {1}","A conta {0} deve ser uma conta de Ativo, e ela é {1}"
"Accounting periods locking sales today: {0}","Períodos contábeis bloqueando as vendas hoje: {0}"
"Accounting periods that will lock sales: {0}","Períodos contábeis que vão bloquear as vendas: {0}"
"Action taken","Providência tomada"
"Add a Sales Person in ERPNext, or set Salesperson at the till to Optional.","Adicione um Sales Person no ERPNext, ou mude Vendedor no caixa para Opcional."
"Add a service charge to every sale (e.g. restaurants / salons).","Adiciona uma taxa de serviço a toda venda (ex.: restaurantes / salões)."
"Add at least one item the customer is taking instead","Adicione pelo menos um item que o cliente vai levar no lugar"
"Add at least one item to the test basket","Adicione pelo menos um item ao carrinho de teste"
"Add at least one product row or tick 'Apply on all products'","Adicione pelo menos uma linha de produto ou marque 'Aplicar a todos os produtos'"
"Add the goods being held","Adicione as mercadorias reservadas"
"Add the items that make up the bundle","Adicione os itens que formam o kit"
"After this date the shop may cancel the hold. Nothing happens automatically.","Depois desta data a loja pode cancelar a reserva. Nada acontece automaticamente."
"Alert only, a till is never closed automatically, because a close without a real cash count produces figures nobody can trust.","Só alerta, um caixa nunca é fechado automaticamente, porque um fechamento sem contagem real do dinheiro gera números em que ninguém pode confiar."
"All Customers","Todos os clientes"
"Allocated Price","Preço alocado"
"Allocated prices add up to {0}, but the Bundle Price is {1}, they must match exactly","Os preços alocados somam {0}, mas o Preço do kit é {1}, eles devem ser exatamente iguais"
"Allow a refund to be parked on the customer's Store Credit instead of handing money back. Turn OFF if shop policy is money-back only. Note: credit the customer actually SPENT on that sale can always be returned to credit (capped at what they spent), otherwise a credit-paid sale would have no refund method at all.","Permite que um reembolso fique como Crédito na loja do cliente em vez de devolver dinheiro. Desative se a política da loja for só devolução em dinheiro. Obs.: o crédito que o cliente realmente USOU nessa venda sempre pode voltar como crédito (até o valor usado), senão uma venda paga com crédito não teria nenhuma forma de reembolso."
"Allow a single discount on the whole cart (subject to the discount limit + edit-price role).","Permite um único desconto no carrinho inteiro (sujeito ao limite de desconto + função de editar preço)."
"Allow printing an X-report (mid-shift drawer read) without closing the register.","Permite imprimir um Relatório X (leitura da gaveta no meio do turno) sem fechar o caixa."
"Allow refund as","Permitir reembolso em"
"Allow refunding to Store Credit","Permitir reembolso em crédito na loja"
"Allow refunding to this mode","Permitir reembolso nesta forma"
"Always positive. Earn adds, the rest remove.","Sempre positivo. Ganho soma, os demais subtraem."
"Always positive; Issue adds to the balance, Redeem subtracts","Sempre positivo. Emissão soma ao saldo, Resgate subtrai"
"Amount must be positive, use Entry Type to add or subtract","O valor deve ser positivo, use o Tipo de movimento para somar ou subtrair"
"An accounting period is meant to lock a month that is over. In ERPNext, Accounting Period: delete one made ahead of time (ERPNext 15 and 16 do not let anyone edit a period that has not ended), or untick Sales Invoice and Journal Entry in it.","Um período contábil serve para bloquear um mês que já terminou. No ERPNext, Período Contábil: exclua o que foi criado antes da hora (o ERPNext 15 e 16 não deixam ninguém editar um período que ainda não terminou), ou desmarque nele Fatura de Venda e Lançamento no Livro Diário."
"An approved request can still return it","Um pedido aprovado ainda libera a devolução"
"An end time EARLIER than (or equal to) the start means the shift crosses midnight.","Um horário de término ANTERIOR (ou igual) ao de início significa que o turno passa da meia-noite."
"An exchange cannot be put on account.","Não é possível pagar uma troca a prazo."
"An item tag (the tags you add to items in ERPNext)","Uma tag de item (as tags que você adiciona aos itens no ERPNext)"
"Any named customer","Qualquer cliente identificado"
"Anyone holding this role passes. Leave blank to name a single person instead.","Qualquer pessoa com esta função passa. Deixe vazio para indicar uma única pessoa."
"Applies To","Aplica-se a"
"Applies to this group AND everything under it.","Aplica-se a este grupo E a tudo abaixo dele."
"Apply on all products","Aplicar a todos os produtos"
"Approval above","Aprovação acima de"
"Approval request","Pedido de aprovação"
"Approved by","Aprovado por"
"Approver Name","Nome do aprovador"
"Approver Role (for requests)","Função aprovadora (para pedidos)"
"Ask for a reason above","Pedir motivo acima de"
"Ask for a reset code first.","Peça um código de redefinição primeiro."
"Asset account for what other companies of the group owe this one for customer balances spent here. Created automatically when empty.","Conta de ativo para o que outras empresas do grupo devem a esta por saldos de clientes usados aqui. Criada automaticamente quando vazia."
"At least one payment is required","É necessário pelo menos um pagamento"
"Audit log","Log de auditoria"
"Auto-lock after (minutes)","Bloquear automaticamente após (minutos)"
"Auto-lock after this many minutes of inactivity (0 = manual lock only).","Bloqueia automaticamente após estes minutos sem uso (0 = só bloqueio manual)."
"Automatic rate status","Situação do câmbio automático"
"Background jobs are switched off on this site","As tarefas em segundo plano estão desativadas neste site"
"Basket Discount Type","Tipo de desconto no carrinho"
"Basket Discount Value","Valor do desconto no carrinho"
"Basket Discount Value must be greater than zero","O Valor do desconto no carrinho deve ser maior que zero"
"Block regular returns after the return window below. Past the window, the cashier can send a return-approval request that an Approver Role holder approves while the register is open.","Bloqueia devoluções normais depois do prazo de devolução abaixo. Passado o prazo, o operador pode enviar um pedido de aprovação de devolução que alguém com a Função aprovadora aprova enquanto o caixa estiver aberto."
"Blocked Mode of Payment","Forma de pagamento bloqueada"
"Bundle Price","Preço do kit"
"Bundle Price must be greater than zero","O Preço do kit deve ser maior que zero"
"Bundle Price only: units of this product required per bundle","Só para Preço do kit: unidades deste produto exigidas por kit"
"Bundle {0} does not exist","O kit {0} não existe"
"Bundle {0} is inactive","O kit {0} está inativo"
"Bundle {0} is incomplete, it needs exactly: {1}","O kit {0} está incompleto, ele precisa exatamente de: {1}"
"Bundle {0} is not offered at {1}","O kit {0} não é oferecido em {1}"
"Bundle {0} is not valid today","O kit {0} não é válido hoje"
"Buy Quantity","Quantidade a comprar"
"Buy Quantity must be at least 1","A Quantidade a comprar deve ser pelo menos 1"
"Buy X Get Y","Compre X, leve Y"
"Cache only in-stock items for offline use","Guardar só itens com estoque para uso offline"
"Calculate discount on","Calcular desconto sobre"
"Can","Pode"
"Can combine with other cashback rules","Pode ser combinada com outras regras de cashback"
"Can combine with other promotions","Pode ser combinada com outras promoções"
"Cap on the cashback from one sale (0 = no cap). Applies to a percentage.","Teto do cashback de uma venda (0 = sem teto). Vale para porcentagem."
"Card Number","Número do vale"
"Card or transfer counted as cash","Cartão ou transferência contado como dinheiro"
"Cart JSON","JSON do carrinho"
"Cart Total","Total do carrinho"
"Cart is empty","O carrinho está vazio"
"Cart lines / invoice summary captured when the request was raised.","Linhas do carrinho / resumo da fatura registrados quando o pedido foi feito."
"Cash Float","Fundo de troco"
"Cash In","Suprimento"
"Cash In / Out","Suprimento / sangria"
"Cash Movements","Movimentos de caixa"
"Cash Out","Sangria"
"Cash in","Suprimento"
"Cash in / out","Suprimento / sangria"
"Cash in this currency","Dinheiro nesta moeda"
"Cash out","Sangria"
"Cash out amount","Valor da sangria"
"Cash out needs no approval at this shop.","A sangria não precisa de aprovação nesta loja."
"Cash paid out without a record","Saída de dinheiro sem registro"
"Cash variance on {0} ({1})","Diferença de caixa em {0} ({1})"
"Cashback","Cashback"
"Cashback Expense Account","Conta de despesa do cashback"
"Cashback Liability Account","Conta de passivo do cashback"
"Cashback Rule","Regra de cashback"
"Cashback Type","Tipo de cashback"
"Cashback balance is too low to redeem {0}","O saldo de cashback é baixo demais para resgatar {0}"
"Cashback balance is {0}, cannot redeem {1}","O saldo de cashback é {0}, não é possível resgatar {1}"
"Cashier Name","Nome do operador"
"Change at this outlet comes from {0}, which is in {1}: a sale in {2} cannot give change from it. Take the exact amount, or set the outlet's Account for Change Amount (POS Profile) to an account in {3}.","O troco desta loja sai de {0}, que está em {1}: uma venda em {2} não pode dar troco dela. Receba o valor exato, ou defina a Conta para troco da loja (Perfil do PDV) para uma conta em {3}."
"Change given in another currency cannot reach the books","O troco dado em outra moeda não chega à contabilidade"
"Change given in this currency","Troco dado nesta moeda"
"Check the site's background workers (on Frappe Cloud, the bench's Jobs).","Verifique os processos em segundo plano do site (no Frappe Cloud, Jobs do bench)."
"Choose cash in or cash out.","Escolha suprimento ou sangria."
"Choose exactly what each receipt shows.","Escolha exatamente o que cada comprovante mostra."
"Choose the company this program belongs to","Escolha a empresa a que este programa pertence"
"Choose the customer: a sale on account needs a named customer, not the walk-in customer.","Escolha o cliente: uma venda a prazo precisa de um cliente identificado, não o consumidor final."
"Choose the sale to take back","Escolha a venda a devolver"
"Choose the {0} this rule applies to","Escolha qual {0} esta regra cobre"
"Close the register","Fechar o caixa"
"Close the shifts they belong to. A shift stuck in Closing shows above.","Feche os turnos a que elas pertencem. Um turno travado no fechamento aparece acima."
"Close them from the Register page (a manager can close anyone's).","Feche-os pela página Caixa (um gerente pode fechar o de qualquer pessoa)."
"Close them in ERPNext (POS Closing Entry) or cancel them if they hold no sales.","Feche-as no ERPNext (POS Closing Entry) ou cancele-as se não tiverem vendas."
"Close your open shift first: {0}. This shop allows one open shift per person at a time.","Feche primeiro o seu turno aberto: {0}. Esta loja permite um turno aberto por pessoa de cada vez."
"Closed At","Fechado em"
"Closed by","Fechado por"
"Closing","Fechando"
"Closing Attempts","Tentativas de fechamento"
"Closing Counts","Contagens do fechamento"
"Closing Error","Erro no fechamento"
"Closing Note","Observação do fechamento"
"Closing Started At","Fechamento iniciado em"
"Closing Status","Situação do fechamento"
"Closing figures out of date","Números do fechamento desatualizados"
"Compact","Compacto"
"Companies of the group","Empresas do grupo"
"Company Accounts","Contas da empresa"
"Company customers","Clientes empresa"
"Complete the outlet's POS Profile in ERPNext.","Complete o POS Profile da loja no ERPNext."
"Consolidation","Consolidação"
"Consolidation Error","Erro de consolidação"
"Consolidation failed","A consolidação falhou"
"Could not reach printer at {0}:{1} ({2})","Não foi possível acessar a impressora em {0}:{1} ({2})"
"Counted","Contado"
"Counting mistake","Erro de contagem"
"Coupon","Cupom"
"Coupon code {0} is already used by {1}","O código de cupom {0} já é usado por {1}"
"Create a POS Profile in ERPNext.","Crie um POS Profile no ERPNext."
"Currencies the till sells in","Moedas em que o caixa vende"
"Currency {0} is not set up","A moeda {0} não está configurada"
"Custom Fields (JSON)","Campos personalizados (JSON)"
"Customer Eligibility","Clientes elegíveis"
"Customer balances across companies","Saldos de clientes entre empresas"
"Customer currency","Moeda do cliente"
"Customer deposits account","Conta de adiantamentos de clientes"
"Customer group eligibility","Grupos de clientes elegíveis"
"Customer has {0} loyalty points, cannot redeem {1}","O cliente tem {0} pontos de fidelidade, não é possível resgatar {1}"
"Customer name is required","O nome do cliente é obrigatório"
"Customer pays this for the whole bundle; the saving is split across the component lines (kept separate so each item can be returned individually)","O cliente paga isto pelo kit inteiro. A economia é dividida entre as linhas dos componentes (mantidas separadas para que cada item possa ser devolvido sozinho)"
"Customer pays this total for one full set of the products listed above (use the Qty column for multiples). Items stay separate lines on the invoice.","O cliente paga este total por um conjunto completo dos produtos listados acima (use a coluna Qtd. para múltiplos). Os itens ficam em linhas separadas na fatura."
"Customer {0} is not enrolled in a loyalty program","O cliente {0} não está inscrito em um programa de fidelidade"
"Customer {0} not found","Cliente {0} não encontrado"
"Customer-facing display","Visor do cliente"
"Customers allowed on their card","Clientes autorizados na ficha"
"Customers allowed on their card: only customers marked ""Allow sales on account at the till"". Any named customer: everyone but the walk-in customer.","Clientes autorizados na ficha: só os clientes com ""Allow sales on account at the till"" marcado. Qualquer cliente identificado: todos menos o consumidor final."
"Daily time window","Horário diário"
"Date window ({0} → {1})","Período ({0} → {1})"
"Days Closed While the Shift Ran","Dias fechados durante o turno"
"Days after the sale during which a regular return is allowed. 0 = no time limit.","Dias após a venda em que uma devolução normal é permitida. 0 = sem limite de tempo."
"Days of Week","Dias da semana"
"Decided At","Decidido em"
"Decided By","Decidido por"
"Decision","Decisão"
"Decision Note","Observação da decisão"
"Default credit limit","Limite de crédito padrão"
"Delete Demo Data","Excluir dados de demonstração"
"Delivery Apps","Apps de entrega"
"Deposit for hold {0}","Adiantamento da reserva {0}"
"Deposit item","Item de adiantamento"
"Deposits are taxable when taken","Adiantamentos são tributados ao serem recebidos"
"Detail","Detalhe"
"Detailed","Detalhado"
"Discount Approval","Aprovação de desconto"
"Discount Approvers","Aprovadores de desconto"
"Discount Limit (%)","Limite de desconto (%)"
"Discount Type is required for a Simple Discount","O Tipo de desconto é obrigatório para um Desconto simples"
"Discount Value","Valor do desconto"
"Discount Value must be greater than zero","O Valor do desconto deve ser maior que zero"
"Discount approved by {0}","Desconto aprovado por {0}"
"Discount requests are turned off. Ask a manager for the passcode.","Os pedidos de desconto estão desativados. Peça o código a um gerente."
"Drawer","Gaveta"
"Due from group companies","A receber de empresas do grupo"
"Due to group companies","A pagar a empresas do grupo"
"ERPNext 16 lets an outlet sell with only one open shift, and {0} still has one:","O ERPNext 16 só deixa uma loja vender com um turno aberto, e {0} ainda tem um:"
"ERPNext 16 sells only on an opening entry opened today, one per outlet.","O ERPNext 16 só vende com uma entrada de abertura de PDV de hoje, uma por loja."
"ERPNext 16 takes sales only on a POS Opening Entry opened the same day. A shift that sold on past midnight closed each earlier day in ERPNext and opened the next, and was counted once, at its own close.","O ERPNext 16 só aceita vendas em uma Entrada de abertura de PDV aberta no mesmo dia. Um turno que continuou vendendo depois da meia-noite fechou cada dia anterior no ERPNext e abriu o seguinte, e foi contado uma vez, no próprio fechamento."
"ERPNext 16 takes sales only on a shift opened the same day. On (the default): at the first sale after midnight LumenPOS closes the day in ERPNext and opens the next one by itself, and the shift carries on and is counted once, at its own close. Off: a shift from an earlier day has to be closed before it can sell again. Set from the till: Settings, General, Register and shifts.","O ERPNext 16 só aceita vendas em um turno aberto no mesmo dia. Ativado (padrão): na primeira venda depois da meia-noite, o LumenPOS fecha o dia no ERPNext e abre o seguinte sozinho, e o turno continua e é contado uma vez, no próprio fechamento. Desativado: um turno de um dia anterior precisa ser fechado antes de vender de novo. Definido no caixa: Configurações, Geral, Caixa e turnos."
"ERPNext Days","Dias do ERPNext"
"ERPNext accepts the till's invoices","O ERPNext aceita as faturas do caixa"
"ERPNext adds a missing item price from a sale","O ERPNext adiciona um preço de item que falta a partir de uma venda"
"ERPNext is set not to record change as its own ledger entry (Create Ledger Entries for Change Amount, in POS Settings on ERPNext 16 and Accounts Settings before), so change can only come back in local money from the drawer the customer paid into. Turn that on, or take the exact amount.","O ERPNext está configurado para não registrar o troco como lançamento próprio no razão (Create Ledger Entries for Change Amount, em Configurações do PDV no ERPNext 16 e em Configurações de Contas antes), então o troco só pode voltar em moeda local pela gaveta em que o cliente pagou. Ative essa opção, ou receba o valor exato."
"ERPNext is set to make Sales Invoices from the POS (POS Settings, Invoice Type Created via POS Screen), so it refuses the POS Invoices this outlet makes. Set it to POS Invoice, or set the outlet to Sales Invoice (POS Profile, LumenPOS).","O ERPNext está configurado para gerar Faturas de Venda pelo PDV (Configurações do PDV, Invoice Type Created via POS Screen), então recusa as Faturas PDV que esta loja gera. Mude para Fatura PDV, ou configure a loja para Fatura de Venda (Perfil do PDV, LumenPOS)."
"ERPNext refuses POS Invoices on this site","O ERPNext recusa faturas PDV neste site"
"ERPNext refuses what an accounting period locks on its dates. A shift cannot close, because the close posts its sales as a Sales Invoice.","O ERPNext recusa o que um período contábil bloqueia nas suas datas. Um turno não pode ser fechado, porque o fechamento lança as vendas como uma Fatura de Venda."
"ERPNext {0} has not been tested with LumenPOS","O ERPNext {0} não foi testado com o LumenPOS"
"ERPNext {0} is newer than the release LumenPOS was last tested on ({1})","O ERPNext {0} é mais novo que a versão em que o LumenPOS foi testado pela última vez ({1})"
"ERPNext {0}, tested with LumenPOS","ERPNext {0}, testado com o LumenPOS"
"ERPNext's day could not be closed for this shift ({0}). Close the shift on the Register screen and open a new one.","Não foi possível fechar o dia do ERPNext para este turno ({0}). Feche o turno na tela Caixa e abra um novo."
"ERPNext's day was closed at {0} while this shift sold on past midnight: POS Closing Entry {1} holds its {2} sales, and POS Opening Entry {3} opens the next day. The drawer is counted once, when the shift closes.","O dia do ERPNext foi fechado em {0} enquanto este turno vendia depois da meia-noite: a Entrada de fechamento de PDV {1} contém as {2} vendas dele, e a Entrada de abertura de PDV {3} abre o dia seguinte. A gaveta é contada uma vez, quando o turno fecha."
"Each manager gets their own passcode; the approver's name is recorded on the invoice. The single Manager Passcode above still works as a master code.","Cada gerente tem seu próprio código. O nome do aprovador fica registrado na fatura. O Código do gerente acima, um só para todos, continua funcionando como código mestre."
"Earn","Ganho"
"Earned cashback expires this many days after it becomes usable (0 = never expires)","O cashback ganho expira esta quantidade de dias depois de ficar disponível (0 = nunca expira)"
"Earning and redemption rates must be greater than zero","As taxas de acúmulo e de resgate devem ser maiores que zero"
"Edit price / discount","Editar preço / desconto"
"Edit price / discount role","Função para editar preço / desconto"
"Either give every component an Allocated Price or leave them all empty","Dê um Preço alocado a todos os componentes ou deixe todos vazios"
"Eligibility","Elegibilidade"
"Email a role when a closing count differs from expected by more than the threshold. Records and notifies, it never blocks the close.","Envia e-mail a uma função quando a contagem do fechamento difere do esperado em mais que o limite. Registra e avisa, nunca bloqueia o fechamento."
"Email an alert on a large closing variance","Enviar alerta por e-mail em caso de grande diferença no fechamento"
"Email an alert when a shift is left open","Enviar alerta por e-mail quando um turno ficar aberto"
"Email receipt","Enviar comprovante por e-mail"
"Email receipts are turned off (Settings → Features).","O envio de comprovantes por e-mail está desativado (Configurações → Recursos)."
"Empty: every company. Set: every outlet of this company, unless outlets are chosen below.","Vazio: todas as empresas. Preenchido: todas as lojas desta empresa, a menos que lojas sejam escolhidas abaixo."
"Empty: the built-in form. Name and mobile for everyone; for companies also the tax ID and the Saudi national address.","Vazio: o formulário padrão. Nome e celular para todos. Para empresas, também o CPF/CNPJ e o endereço nacional saudita."
"Empty: the main cash drawer.","Vazio: a gaveta principal."
"Enable Cashback","Ativar cashback"
"Enable Insights","Ativar Insights"
"Enable a second-screen customer-facing display (mirrors the cart on another monitor/window).","Ativa um visor do cliente em uma segunda tela (espelha o carrinho em outro monitor/janela)."
"Enable holds and deposits","Ativar reservas e adiantamentos"
"Enable the scheduler (bench enable-scheduler, or ask the hosting provider).","Ative o agendador (bench enable-scheduler, ou peça ao provedor de hospedagem)."
"End Date cannot be before Start Date","A Data de término não pode ser anterior à Data de início"
"Ends","Termina"
"Enter a coupon code","Digite um código de cupom"
"Enter a name for the price list","Digite um nome para a lista de preços"
"Enter an amount above zero.","Digite um valor maior que zero."
"Enter the amount the customer is paying","Informe o valor que o cliente está pagando"
"Enter the amount the customer pays.","Digite o valor que o cliente paga."
"Enter the gift card amount","Informe o valor do vale-presente"
"Enter your current PIN to change it.","Digite seu PIN atual para alterá-lo."
"Entry of the company that issued it","Lançamento da empresa que emitiu"
"Entry of the company that spent it","Lançamento da empresa onde foi usado"
"Every Day","Todos os dias"
"Every cash out needs a reason written down.","Toda sangria precisa de um motivo por escrito."
"Every sale will be refused.","Todas as vendas serão recusadas."
"Exceed return window role","Função para devolver fora do prazo"
"Exchange goods","Trocar mercadorias"
"Exchange rate","Câmbio"
"Exchange role","Função para trocas"
"Exchanges are in {0} only. For a sale in {1}, refund it and ring the new goods up as a new sale.","As trocas são só em {0}. Para uma venda em {1}, reembolse e registre as novas mercadorias como uma nova venda."
"Exclude","Excluir"
"Exclude these items instead of including them","Excluir estes itens em vez de incluí-los"
"Expected","Esperado"
"Expected Takings Pending","Recebimentos esperados pendentes"
"Expected to end","Término previsto"
"Expire","Expiração"
"Extra allowed refund methods. Example: if paid with Mada, allow refund as Cash. A method can always be refunded to itself, so you only add the exceptions.","Formas de reembolso extras permitidas. Exemplo: se pagou com Pix, permitir reembolso em Dinheiro. Uma forma sempre pode ser reembolsada nela mesma, então você só adiciona as exceções."
"Extra line under the company name (e.g. branch / slogan).","Linha extra abaixo do nome da empresa (ex.: filial / slogan)."
"Failed Attempts","Tentativas com falha"
"Fallback: hours after opening","Alternativa: horas após a abertura"
"Features","Recursos"
"Fields on the new customer form","Campos do formulário de novo cliente"
"Fill in: {0}","Preencha: {0}"
"Fixed Price","Preço fixo"
"Fixed at","Fixado em"
"Fixed with the rate: the shift gives the change of a sale in this currency from that currency's own drawer.","Fixado com o câmbio: o turno dá o troco de uma venda nesta moeda pela gaveta da própria moeda."
"Fixed: the rate the shop sets. Automatic: updated once a day, when automatic rates are switched on in LumenPOS Settings.","Fixo: o câmbio que a loja define. Automático: atualizado uma vez por dia, quando o câmbio automático está ativado em Configurações do LumenPOS."
"Footer line (e.g. thank-you, social).","Linha do rodapé (ex.: agradecimento, redes sociais)."
"For a customer with no credit limit of their own in ERPNext (on the customer, its group or the company), in the company's currency. 0 = no limit.","Para um cliente sem limite de crédito próprio no ERPNext (no cliente, no grupo dele ou na empresa), na moeda da empresa. 0 = sem limite."
"For an Earn row: the unspent, unexpired part still available.","Para uma linha de Ganho: a parte não usada e não expirada ainda disponível."
"For example: hygiene items cannot be returned once opened.","Por exemplo: itens de higiene não podem ser devolvidos depois de abertos."
"Free","Grátis"
"From their first day, shifts cannot close.","A partir do primeiro dia deles, os turnos não poderão ser fechados."
"Fully Used","Totalmente usado"
"Generate at most 5000 coupons at a time","Gere no máximo 5000 cupons por vez"
"Generated {0}","{0} gerados"
"Get","Leve"
"Get Quantity","Quantidade a levar"
"Get Quantity must be at least 1","A Quantidade a levar deve ser pelo menos 1"
"Gift Card Expiry (days)","Validade do vale-presente (dias)"
"Gift Card Item","Item de vale-presente"
"Gift Card Liability Account","Conta de passivo dos vales-presente"
"Gift Card Mode of Payment","Forma de pagamento do vale-presente"
"Gift Cards","Vales-presente"
"Gift card payments don't match the scanned cards","Os pagamentos com vale-presente não batem com os vales lidos"
"Gift card {0} already exists","O vale-presente {0} já existe"
"Gift card {0} expired on {1}","O vale-presente {0} venceu em {1}"
"Gift card {0} has {1} left, cannot redeem {2}","O vale-presente {0} tem {1} de saldo, não é possível resgatar {2}"
"Gift card {0} is {1}","O vale-presente {0} está {1}"
"Gift card {0} not found","Vale-presente {0} não encontrado"
"Gift card {0} was issued by {1} and is used at its outlets only.","O vale-presente {0} foi emitido por {1} e só é usado nas lojas dela."
"Gift cards","Vales-presente"
"Gift cards, cashback and store credit. Shared: spendable at any company of the group with the same currency, each company's books kept right by an Inter Company Journal Entry. Separate: spendable only at the company that issued it.","Vales-presente, cashback e crédito na loja. Compartilhado: pode ser usado em qualquer empresa do grupo com a mesma moeda, com a contabilidade de cada empresa mantida correta por um Lançamento entre empresas. Separado: só pode ser usado na empresa que o emitiu."
"Gift cards, store credit, cashback and loyalty points","Vales-presente, crédito na loja, cashback e pontos de fidelidade"
"Give change in this currency","Dar troco nesta moeda"
"Give customers cashback on qualifying sales, configured in POS Cashback Rule. Turning this off stops earning and hides the page.","Dá cashback aos clientes em vendas elegíveis, configurado em Regra de cashback do PDV. Desativar interrompe o acúmulo e oculta a página."
"Give the loyalty program a name","Dê um nome ao programa de fidelidade"
"Global fallback income account for the service charge. Prefer a per-company account under Company Accounts.","Conta de receita geral de reserva para a taxa de serviço. Prefira uma conta por empresa em Contas da empresa."
"Goods handed over on {0}","Mercadorias entregues em {0}"
"Goods on hold","Mercadorias reservadas"
"Grace period (minutes)","Tolerância (minutos)"
"Grouped, most frequent first.","Agrupados, os mais frequentes primeiro."
"HOLD-.YYYY.-","HOLD-.YYYY.-"
"Hand these goods over at {0}, where they are kept.","Entregue estas mercadorias em {0}, onde elas estão guardadas."
"Handed Over At","Entregue em"
"Handed Over On Invoice","Entregue na fatura"
"Help in the till","Ajuda no caixa"
"Higher priority wins when two exclusive promotions give the same savings","A maior prioridade vence quando duas promoções exclusivas dão a mesma economia"
"Higher wins when two non-combinable rules both match","A maior vence quando duas regras não combináveis se aplicam ao mesmo tempo"
"Hold Until","Reservar até"
"Hold cancelled","Reserva cancelada"
"Hold goods for (days)","Reservar mercadorias por (dias)"
"Hold goods for a customer","Reservar mercadorias para um cliente"
"Hold {0} belongs to another company","A reserva {0} pertence a outra empresa"
"Hold {0} belongs to {1}. Serve it at one of its outlets.","A reserva {0} pertence a {1}. Atenda em uma das lojas dela."
"Hold {0} handed over","Reserva {0} entregue"
"Holds and deposits","Reservas e adiantamentos"
"Holds and deposits are switched off for this shop","Reservas e adiantamentos estão desativados nesta loja"
"How a cashier clears an over-limit discount. Passcode only = a manager enters the passcode at the till. Request only = the cashier sends a request a role-holder approves while the register is open. Passcode or request = either.","Como um operador libera um desconto acima do limite. Só código = um gerente digita o código no caixa. Só pedido = o operador envia um pedido que alguém com a função aprova enquanto o caixa estiver aberto. Código ou pedido = qualquer um dos dois."
"How long a hold runs before the shop may cancel it. 0 = no limit. Nothing is cancelled automatically.","Quanto tempo uma reserva dura antes que a loja possa cancelá-la. 0 = sem limite. Nada é cancelado automaticamente."
"How long after the scheduled end before alerting.","Quanto tempo após o fim previsto antes de alertar."
"How many coupons should I generate?","Quantos cupons devo gerar?"
"How many times each code may be redeemed. 1 = single use, 0 = unlimited (until it expires).","Quantas vezes cada código pode ser resgatado. 1 = uso único, 0 = ilimitado (até expirar)."
"If paid with","Se pagou com"
"If you cannot close it, a manager can close it for you from that outlet's Register page.","Se você não conseguir fechá-lo, um gerente pode fechar por você na página Caixa daquela loja."
"Imported {0}","{0} importados"
"In the company currency. A drawer in another currency is valued at the shift's rate.","Na moeda da empresa. Uma gaveta em outra moeda é convertida pelo câmbio do turno."
"Individual customers","Clientes pessoa física"
"Initial Amount","Valor inicial"
"Insights","Insights"
"Insights are turned off in LumenPOS Settings","O Insights está desativado em Configurações do LumenPOS"
"Instalments","Parcelas"
"Inter Company Journal Entries","Lançamentos entre empresas"
"Invalid or expired coupon code","Código de cupom inválido ou expirado"
"Invoice Age (days)","Idade da fatura (dias)"
"Invoice type","Tipo de fatura"
"Issued On Invoice","Emitido na fatura"
"Issued by","Emitido por"
"Items shown as one-tap buttons on the sell screen.","Itens mostrados como botões de um toque na tela de venda."
"JSON list of dynamic receipt fields sourced from the POS Profile or the sale invoice (managed from the POS Settings page). Each: {source, fieldname, label, render, position}.","Lista JSON de campos dinâmicos do comprovante vindos do Perfil do PDV ou da fatura de venda (gerenciada na página de configurações do PDV). Cada um: {source, fieldname, label, render, position}."
"Keep a shift open past midnight","Manter o turno aberto depois da meia-noite"
"Languages","Idiomas"
"Languages at the till","Idiomas no caixa"
"Last error","Último erro"
"Late return approved by {0}","Devolução fora do prazo aprovada por {0}"
"Leave empty for all customers","Deixe vazio para todos os clientes"
"Leave empty for all outlets","Deixe vazio para todas as lojas"
"Leave empty to apply at every outlet","Deixe vazio para aplicar em todas as lojas"
"Leave empty to apply at every outlet.","Deixe vazio para aplicar em todas as lojas."
"Leave empty to run in all outlets","Deixe vazio para valer em todas as lojas"
"Legacy flag (superseded by Use Limit). Kept for older codes.","Opção antiga (substituída por Limite de uso). Mantida para códigos antigos."
"Legacy/internal, price books now store item prices directly below.","Antigo/interno, as tabelas de preços agora guardam os preços dos itens diretamente abaixo."
"Liability account for customer deposits. Blank = LumenPOS creates 'Customer Deposits'. A per-company account can be set in Company Accounts.","Conta de passivo para adiantamentos de clientes. Vazio = o LumenPOS cria 'Customer Deposits'. Uma conta por empresa pode ser definida em Contas da empresa."
"Liability account for what this company owes others of the group for its customer balances spent there. Created automatically when empty.","Conta de passivo para o que esta empresa deve a outras do grupo por saldos dos seus clientes usados lá. Criada automaticamente quando vazia."
"Liability account that backs gift cards (selling a card increases it, redeeming decreases it). Leave empty to auto-create ""Gift Cards"".","Conta de passivo que lastreia os vales-presente (vender um vale aumenta, resgatar diminui). Deixe vazio para criar ""Gift Cards"" automaticamente."
"Liability account this company holds customer deposits in. Blank = LumenPOS creates 'Customer Deposits'.","Conta de passivo em que esta empresa guarda os adiantamentos de clientes. Vazio = o LumenPOS cria 'Customer Deposits'."
"Limit regular returns to a time window","Limitar devoluções normais a um prazo"
"List the products that make up the bundle","Liste os produtos que formam o kit"
"Load","Recarga"
"Lock screen (PIN to unlock)","Bloqueio de tela (PIN para desbloquear)"
"Lock the till behind a PIN (a manager/approver PIN, or any manager). Protects an unattended register.","Bloqueia o caixa com um PIN (um PIN de gerente/aprovador, ou qualquer gerente). Protege um caixa sem ninguém."
"Logo shown at the top of the printed/on-screen receipt.","Logotipo mostrado no topo do comprovante impresso/na tela."
"Lookup not allowed for {0}","Consulta não permitida para {0}"
"Lumen Reports could not set up the dashboard","O Lumen Reports não conseguiu configurar o painel"
"Lumen Reports could not set up the dashboard on this site: {0}","O Lumen Reports não conseguiu configurar o painel neste site: {0}"
"Lumen Reports is not installed on this site","O Lumen Reports não está instalado neste site"
"Lumen Reports needs Frappe v{0} or newer","O Lumen Reports precisa do Frappe v{0} ou mais recente"
"LumenPOS","LumenPOS"
"LumenPOS Audit Log","Log de auditoria do LumenPOS"
"LumenPOS Cashier","LumenPOS Cashier"
"LumenPOS Company Setting","Configuração de empresa do LumenPOS"
"LumenPOS Manager","LumenPOS Manager"
"LumenPOS Payment Method Rule","Regra de forma de pagamento do LumenPOS"
"LumenPOS Profile Receipt","Comprovante por perfil do LumenPOS"
"LumenPOS Settings","Configurações do LumenPOS"
"LumenPOS User PIN","PIN de usuário do LumenPOS"
"LumenPOS background jobs failed in the last 7 days","Tarefas em segundo plano do LumenPOS falharam nos últimos 7 dias"
"LumenPOS background jobs have not run since {0}","As tarefas em segundo plano do LumenPOS não rodam desde {0}"
"LumenPOS cashback for {0} ({1}): {2} earned on {3} sales, {4} expired or returned on {5} entries.","Cashback do LumenPOS para {0} ({1}): {2} ganhos em {3} vendas, {4} expirados ou devolvidos em {5} movimentos."
"LumenPOS could not use ERPNext's {0} on this version of ERPNext ({1}). This usually means the site is running an ERPNext release LumenPOS has not been updated for yet, please report it to hello@lumen-solutions.co with this message.","O LumenPOS não conseguiu usar {0} do ERPNext nesta versão do ERPNext ({1}). Isso costuma significar que o site roda uma versão do ERPNext para a qual o LumenPOS ainda não foi atualizado. Informe a hello@lumen-solutions.co com esta mensagem."
"LumenPOS errors in the last 7 days: {0}","Erros do LumenPOS nos últimos 7 dias: {0}"
"LumenPOS is tested on ERPNext 13 to 16.","O LumenPOS é testado no ERPNext 13 a 16."
"Make returns","Fazer devoluções"
"Make returns role","Função para fazer devoluções"
"Manager Passcode","Código do gerente"
"Manager approval for cash out","Aprovação do gerente para sangria"
"Manual discounts above this percentage need approval. 0 disables the check.","Descontos manuais acima desta porcentagem precisam de aprovação. 0 desativa a verificação."
"Margin below the published rate","Margem abaixo do câmbio publicado"
"Max Applications per Sale","Máximo de aplicações por venda"
"Maximum Cashback","Cashback máximo"
"Minimum Spend","Gasto mínimo"
"Minimum Spend must be greater than zero","O Gasto mínimo deve ser maior que zero"
"Minimum deposit (%)","Adiantamento mínimo (%)"
"Mode of Payment used to redeem gift cards. Leave empty to auto-create/use ""Gift Card"".","Forma de pagamento usada para resgatar vales-presente. Deixe vazio para criar/usar ""Gift Card"" automaticamente."
"Money","Valores"
"New customer","Novo cliente"
"New customer form","Formulário de novo cliente"
"New gift cards expire this many days after sale. 0 = never expire.","Novos vales-presente vencem esta quantidade de dias após a venda. 0 = nunca vencem."
"New sales were recorded after the closing screen was loaded. Refresh the closing screen, re-check the counts, then close again.","Novas vendas foram registradas depois que a tela de fechamento foi carregada. Atualize a tela de fechamento, confira as contagens de novo e feche outra vez."
"No LumenPOS errors in the last 7 days","Nenhum erro do LumenPOS nos últimos 7 dias"
"No POS Profile is assigned to you. Create one and add yourself under Applicable for Users.","Nenhum Perfil do PDV está atribuído a você. Crie um e adicione-se em Aplicável para Usuários."
"No account group found for {0} in {1}. Create the account '{0}' in {2} by hand.","Nenhum grupo de contas encontrado para {0} em {1}. Crie a conta '{0}' em {2} manualmente."
"No accounting period locks sales","Nenhum período contábil bloqueia as vendas"
"No codes found in the file","Nenhum código encontrado no arquivo"
"No email address. Add one to the customer or type it in.","Sem endereço de e-mail. Adicione um ao cliente ou digite-o."
"No expense account group found for {0}","Nenhum grupo de contas de despesa encontrado para {0}"
"No expense account group found for {0}. Create a cashback expense account and choose it in LumenPOS Settings","Nenhum grupo de contas de despesa encontrado para {0}. Crie uma conta de despesa de cashback e escolha-a em Configurações do LumenPOS"
"No liability account group found for {0}","Nenhum grupo de contas de passivo encontrado para {0}"
"No liability account group found for {0}, create a 'Store Credit' liability account manually","Nenhum grupo de contas de passivo encontrado para {0}, crie manualmente uma conta de passivo 'Store Credit'"
"No liability account group found for {0}, create a '{1}' liability account manually","Nenhum grupo de contas de passivo encontrado para {0}, crie manualmente uma conta de passivo '{1}'"
"No liability account group found for {0}. Create a cashback liability account and choose it in LumenPOS Settings","Nenhum grupo de contas de passivo encontrado para {0}. Crie uma conta de passivo de cashback e escolha-a em Configurações do LumenPOS"
"No open register session. Open the register first.","Nenhuma sessão de caixa aberta. Abra o caixa primeiro."
"No outlet (POS Profile) is set up","Nenhuma loja (POS Profile) está configurada"
"No receipt printer configured on POS Profile {0}","Nenhuma impressora de comprovantes configurada no Perfil do PDV {0}"
"No shift needs attention","Nenhum turno precisa de atenção"
"No tax template: sales carry no tax.","Sem modelo de imposto: as vendas não levam imposto."
"No warehouse belongs to company {0}. Set a Default Warehouse on the POS Profile (or create a warehouse for this company) before selling gift cards.","Nenhum armazém pertence à empresa {0}. Defina um Armazém padrão no Perfil do PDV (ou crie um armazém para esta empresa) antes de vender vales-presente."
"No {0} account group found for {1}. Create '{2}' by hand.","Nenhum grupo de contas {0} encontrado para {1}. Crie '{2}' manualmente."
"Nobody is assigned to it yet (POS Profile, Applicable for Users).","Ninguém foi atribuído a ela ainda (POS Profile, Applicable for Users)."
"Non-stock item posted when a gift card is sold. Leave empty to auto-create ""GIFT-CARD"".","Item não estocável lançado quando um vale-presente é vendido. Deixe vazio para criar ""GIFT-CARD"" automaticamente."
"Not a LumenPOS tour: {0}","Não é um tour do LumenPOS: {0}"
"Not a LumenPOS version: {0}","Não é uma versão do LumenPOS: {0}"
"Not allowed.","Não permitido."
"Not for the role {0}","Exceto para a função {0}"
"Nothing is owed on the sales chosen.","Nada é devido nas vendas escolhidas."
"Notify role","Função a avisar"
"Number of Sales","Número de vendas"
"Off: as before. Above an amount: a manager approves a cash out above the amount set. Always: every cash out. A manager approves with their passcode at the till, or a request from the Approvals tray. Managers need nobody's approval.","Desativado: como antes. Acima de um valor: um gerente aprova a sangria acima do valor definido. Sempre: toda sangria. Um gerente aprova com o código dele no caixa, ou aprova um pedido na bandeja de Aprovações. Gerentes não precisam da aprovação de ninguém."
"Off: the till shows nothing about holds at all. A shop that never puts goods aside for a customer does not need the button or the screen.","Desativado: o caixa não mostra nada sobre reservas. Uma loja que nunca separa mercadorias para um cliente não precisa do botão nem da tela."
"Offer","Oferta"
"Offer the tour to new staff","Oferecer o tour aos novos funcionários"
"Offline cache only keeps items that have stock in the register's warehouse (smaller, faster cache)","O cache offline só guarda itens com estoque no armazém do caixa (cache menor e mais rápido)"
"Oldest from {0}. Their stock has not moved yet and they are missing from the accounts.","A mais antiga é de {0}. O estoque delas ainda não foi baixado e elas faltam na contabilidade."
"On (the default): a ? button on every screen of the till opens that screen's help, with short tours over the real buttons.","Ativado (padrão): um botão ? em cada tela do caixa abre a ajuda dessa tela, com tours rápidos pelos botões de verdade."
"On (the default): after an update, each person sees once what is new for them, with a Show me where a tour exists.","Ativado (padrão): após uma atualização, cada pessoa vê uma vez as novidades que valem para ela, com um botão Ver como onde houver um tour."
"On (the default): sales and returns made without a connection are sent as soon as the network is back, even with the till closed, where the browser allows it (Chrome, Edge, Android). The till still sends them itself whenever it is open.","Ativado (padrão): vendas e devoluções feitas sem conexão são enviadas assim que a rede volta, mesmo com o caixa fechado, onde o navegador permite (Chrome, Edge, Android). O caixa continua enviando por conta própria sempre que está aberto."
"On (the default): someone who has not seen the help yet is offered a short tour the first time they open the till.","Ativado (padrão): quem ainda não viu a ajuda recebe o convite para um tour rápido na primeira vez que abre o caixa."
"On (the default): the till shows a warning when the browser has not agreed to keep its offline data for good, which it may otherwise clear when space runs low, and asks the browser again on a tap.","Ativado (padrão): o caixa mostra um aviso quando o navegador não concordou em guardar os dados offline de forma permanente, que ele pode apagar quando o espaço acabar, e pede de novo ao navegador com um toque."
"On (the default): without a connection, a sale this device made in the same shift can be taken back, refunded in cash or the way the customer paid, never to store credit, a gift card or cashback. The till works out the refund as ERPNext will, and the server checks it again when the connection is back.","Ativado (padrão): sem conexão, uma venda que este aparelho fez no mesmo turno pode ser devolvida, com reembolso em dinheiro ou na forma como o cliente pagou, nunca em crédito na loja, vale-presente ou cashback. O caixa calcula o reembolso como o ERPNext vai calcular, e o servidor confere de novo quando a conexão voltar."
"On: a deposit is taxed the moment it is taken (an advance against a known supply), and the tax already declared is deducted at hand-over. Off: the deposit carries no tax and the goods are taxed in full when handed over.","Ativado: um adiantamento é tributado no momento em que é recebido (um adiantamento por um fornecimento já conhecido), e o imposto já declarado é descontado na entrega. Desativado: o adiantamento não tem imposto e as mercadorias são tributadas por inteiro na entrega."
"On: a person cannot open a new shift while they still have one open at another outlet. Off (the default): a person may hold shifts at several outlets, and the till only reminds them. Set from the till: Settings, General, Register and shifts.","Ativado: uma pessoa não pode abrir um novo turno enquanto ainda tiver um aberto em outra loja. Desativado (padrão): uma pessoa pode ter turnos em várias lojas, e o caixa só lembra. Definido no caixa: Configurações, Geral, Caixa e turnos."
"On: a sale in this currency gives its change in it, from its own cash drawer. Off: change comes back in the company currency, from the main drawer. An outlet whose POS Profile names its own Account for Change Amount keeps it (ERPNext uses it on every sale).","Ativado: uma venda nesta moeda dá o troco nela, pela própria gaveta. Desativado: o troco volta na moeda da empresa, pela gaveta principal. Uma loja cujo Perfil do PDV indica a própria Conta para troco continua com ela (o ERPNext a usa em toda venda)."
"On: the cashier may send a return approval request, and an approver can let this return through. Off: the item is never taken back.","Ativado: o operador pode enviar um pedido de aprovação de devolução, e um aprovador pode liberar esta devolução. Desativado: o item nunca é aceito de volta."
"Once a day, from ExchangeRate-API (free), for the currencies set to Automatic. A rate typed for the day always wins.","Uma vez por dia, pela ExchangeRate-API (gratuita), para as moedas configuradas como Automático. Um câmbio digitado para o dia sempre vale."
"One open shift per person","Um turno aberto por pessoa"
"Only managers can view Insights","Só gerentes podem ver o Insights"
"Only someone who manages LumenPOS Settings can change exchange rates.","Só quem gerencia as Configurações do LumenPOS pode alterar o câmbio."
"Only someone who manages LumenPOS Settings can change the customer form.","Só quem gerencia as Configurações do LumenPOS pode alterar o formulário de cliente."
"Only someone who manages LumenPOS Settings can do this.","Só quem gerencia as Configurações do LumenPOS pode fazer isso."
"Only this role (plus managers) may apply a manual discount / edit a price on a sale. Blank = anyone.","Só esta função (além dos gerentes) pode aplicar um desconto manual / editar um preço em uma venda. Vazio = qualquer pessoa."
"Only this role (plus managers) may exchange goods in one step. Blank = anyone who may make returns. An exchange always needs return permission too.","Só esta função (além dos gerentes) pode trocar mercadorias em uma etapa. Vazio = quem pode fazer devoluções. Uma troca sempre exige também permissão de devolução."
"Only this role (plus managers) may make returns. Blank = anyone with sell access.","Só esta função (além dos gerentes) pode fazer devoluções. Vazio = qualquer pessoa com acesso de venda."
"Only used by Buy X Get Y: 'Buy' rows trigger the offer, 'Get' rows receive the reward. With no 'Get' rows the buy list rewards itself (classic multi-buy).","Usado só em Compre X, leve Y: as linhas 'Compre' disparam a oferta, as linhas 'Leve' recebem a recompensa. Sem linhas 'Leve', a própria lista de compra recebe a recompensa (o clássico leve mais, pague menos)."
"Only {0} x {1} can still be returned","Só {0} x {1} ainda podem ser devolvidos"
"Open the register","Abrir o caixa"
"Open the register before requesting approval.","Abra o caixa antes de pedir aprovação."
"Open the register first: the payment goes into its drawer.","Abra o caixa primeiro: o pagamento vai para a gaveta dele."
"Opened At","Aberto em"
"Opened By","Aberto por"
"Opened at","Aberto em"
"Opened by","Aberto por"
"Opened with float {0}","Aberto com fundo de troco de {0}"
"Opening Float","Fundo de troco"
"Opening entries from an earlier day blocking their outlet: {0}","Entradas de abertura de PDV de um dia anterior bloqueando sua loja: {0}"
"Opening float","Fundo de troco"
"Optional (the default): the cashier may pick who sold. Required: a sale without a salesperson is refused. Off: the till asks for nobody and records nobody.","Opcional (o padrão): o operador pode escolher quem vendeu. Obrigatório: uma venda sem vendedor é recusada. Desativado: o caixa não pergunta por ninguém e não registra ninguém."
"Optional app-specific selling prices (overrides price books)","Preços de venda opcionais só para o app (se sobrepõem às tabelas de preços)"
"Optional button label (defaults to the item name)","Texto do botão opcional (o padrão é o nome do item)"
"Optional daily window, e.g. Happy Hour 16:00 to 18:00. Wraps midnight if start is after end.","Horário diário opcional, ex.: Happy Hour das 16:00 às 18:00. Passa da meia-noite se o início for depois do fim."
"Optional daily window. Wraps midnight if start is after end.","Horário diário opcional. Passa da meia-noite se o início for depois do fim."
"Optional per-code expiry. The promotion's own date window still applies on top of this.","Validade opcional por código. O período da própria promoção continua valendo além disso."
"Optional. After this date the bundle stops being offered at the till (treated as expired/inactive).","Opcional. Depois desta data o kit deixa de ser oferecido no caixa (tratado como expirado/inativo)."
"Optional. The bundle is not offered before this date.","Opcional. O kit não é oferecido antes desta data."
"Optional: this component's share of the bundle price (for the whole row qty). If used on any row, every row needs one and they must sum exactly to the Bundle Price. Empty = split proportionally to regular prices.","Opcional: a parte deste componente no preço do kit (para a qtd. da linha inteira). Se usado em alguma linha, todas as linhas precisam de um e a soma deve ser exatamente o Preço do kit. Vazio = divisão proporcional aos preços normais."
"Order ID is required for {0} sales","O nº do pedido é obrigatório para vendas do {0}"
"Order-level (whole-cart) discount","Desconto na venda (carrinho inteiro)"
"Other currencies","Outras moedas"
"Other currencies are on, but ERPNext does not book change as its own entry.","A opção Outras moedas está ativada, mas o ERPNext não registra o troco em um lançamento próprio."
"Other currency floats","Fundos de troco em outras moedas"
"Outlet","Loja"
"Outlet already open","Loja já aberta"
"Outlet {0}","Loja {0}"
"Outlet {0} belongs to {1}, not {2}. Choose outlets of {2}, or clear the company.","A loja {0} pertence a {1}, não a {2}. Escolha lojas de {2}, ou limpe a empresa."
"Outlet {0} cannot sell","A loja {0} não pode vender"
"Outlet {0} included","Loja {0} incluída"
"Outlets","Lojas"
"Outlets (POS Profiles)","Lojas (Perfis do PDV)"
"Over-limit approval method","Método de aprovação acima do limite"
"Overdue Notified","Atraso notificado"
"PIN Hash","Hash do PIN"
"POS Approval Request","Pedido de aprovação do PDV"
"POS Bundle","Kit do PDV"
"POS Bundle Item","Item do kit do PDV"
"POS Capability Rule","Regra de permissão do PDV"
"POS Cash Movement","Movimento de caixa do PDV"
"POS Cashback Entry","Movimento de cashback do PDV"
"POS Cashback Rule","Regra de cashback do PDV"
"POS Cashback Rule Customer Group","Grupo de clientes da regra de cashback do PDV"
"POS Cashback Rule Item","Item da regra de cashback do PDV"
"POS Cashback Rule Profile","Perfil da regra de cashback do PDV"
"POS Closing Entry {0} of this shift is not submitted.","A Entrada de fechamento de PDV {0} deste turno não está enviada."
"POS Coupon","Cupom do PDV"
"POS Customer Form Field","Campo do formulário de cliente do PDV"
"POS Delivery App","App de entrega do PDV"
"POS Discount Approver","Aprovador de desconto do PDV"
"POS Gift Card","Vale-presente do PDV"
"POS Gift Card Entry","Movimento de vale-presente do PDV"
"POS Inter Company Settlement","Acerto entre empresas do PDV"
"POS Layaway","Reserva do PDV"
"POS Layaway Item","Item da reserva do PDV"
"POS Layaway Payment","Pagamento da reserva do PDV"
"POS Opening Entry {0} (by {1}, since {2}) is open outside LumenPOS: close or cancel it in ERPNext.","A Entrada de abertura de PDV {0} (de {1}, desde {2}) está aberta fora do LumenPOS: feche ou cancele no ERPNext."
"POS Parked Sale","Venda suspensa do PDV"
"POS Payment Restriction","Restrição de pagamento do PDV"
"POS Price Book","Tabela de preços do PDV"
"POS Price Book Item","Item da tabela de preços do PDV"
"POS Promotion","Promoção do PDV"
"POS Promotion Customer Group","Grupo de clientes da promoção do PDV"
"POS Promotion Item","Item da promoção do PDV"
"POS Promotion Profile","Perfil da promoção do PDV"
"POS Quick Key","Tecla rápida do PDV"
"POS Refund Rule","Regra de reembolso do PDV"
"POS Register Payment Count","Contagem de pagamentos do caixa do PDV"
"POS Register Session","Sessão de caixa do PDV"
"POS Return Reason","Motivo de devolução do PDV"
"POS Return Restriction","Restrição de devolução do PDV"
"POS Sale Currency","Moeda de venda do PDV"
"POS Session Day","Dia da sessão do PDV"
"POS Session Float","Fundo de troco da sessão do PDV"
"POS Session Rate","Câmbio da sessão do PDV"
"POS Settings, Invoice Type Created via POS Screen: POS Invoice.","Em POS Settings, mude Invoice Type Created via POS Screen para POS Invoice."
"POS Shift Invoice","Fatura do turno do PDV"
"POS Shift Schedule","Escala de turnos do PDV"
"POS Shift Schedule Slot","Horário da escala de turnos do PDV"
"POS Store Credit Entry","Movimento de crédito na loja do PDV"
"POS Variance Reason","Motivo de diferença do PDV"
"Paid At","Pago em"
"Paid With","Pago com"
"Parked","Suspensa"
"Parked At","Suspensa em"
"Passcode","Código de aprovação"
"Passcode only","Só código"
"Passcode or request","Código ou pedido"
"Payment Counts","Contagens por pagamento"
"Payment Method Rules","Regras das formas de pagamento"
"Payment must cover the gift card amount","O pagamento deve cobrir o valor do vale-presente"
"Per cashier","Por operador"
"Per cashier (default): each cashier opens their OWN shift on the register and can only sell on their own, so several people share one counter but each gets their own Z-report and is accountable for their own drawer. Per outlet: ONE shift per register, whoever opens it, any assigned cashier can sell on it.","Por operador (padrão): cada operador abre o PRÓPRIO turno no caixa e só pode vender no seu, então várias pessoas dividem um balcão, mas cada uma tem seu próprio Relatório Z e responde pela própria gaveta. Por loja: UM turno por caixa, quem quer que o abra, e qualquer operador designado pode vender nele."
"Per outlet","Por loja"
"Per-Outlet Receipts","Comprovantes por loja"
"Per-company accounts. On a multi-company site each company posts gift cards / service charge to its OWN accounts. Leave empty to use the global defaults (or auto-create).","Contas por empresa. Em um site com várias empresas, cada empresa lança vales-presente / taxa de serviço nas PRÓPRIAS contas. Deixe vazio para usar os padrões gerais (ou criar automaticamente)."
"Per-method rules. Use these to require a terminal/transfer reference on card or bank payments so the transaction can be traced later.","Regras por forma de pagamento. Use-as para exigir uma referência da maquininha/transferência em pagamentos com cartão ou banco, para que a transação possa ser rastreada depois."
"Per-outlet receipt overrides (managed from the POS Settings page). Each row is a POS Profile + a JSON receipt config that overrides the global receipt design for that outlet. Empty = the outlet uses the global receipt.","Comprovantes próprios por loja (gerenciados na página de configurações do PDV). Cada linha é um Perfil do PDV + uma configuração JSON de comprovante que substitui o desenho geral do comprovante para aquela loja. Vazio = a loja usa o comprovante geral."
"Percentage discount cannot exceed 100","O desconto percentual não pode passar de 100"
"Performance indexes missing: {0}","Índices de desempenho faltantes: {0}"
"Person","Pessoa"
"Pick a period of one year or less.","Escolha um período de um ano ou menos."
"Pick a {0} from the list","Escolha {0} na lista"
"Pick an outlet or a company.","Escolha uma loja ou uma empresa."
"Pick at least one item to take back","Escolha pelo menos um item para devolver"
"Pick the salesperson for this sale.","Escolha o vendedor desta venda."
"Picked by the cashier when a counted drawer was short or over at the close.","Escolhido pelo operador quando a contagem de uma gaveta teve falta ou sobra no fechamento."
"Posted At","Lançado em"
"Price / stock checker","Consulta de preço / estoque"
"Price Book Price","Preço da tabela de preços"
"Price List (legacy)","Lista de preços (antiga)"
"Price cannot be negative","O preço não pode ser negativo"
"Price for {0} cannot be negative","O preço de {0} não pode ser negativo"
"Price list {0} does not exist","A lista de preços {0} não existe"
"Prices include tax ({0}%): the till shows them as they are and adds nothing at the total.","Os preços incluem imposto ({0}%): o caixa os mostra como estão e não soma nada no total."
"Promotion","Promoção"
"Promotion Type","Tipo de promoção"
"Promotion {0} does not exist","A promoção {0} não existe"
"Put on account only what is not paid now: this sale would give change out of a debt.","Deixe a prazo só o que não é pago agora: esta venda daria troco a partir de uma dívida."
"Quantity for {0} must be positive","A quantidade de {0} deve ser positiva"
"Quantity rewarded per application (cheapest eligible units)","Quantidade premiada por aplicação (as unidades elegíveis mais baratas)"
"Quantity the customer must buy to trigger the offer","Quantidade que o cliente precisa comprar para ativar a oferta"
"Quick Keys","Teclas rápidas"
"Quick keys","Teclas rápidas"
"Quick keys / favourites","Teclas rápidas / favoritos"
"Quick reasons the cashier can tap when a count is short or over. The cashier can also write a reason in their own words.","Motivos rápidos que o operador pode tocar quando uma contagem tem falta ou sobra. O operador também pode escrever um motivo com as próprias palavras."
"Raise a Sales Order when goods go on hold, so ERPNext shows the quantity as reserved and another till cannot sell it.","Cria um Pedido de Venda quando as mercadorias são reservadas, assim o ERPNext mostra a quantidade como reservada e outro caixa não consegue vendê-la."
"Rate to company currency","Câmbio para a moeda da empresa"
"Rates fixed for this shift","Câmbios fixados para este turno"
"Reason for a short or over","Motivo de falta ou sobra"
"Reason for the difference","Motivo da diferença"
"Reason shown at the till","Motivo mostrado no caixa"
"Reasons for a short or over","Motivos de falta ou sobra"
"Reasons the cashier picks from when refunding an item. Add or remove freely. The till also always offers ""Other"" for a free-text reason.","Motivos que o operador pode escolher ao reembolsar um item. Adicione ou remova à vontade. O caixa também sempre oferece ""Outro"" para um motivo em texto livre."
"Receipt Config (JSON)","Configuração do comprovante (JSON)"
"Receipt Custom Fields (JSON)","Campos personalizados do comprovante (JSON)"
"Receipt Fields","Campos do comprovante"
"Receipt footer","Rodapé do comprovante"
"Receipt header","Cabeçalho do comprovante"
"Receipt layout/density. Compact = tight; Standard = balanced; Detailed = spacious with a full store header + terms block.","Layout/densidade do comprovante. Compacto = apertado, Padrão = equilibrado, Detalhado = espaçoso, com cabeçalho completo da loja + bloco de termos."
"Receipt logo","Logotipo do comprovante"
"Receipt template","Modelo do comprovante"
"Record sensitive actions (over-limit discounts, returns, price edits, register open/close) to the LumenPOS Audit Log.","Registra ações sensíveis (descontos acima do limite, devoluções, edições de preço, abertura/fechamento do caixa) no Log de auditoria do LumenPOS."
"Recorded At","Registrado em"
"Recorded By","Registrado por"
"Redeem","Resgate"
"Reference Invoice","Fatura de referência"
"Reference label","Rótulo da referência"
"Refund","Reembolso"
"Refund Method Rules","Regras de forma de reembolso"
"Refund as {0}","Reembolsar em {0}"
"Refunded","Reembolsado"
"Refunded without a connection: the till paid out {0}, ERPNext's figure is {1}.","Reembolsado sem conexão: o caixa pagou {0}, o valor do ERPNext é {1}."
"Refunds","Reembolsos"
"Refunds may only go back to a payment method the customer actually used on the original sale (plus Store Credit). Add rules below to allow extra refund methods per paid method.","Os reembolsos só podem voltar para uma forma de pagamento que o cliente realmente usou na venda original (além de Crédito na loja). Adicione regras abaixo para permitir formas de reembolso extras para cada forma paga."
"Register Session","Sessão de caixa"
"Register page, Retry, or wait for the next background run.","Página Caixa, Tentar de novo, ou aguarde a próxima execução em segundo plano."
"Register page, Retry. If it fails again, send this screen.","Página Caixa, Tentar de novo. Se falhar de novo, envie esta tela."
"Register session is already closed","A sessão de caixa já está fechada"
"Register session is not open","A sessão de caixa não está aberta"
"Register still open: {0}","Caixa ainda aberto: {0}"
"Register {0} already has an open session ({1})","O caixa {0} já tem uma sessão aberta ({1})"
"Register {0} already has an open session ({1}).","O caixa {0} já tem uma sessão aberta ({1})."
"Register {0} has a previous shift ({1}) whose closing is still finalising or has failed. Retry that closing before opening a new shift.","O caixa {0} tem um turno anterior ({1}) cujo fechamento ainda está sendo finalizado ou falhou. Tente fechar esse turno de novo antes de abrir um novo."
"Reprint a receipt","Reimprimir comprovante"
"Request","Pedido"
"Request not found.","Pedido não encontrado."
"Request only","Só pedido"
"Requested Discount (%)","Desconto pedido (%)"
"Require Order ID","Exigir nº do pedido"
"Require a transaction reference","Exigir referência da transação"
"Require scanning for serial numbers (block manual typing)","Exigir leitura dos números de série (bloqueia a digitação manual)"
"Required","Obrigatório"
"Required asks only when a difference is larger than this, in the company currency (a drawer in another currency at its shift rate). 0 = any difference.","No modo Obrigatório, só pergunta quando uma diferença passa deste valor, na moeda da empresa (uma gaveta em outra moeda pela taxa do seu turno). 0 = qualquer diferença."
"Requires Coupon Code","Exige código de cupom"
"Reserve the goods on hold","Reservar as mercadorias no estoque"
"Reset Code Hash","Hash do código de redefinição"
"Reset Expires","Validade da redefinição"
"Restrict refunds to the original payment method","Limitar reembolsos à forma de pagamento original"
"Restrict till actions to staff holding a role. Leave a role blank to allow everyone. System / LumenPOS Managers always pass.","Limita ações do caixa à equipe com uma função. Deixe uma função vazia para permitir todos. Gerentes do sistema e do LumenPOS sempre passam."
"Resulting Invoice","Fatura resultante"
"Retrieved","Recuperada"
"Return Invoice","Fatura de devolução"
"Return Reason","Motivo da devolução"
"Return Reasons","Motivos de devolução"
"Return approval isn't required, returns are open.","A aprovação de devolução não é necessária, as devoluções estão liberadas."
"Return past the window","Devolução fora do prazo"
"Return policy / terms printed at the bottom of the receipt.","Política de devolução / termos impressos no fim do comprovante."
"Return window (days)","Prazo de devolução (dias)"
"Returns are allowed within {0} days, this invoice is {1} days old. Send a return approval request to continue.","As devoluções são permitidas em até {0} dias, esta fatura tem {1} dias. Envie um pedido de aprovação de devolução para continuar."
"Returns without a connection","Devoluções sem conexão"
"Returns without a connection are switched off in LumenPOS Settings. Make this return again from Sales History.","As devoluções sem conexão estão desativadas em Configurações do LumenPOS. Faça esta devolução de novo pelo Histórico de vendas."
"Reverse","Estorno"
"Reward","Recompensa"
"Reward Value","Valor da recompensa"
"Reward Value must be greater than zero","O Valor da recompensa deve ser maior que zero"
"Row {0}: Qty must be at least 1","Linha {0}: a Qtd. deve ser pelo menos 1"
"Row {0}: bundle Qty must be at least 1","Linha {0}: a Qtd. do kit deve ser pelo menos 1"
"Row {0}: invalid price '{1}'","Linha {0}: preço inválido '{1}'"
"Row {0}: item '{1}' not found","Linha {0}: item '{1}' não encontrado"
"Row {0}: no price for {1}","Linha {0}: sem preço para {1}"
"Row {0}: set the {1} field","Linha {0}: preencha o campo {1}"
"Row {0}: {1} is serialized, serialized items cannot be sold in bundles","Linha {0}: {1} é serializado, itens serializados não podem ser vendidos em kits"
"Runs on {0}","Aplica-se em {0}"
"Sale","Venda"
"Sale or refund not recorded","Venda ou reembolso não registrado"
"Sale type","Tipo de venda"
"Sale {0} not found","Venda {0} não encontrada"
"Sales older than 3 days not in the books: {0}","Vendas com mais de 3 dias fora da contabilidade: {0}"
"Sales on account","Vendas a prazo"
"Sales on account are switched off in LumenPOS Settings.","As vendas a prazo estão desativadas nas Configurações do LumenPOS."
"Sales, search and shift reports slow down on a large site.","Vendas, busca e relatórios de turno ficam lentos em um site grande."
"Salesperson at the till","Vendedor no caixa"
"Salesperson required","Vendedor obrigatório"
"Scan or type a serial number","Leia ou digite um número de série"
"See sales by salesperson","Ver vendas por vendedor"
"See the system check","Ver a verificação do sistema"
"Select a customer (or set a default customer on the POS Profile)","Selecione um cliente (ou defina um cliente padrão no Perfil do PDV)"
"Select an outlet","Selecione uma loja"
"Select at least one item to return","Selecione pelo menos um item para devolver"
"Select the invoice to return.","Selecione a fatura a devolver."
"Selected Customer Groups","Grupos de clientes selecionados"
"Selected items were not found on the original sale","Os itens selecionados não foram encontrados na venda original"
"Sell in other currencies","Vender em outras moedas"
"Sell on account","Vender a prazo"
"Send queued sales in the background","Enviar vendas da fila em segundo plano"
"Send this screen with the Error Log entries (ERPNext, Error Log).","Envie esta tela com as entradas do Error Log (ERPNext, Error Log)."
"Send this screen. The jobs run again on their own.","Envie esta tela. As tarefas rodam de novo sozinhas."
"Separate per company","Separado por empresa"
"Serial numbers must be SCANNED with a barcode scanner, manual typing is rejected at the till. Turn off if a scanner is unavailable.","Os números de série devem ser LIDOS com um leitor de código de barras, a digitação manual é recusada no caixa. Desative se não houver leitor."
"Serial {0} belongs to {1}","O número de série {0} pertence a {1}"
"Serial {0} came back on {1}, and ERPNext holds it until the shift close books that sale","O número de série {0} voltou em {1}, e o ERPNext o retém até o fechamento do turno lançar essa venda"
"Serial {0} does not exist","O número de série {0} não existe"
"Serial {0} is already sold on {1}, which the shift close has not booked yet","O número de série {0} já foi vendido em {1}, que o fechamento do turno ainda não lançou"
"Serial {0} is held by a sale the shift close has not booked yet","O número de série {0} está retido por uma venda que o fechamento do turno ainda não lançou"
"Serial {0} is in {1}, not this register's warehouse","O número de série {0} está em {1}, não no armazém deste caixa"
"Serial {0} is not in stock ({1})","O número de série {0} não está em estoque ({1})"
"Serial {0} is scanned twice in this sale","O número de série {0} foi lido duas vezes nesta venda"
"Serial {0} is selected twice","O número de série {0} foi selecionado duas vezes"
"Serial {0} was already returned","O número de série {0} já foi devolvido"
"Serial {0} was not sold on this invoice","O número de série {0} não foi vendido nesta fatura"
"Service Charge Account","Conta da taxa de serviço"
"Service charge","Taxa de serviço"
"Service charge (%)","Taxa de serviço (%)"
"Service charge ({0}%)","Taxa de serviço ({0}%)"
"Service charge account (global fallback)","Conta da taxa de serviço (reserva geral)"
"Session Totals","Totais da sessão"
"Set a Coupon Code or untick 'Requires Coupon Code'","Defina um Código do cupom ou desmarque 'Exige código de cupom'"
"Set a Service charge account for {0} in LumenPOS Settings → Company Accounts (or the global default).","Defina uma conta da taxa de serviço para {0} em Configurações do LumenPOS → Contas da empresa (ou o padrão geral)."
"Set a customer's credit","Definir o crédito de um cliente"
"Set automatically once the use limit is reached.","Definido automaticamente quando o limite de uso é atingido."
"Set both Start Time and End Time, or neither","Defina o Horário de início e o Horário de término, ou nenhum dos dois"
"Set by the daily update: per company currency, the published rate, the rate used, when, and any error.","Definido pela atualização diária: por moeda da empresa, o câmbio publicado, o câmbio usado, quando e qualquer erro."
"Set up automatically, with a cash account in this currency.","Configurado automaticamente, com uma conta de caixa nesta moeda."
"Set up automatically: the customer a walk-in who pays in this currency is billed to.","Configurado automaticamente: o cliente usado para faturar um consumidor final que paga nesta moeda."
"Settings are consistent","As configurações estão consistentes"
"Settings, General, Other currencies: fix the reason and save.","Configurações, Geral, Outras moedas: corrija a causa e salve."
"Settings, Status, Rebuild missing indexes.","Configurações, Situação, Recriar índices faltantes."
"Several cashiers on one outlet each need their own POS Profile on ERPNext 16.","No ERPNext 16, vários operadores em uma loja precisam cada um do próprio Perfil do PDV."
"Shared by the group","Compartilhado pelo grupo"
"Shift already open","Turno já aberto"
"Shift from an earlier day","Turno de um dia anterior"
"Shift {0} is still being closed ({1}): retry its close from the Register screen.","O turno {0} ainda está sendo fechado ({1}): tente fechar de novo pela tela Caixa."
"Shift {0} recorded cash movements and can't be deleted. Cancel it instead.","O turno {0} registrou movimentos de caixa e não pode ser excluído. Cancele-o."
"Shifts","Turnos"
"Shifts open for more than a day: {0}","Turnos abertos há mais de um dia: {0}"
"Shifts stuck in Closing: {0}","Turnos travados no fechamento: {0}"
"Shifts with an ERPNext day past midnight still to post: {0}","Turnos que passaram da meia-noite com um dia do ERPNext ainda por lançar: {0}"
"Show a Favourites grid of one-tap items on the sell screen.","Mostra uma grade de Favoritos com itens de um toque na tela de venda."
"Show a Price check button to look up an item's price + stock without selling it.","Mostra um botão Consultar preço para ver o preço + estoque de um item sem vendê-lo."
"Show an Email receipt button so a copy can be sent to the customer's email.","Mostra um botão Enviar comprovante por e-mail para mandar uma cópia ao e-mail do cliente."
"Show item barcode","Mostrar código de barras do item"
"Show item code","Mostrar código do item"
"Show out-of-stock items in the grid","Mostrar itens sem estoque na grade"
"Show payment method lines","Mostrar linhas das formas de pagamento"
"Show serial numbers","Mostrar números de série"
"Show stock items that are out of stock (qty 0 or less) in the sell grid. Off = only items with stock are shown (non-stock items like services always show).","Mostra itens de estoque que estão sem estoque (qtd. 0 ou menos) na grade de venda. Desativado = só itens com estoque são mostrados (itens não estocáveis, como serviços, sempre aparecem)."
"Show store address","Mostrar endereço da loja"
"Show tax / VAT ID","Mostrar CPF/CNPJ"
"Show terms & conditions","Mostrar termos e condições"
"Show the equivalent on local sales","Mostrar o equivalente nas vendas locais"
"Show the sale note","Mostrar a observação da venda"
"Show unit price (qty × rate)","Mostrar preço unitário (qtd. × preço)"
"Show what is new after an update","Mostrar as novidades após uma atualização"
"Shown on the invoice when this person approves a discount, e.g. Manager Khobar","Mostrado na fatura quando esta pessoa aprova um desconto, ex.: Gerente Centro"
"Sign in as Administrator to build demo data.","Entre como Administrator para criar dados de demonstração."
"Simple Discount","Desconto simples"
"Single Use","Uso único"
"Slow sales logged in the last 7 days: {0}","Vendas lentas registradas nos últimos 7 dias: {0}"
"Smallest first payment, as a percentage of the total. 0 = any amount.","Menor primeiro pagamento, como porcentagem do total. 0 = qualquer valor."
"Snapshot of the cart as JSON","Retrato do carrinho em JSON"
"Spend and Save","Gaste e economize"
"Spent at","Usado em"
"Stackable promotions combine with each other. Non-stackable promotions compete and only the best one applies.","Promoções acumuláveis se combinam entre si. Promoções não acumuláveis competem e só a melhor se aplica."
"Standard Price","Preço padrão"
"Starts","Começa"
"Status is Active","Situação: Ativo"
"Stock Settings, Auto Insert Item Price If Missing is on: a sale of an item with no price in the price list writes that sale's rate into it.","Em Stock Settings, Auto Insert Item Price If Missing está ativado: a venda de um item sem preço na lista de preços grava nela o preço dessa venda."
"Store Credit","Crédito na loja"
"Store address","Endereço da loja"
"Store credit balance is too low to redeem {0}","O saldo de crédito na loja é baixo demais para resgatar {0}"
"Store credit balance is {0}, cannot redeem {1}","O saldo de crédito na loja é {0}, não é possível resgatar {1}"
"Store credit refunds","Reembolsos em crédito na loja"
"Stuck shifts are not retried, nightly cashback, rates and settlements do not run.","Turnos travados não são tentados de novo, e as rotinas noturnas de cashback, câmbio e acertos entre empresas não rodam."
"Switch on automatic exchange rates first, and save.","Ative primeiro o câmbio automático e salve."
"Take a payment","Receber pagamento"
"Take customer payments","Receber pagamentos de clientes"
"Take it back as a return, then ring the new goods up as a new sale.","Faça a devolução e depois registre as novas mercadorias como uma nova venda."
"Taken By","Recebido por"
"Taking this much out of the drawer needs a manager's approval: their passcode, or a request they approve.","Retirar esse valor da gaveta precisa da aprovação de um gerente: o código dele, ou um pedido que ele aprove."
"Tax ({0}%) is added on top of prices: the till shows prices before tax and adds it at the total.","O imposto ({0}%) é somado aos preços: o caixa mostra os preços sem imposto e soma o imposto no total."
"Tax / VAT ID","CPF/CNPJ"
"Tax template {0}: some rows are included in prices and some are added on top.","Modelo de imposto {0}: algumas linhas estão incluídas nos preços e outras são somadas a eles."
"Tax the outlet will add on top of the held prices at hand-over. Zero where the price list already includes it.","Imposto que a loja vai somar aos preços reservados na entrega. Zero quando a lista de preços já o inclui."
"Terms & conditions","Termos e condições"
"Thank you for your purchase. Your receipt {0} is attached.","Obrigado pela sua compra. Seu comprovante {0} está em anexo."
"That code has expired. Ask for a new one.","Esse código expirou. Peça um novo."
"That code is not right.","Esse código não está certo."
"That current PIN is not right.","Esse PIN atual não está certo."
"That is more than the {0} still owed on this hold.","Isso é mais do que os {0} que ainda faltam pagar nesta reserva."
"The POS Opening Entry {0} of this shift was cancelled in ERPNext, so the shift closes against its amendment {1}.","A Entrada de abertura de PDV {0} deste turno foi cancelada no ERPNext, então o turno fecha com a versão alterada dela, {1}."
"The POS sale that took this instalment, its line posts to the deposit liability account.","A venda do PDV que recebeu esta parcela. A linha dela é lançada na conta de passivo de adiantamentos."
"The Sales Order that reserves the goods while the hold is open.","O Pedido de Venda que reserva as mercadorias enquanto a reserva está em aberto."
"The approval covers {0}, not {1}.","A aprovação cobre {0}, não {1}."
"The approval is {0}, not approved.","A aprovação está {0}, não aprovada."
"The approval's register session has closed.","A sessão de caixa da aprovação foi fechada."
"The approved discount ({0}%) is below the {1}% on this sale.","O desconto aprovado ({0}%) é menor que os {1}% desta venda."
"The automatic rate for {0} did not update","O câmbio automático de {0} não foi atualizado"
"The cashback expense account must be an Expense account, and {0} is {1}","A conta de despesa do cashback deve ser uma conta de Despesa, e {0} é {1}"
"The cashback liability account must be a Liability account, and {0} is {1}","A conta de passivo do cashback deve ser uma conta de Passivo, e {0} é {1}"
"The cashier must enter the terminal / transfer reference before the sale can complete.","O operador precisa informar a referência da maquininha / transferência antes de concluir a venda."
"The cashier's register has closed, this request has expired.","O caixa do operador foi fechado, este pedido expirou."
"The company that holds the balance: its liability goes down.","A empresa que guarda o saldo: o passivo dela diminui."
"The company whose outlet took the balance as payment and gave the goods.","A empresa cuja loja aceitou o saldo como pagamento e entregou as mercadorias."
"The cost of the cashback program. Earned cashback is debited here, and expired or returned cashback is credited back. Leave empty to create ""Cashback Expense"" under Indirect Expenses.","O custo do programa de cashback. O cashback ganho é debitado aqui, e o cashback expirado ou devolvido é creditado de volta. Deixe vazio para criar ""Cashback Expense"" em Despesas Indiretas."
"The count is short or over: write a reason before closing the register.","A contagem tem falta ou sobra: escreva um motivo antes de fechar o caixa."
"The customer owes {0} on the sales chosen: take at most that.","O cliente deve {0} nas vendas escolhidas: receba no máximo esse valor."
"The daily summary Journal Entry that booked this row to the accounts. Empty until it is posted. Redeem rows stay empty: the sale's payment books them.","O Lançamento no Livro Diário de resumo diário que lançou esta linha na contabilidade. Vazio até ser lançado. Linhas de Resgate ficam vazias: o pagamento da venda as lança."
"The expected takings could not be worked out when this shift was closed. They are filled in from its POS Closing Entry when it consolidates.","Os recebimentos esperados não puderam ser calculados quando este turno foi fechado. Eles são preenchidos a partir da Entrada de fechamento de PDV dele quando ela for consolidada."
"The file has no rows","O arquivo não tem linhas"
"The goods coming back are worth more than the new ones. Choose how to refund {0}.","As mercadorias que voltam valem mais que as novas. Escolha como reembolsar {0}."
"The item a deposit is taken on. Blank = LumenPOS creates LUMENPOS-DEPOSIT.","O item em que o adiantamento é registrado. Vazio = o LumenPOS cria LUMENPOS-DEPOSIT."
"The languages a cashier can pick at the till, one ERPNext language code per line (en, ar ...). Empty = every language LumenPOS ships, including ones a later update adds. English is always offered. Set from the till: Settings, General, Languages.","Os idiomas que um operador pode escolher no caixa, um código de idioma do ERPNext por linha (en, ar ...). Vazio = todos os idiomas que o LumenPOS traz, inclusive os que uma atualização futura adicionar. O inglês sempre é oferecido. Definido no caixa: Configurações, Geral, Idiomas."
"The last rate is kept. Settings, Other currencies, Update now.","O último câmbio é mantido. Configurações, Outras moedas, Atualizar agora."
"The margin for {0} must be from 0 to less than 100%.","A margem de {0} deve ser de 0 até menos de 100%."
"The new items come to {0}, {1} is covered by the return, so {2} is due but {3} was entered.","Os novos itens somam {0}, {1} é coberto pela devolução, então {2} é devido, mas foi informado {3}."
"The outlet the cashback was earned at. Expire and Reverse rows keep the outlet of the Earn row they come from.","A loja onde o cashback foi ganho. Linhas de Expiração e Estorno mantêm a loja da linha de Ganho de onde vêm."
"The payment method {0} already exists, and its account for {1} ({2}) is in {3}, not {4}. Give it a {4} account, or rename it, so the {4} cash drawer can be set up.","A forma de pagamento {0} já existe, e a conta dela para {1} ({2}) está em {3}, não em {4}. Dê a ela uma conta em {4}, ou renomeie-a, para que a gaveta de {4} possa ser configurada."
"The payment method {0} already exists, and its account for {1} is {2}. LumenPOS needs its own for sales on account: rename yours in ERPNext (Mode of Payment, Rename) and save again.","A forma de pagamento {0} já existe, e a conta dela para {1} é {2}. O LumenPOS precisa de uma própria para as vendas a prazo: renomeie a sua no ERPNext (Forma de Pagamento, Renomear) e salve de novo."
"The promotion only applies when the cashier enters this coupon code at the till","A promoção só se aplica quando o operador digita este código de cupom no caixa"
"The qualifying items must total at least this to earn cashback","Os itens elegíveis precisam somar pelo menos isto para ganhar cashback"
"The rate must be more than 0.","O câmbio deve ser maior que 0."
"The rates service answered: {0}","O serviço de câmbio respondeu: {0}"
"The rates service has no rate for {0}.","O serviço de câmbio não tem câmbio para {0}."
"The refund split adds up to {0} but the refund is {1}.","A divisão do reembolso soma {0}, mas o reembolso é {1}."
"The refund split adds up to {0} but {1} is left over after the new items.","A divisão do reembolso soma {0}, mas sobram {1} depois dos novos itens."
"The sale doctype this entry came from. LumenPOS posts POS Invoices by default, but a profile can be set to post Sales Invoices instead.","O doctype de venda de onde veio este movimento. O LumenPOS lança Faturas PDV por padrão, mas um perfil pode ser configurado para lançar Faturas de Venda."
"The sale this return takes back has not reached the server yet. It goes first, then this return.","A venda que esta devolução desfaz ainda não chegou ao servidor. Ela vai primeiro, depois esta devolução."
"The till has NOT been closed automatically, a close without a real cash count is worthless.","O caixa NÃO foi fechado automaticamente, um fechamento sem contagem real do dinheiro não vale nada."
"The till values this currency this much below the published rate, the way a shop taking it at a market rate does.","O caixa avalia esta moeda esse tanto abaixo do câmbio publicado, como faz uma loja que a aceita pelo câmbio do mercado."
"Theft or loss","Roubo ou perda"
"Their sales are not in the books yet.","As vendas deles ainda não estão na contabilidade."
"There is no exchange rate from {0} to {1}. Set it in LumenPOS Settings, General, Other currencies.","Não há câmbio de {0} para {1}. Defina em Configurações do LumenPOS, Geral, Outras moedas."
"These items are never taken back: {0}","Estes itens nunca são aceitos de volta: {0}"
"These items need an approved return request: {0}","Estes itens precisam de um pedido de devolução aprovado: {0}"
"These items sell at the price set here while this book is active (by validity + priority). Items not listed keep their normal selling price.","Estes itens são vendidos pelo preço definido aqui enquanto esta tabela estiver ativa (por validade + prioridade). Os itens fora da lista mantêm o preço de venda normal."
"These items were sold together (bundle/offer) and must be returned together: {0}. Use Exchange for a partial swap.","Estes itens foram vendidos juntos (kit/oferta) e devem ser devolvidos juntos: {0}. Use Troca para uma troca parcial."
"They should run every 10 minutes. The workers may be stopped.","Elas deveriam rodar a cada 10 minutos. Os processos em segundo plano podem estar parados."
"This approval is for a {0}, not a {1}.","Esta aprovação é para {0}, não para {1}."
"This approval is for another drawer.","Esta aprovação é para outra gaveta."
"This approval is for another shift.","Esta aprovação é para outro turno."
"This approval was already used.","Esta aprovação já foi usada."
"This approval was issued to another cashier.","Esta aprovação foi dada a outro operador."
"This coupon's promotion isn't available right now","A promoção deste cupom não está disponível agora"
"This customer is disabled.","Este cliente está desativado."
"This customer is not allowed to buy on account. Allow it on their card in Customers.","Este cliente não tem permissão para comprar a prazo. Autorize na ficha dele, em Clientes."
"This discount is within the {0}% limit, no approval needed.","Este desconto está dentro do limite de {0}%, não precisa de aprovação."
"This hold is {0}","Esta reserva está {0}"
"This payment method cannot be used when the cart contains a matching item.","Esta forma de pagamento não pode ser usada quando o carrinho tem um item correspondente."
"This person passes, whatever roles they hold.","Esta pessoa passa, quaisquer que sejam suas funções."
"This register is being closed. Reopen it (or wait for the close to finish) before ringing up this sale.","Este caixa está sendo fechado. Reabra-o (ou espere o fechamento terminar) antes de registrar esta venda."
"This request was already {0}.","Este pedido já está {0}."
"This return approval is for invoice {0}.","Esta aprovação de devolução é para a fatura {0}."
"This return was refunded without a connection as {0}, but ERPNext calculated {1}. Check the sale and make the return again from Sales History.","Esta devolução foi reembolsada sem conexão como {0}, mas o ERPNext calculou {1}. Confira a venda e faça a devolução de novo pelo Histórico de vendas."
"This role (plus managers) may return a sale past the return window WITHOUT an approval request. Blank = nobody bypasses (everyone uses the request flow).","Esta função (além dos gerentes) pode devolver uma venda fora do prazo de devolução SEM pedido de aprovação. Vazio = ninguém pula essa etapa (todos usam o fluxo de pedido)."
"This sale was paid by {0}, so it can only be refunded to: {1}. Adjust the refund methods in LumenPOS Settings if needed.","Esta venda foi paga com {0}, então só pode ser reembolsada em: {1}. Ajuste as formas de reembolso em Configurações do LumenPOS se precisar."
"This sale was rung up as {0} but ERPNext calculated {1} (short by {2}). This is usually a price-list or VAT mismatch. Check that every item is priced on the active price list and that the VAT template's 'included in rate' flag matches your shelf prices (Settings → Status).","Esta venda foi registrada como {0}, mas o ERPNext calculou {1} (faltam {2}). Isso costuma ser uma diferença de lista de preços ou de IVA. Confira se todo item tem preço na lista de preços ativa e se a opção 'incluído no preço' do modelo de IVA bate com os preços da prateleira (Configurações → Situação)."
"This sale was rung up at {0}, but the shift sells {1} at {2}. Ring it up again.","Esta venda foi registrada a {0}, mas o turno vende {1} a {2}. Registre-a de novo."
"This shift belongs to {0}. Only the cashier who opened the register can sell on it. Close that shift and open your own.","Este turno é de {0}. Só o operador que abriu o caixa pode vender nele. Feche esse turno e abra o seu."
"This shift was opened on {0}. ERPNext 16 accepts sales only on a shift opened today: close this shift on the Register screen and open a new one.","Este turno foi aberto em {0}. O ERPNext 16 só aceita vendas em um turno aberto hoje: feche este turno na tela Caixa e abra um novo."
"This shop asks for at least {0}% down, which is {1}.","Esta loja pede um adiantamento de pelo menos {0}%, que dá {1}."
"This site already has {0} posted POS invoices, so it does not look like an empty demo site. Nothing was created.","Este site já tem {0} faturas PDV lançadas, então não parece um site de demonstração vazio. Nada foi criado."
"This version of Lumen Reports does not include the LumenPOS dashboard yet. Update Lumen Reports, then try again.","Esta versão do Lumen Reports ainda não inclui o painel do LumenPOS. Atualize o Lumen Reports e tente de novo."
"Tick to EXCLUDE these products instead of including them (e.g. all products except this brand)","Marque para EXCLUIR estes produtos em vez de incluí-los (ex.: todos os produtos menos esta marca)"
"Times Used","Vezes usado"
"To let customers pay with loyalty points, tick 'Allow Partial Payment' on the POS Profile {0}. This version of ERPNext counts only cash and card towards the total, so it rejects a sale that is part points even though the sale is fully settled. LumenPOS still checks every sale adds up before it posts.","Para deixar os clientes pagarem com pontos de fidelidade, marque 'Allow Partial Payment' no Perfil do PDV {0}. Esta versão do ERPNext só conta dinheiro e cartão para o total, então recusa uma venda paga em parte com pontos mesmo que ela esteja quitada. O LumenPOS continua conferindo se toda venda fecha antes de lançá-la."
"Too many attempts, wait a minute and try again.","Muitas tentativas, espere um minuto e tente de novo."
"Too many attempts, wait a moment and try again.","Muitas tentativas, espere um momento e tente de novo."
"Total Discounts","Total de descontos"
"Total Sales","Total de vendas"
"Turn till features on or off. Each control is independent.","Ative ou desative recursos do caixa. Cada controle é independente."
"Unknown delivery app {0}. Add it in LumenPOS Settings","App de entrega desconhecido {0}. Adicione-o em Configurações do LumenPOS"
"Unknown item {0}","Item desconhecido {0}"
"Unknown request type {0}","Tipo de pedido desconhecido {0}"
"Unlocked by {0}","Desbloqueado por {0}"
"Update exchange rates automatically","Atualizar o câmbio automaticamente"
"Usable After (days)","Pode ser usado após (dias)"
"Usable From","Pode ser usado a partir de"
"Use Limit","Limite de uso"
"Used At","Usado em"
"Used On (Invoice)","Usado em (fatura)"
"Used when the outlet has no shift schedule.","Usado quando a loja não tem escala de turnos."
"Users holding this role (plus LumenPOS/System Managers) can approve discount AND return requests. Requests can only be approved while the cashier's register is still open.","Usuários com esta função (além dos gerentes do LumenPOS e do sistema) podem aprovar pedidos de desconto E de devolução. Os pedidos só podem ser aprovados enquanto o caixa do operador ainda estiver aberto."
"Usually fine. If something stops working after an ERPNext update, send this screen.","Normalmente não há problema. Se algo parar de funcionar depois de uma atualização do ERPNext, envie esta tela."
"Valid For (days)","Válido por (dias)"
"Valid To","Válido até"
"Valid To cannot be before Valid From","Válido até não pode ser anterior a Válido de"
"Valid Until","Válido até"
"Variance threshold","Limite de diferença"
"Walk-in customer","Consumidor final"
"Warn about locked accounting periods","Avisar sobre períodos contábeis bloqueados"
"Warn when offline sales are not protected","Avisar quando as vendas offline não estiverem protegidas"
"What is being approved","O que está sendo aprovado"
"What the company owes customers in unspent cashback. Earned cashback is credited here and spent cashback is debited. Leave empty to create ""Cashback"" under Current Liabilities.","O que a empresa deve aos clientes em cashback não usado. O cashback ganho é creditado aqui e o cashback usado é debitado. Deixe vazio para criar ""Cashback"" em Passivo Circulante."
"What the customer pays in the end, tax and all.","O que o cliente paga no fim, com imposto e tudo."
"What this rule refuses to take back.","O que esta regra recusa aceitar de volta."
"What to call it at the till, e.g. ""Approval code"" or ""Transfer no."". Defaults to ""Reference"".","Como chamar no caixa, ex.: ""Código de autorização"" ou ""Nº da transferência"". O padrão é ""Referência""."
"When a counted drawer is short or over at the close. Optional (the default): the cashier may give a reason and say what was done. Required: the register does not close without a reason, checked on the server too. Off: the till does not ask. Set from the till: Settings, General, Register and shifts.","Quando a contagem de uma gaveta tem falta ou sobra no fechamento. Opcional (padrão): o operador pode informar um motivo e o que foi feito. Obrigatório: o caixa não fecha sem um motivo, verificado também no servidor. Desativado: o caixa não pergunta. Configurado no caixa: Configurações, Geral, Caixa e turnos."
"When an ERPNext Accounting Period locks Sales Invoices today, the till says so as a shift opens (the close posts the shift's sales as a Sales Invoice, so it would fail), and a close it stopped names the period and how to unlock it. The system check lists such periods either way. Set from the till: Settings, General, Register and shifts.","Quando um Período Contábil do ERPNext bloqueia as Faturas de Venda hoje, o caixa avisa ao abrir um turno (o fechamento lança as vendas do turno como uma Fatura de Venda, então falharia), e um fechamento impedido por ele mostra o período e como desbloqueá-lo. A verificação do sistema mostra esses períodos de qualquer forma. Configurado no caixa: Configurações, Geral, Caixa e turnos."
"When several price books apply, the highest priority wins","Quando várias tabelas de preços se aplicam, a de maior prioridade vence"
"Where it applies","Onde se aplica"
"Which price the discount is calculated from. Price Book Price stacks on an active price book. Standard Price discounts from the regular price and gives the customer the lower of the two (never stacks with a price book).","De qual preço o desconto é calculado. Preço da tabela de preços se aplica sobre uma tabela de preços ativa. Preço padrão desconta do preço normal e dá ao cliente o menor dos dois (nunca se soma a uma tabela de preços)."
"Which sale is being exchanged?","Qual venda está sendo trocada?"
"Who can buy on account","Quem pode comprar a prazo"
"Who can do what","Quem pode fazer o quê"
"Who may do what at the till. A capability with no row here is open to everyone (except returning past the window, which stays closed unless named). Managers always pass.","Quem pode fazer o quê no caixa. Uma permissão sem linha aqui fica liberada para todos (exceto devolver fora do prazo, que fica fechada a menos que alguém seja indicado). Gerentes sempre passam."
"Write why the money is taken out.","Escreva por que o dinheiro está sendo retirado."
"Wrong approver passcode for the {0}% discount.","Código do aprovador incorreto para o desconto de {0}%."
"Wrong approver passcode.","Código do aprovador incorreto."
"Wrong change given","Troco dado errado"
"X-report (mid-shift read)","Relatório X (leitura no meio do turno)"
"You are not allowed to approve requests.","Você não tem permissão para aprovar pedidos."
"You are not allowed to close a register","Você não tem permissão para fechar um caixa"
"You are not allowed to exchange goods","Você não tem permissão para trocar mercadorias"
"You are not allowed to hold goods for a customer","Você não tem permissão para reservar mercadorias para um cliente"
"You are not allowed to open a register","Você não tem permissão para abrir um caixa"
"You are not allowed to put money in or take it out","Você não tem permissão para fazer suprimento ou sangria"
"You are not allowed to put money in the drawer.","Você não tem permissão para fazer suprimento na gaveta."
"You are not allowed to reprint a receipt","Você não tem permissão para reimprimir um comprovante"
"You are not allowed to sell on account.","Você não tem permissão para vender a prazo."
"You are not allowed to set a customer's credit.","Você não tem permissão para definir o crédito de um cliente."
"You are not allowed to take customer payments.","Você não tem permissão para receber pagamentos de clientes."
"You are not allowed to take money out of the drawer.","Você não tem permissão para fazer sangria da gaveta."
"You are not assigned to outlet {0}. Ask an administrator to add you under Applicable for Users.","Você não está atribuído à loja {0}. Peça a um administrador para adicionar você em Aplicável para Usuários."
"You are not permitted to close a register","Você não tem permissão para fechar um caixa"
"You are not permitted to make sales","Você não tem permissão para fazer vendas"
"You are not permitted to open a register","Você não tem permissão para abrir um caixa"
"You are not permitted to view customers.","Você não tem permissão para ver clientes."
"You are not permitted to work with {0}","Você não tem permissão para trabalhar com {0}"
"You are not permitted to {0} {1}.","Você não tem permissão para {0} {1}."
"You can only manage your own register","Você só pode gerenciar o seu próprio caixa"
"You can't approve your own request, another approver must.","Você não pode aprovar o seu próprio pedido, outro aprovador precisa fazer isso."
"You cannot see {0}'s figures","Você não pode ver os números de {0}"
"You do not have access to the POS. Ask an administrator to grant you the LumenPOS Cashier role (or POS Invoice access).","Você não tem acesso ao PDV. Peça a um administrador a função LumenPOS Cashier (ou acesso a Fatura PDV)."
"You do not have access to {0}.","Você não tem acesso a {0}."
"You're not allowed to change prices at this outlet ({0} costs {1}).","Você não tem permissão para alterar preços nesta loja ({0} custa {1})."
"You're not allowed to edit prices or apply discounts on a sale.","Você não tem permissão para editar preços ou aplicar descontos em uma venda."
"You're not allowed to make returns.","Você não tem permissão para fazer devoluções."
"You're not allowed to see sales by salesperson.","Você não tem permissão para ver as vendas por vendedor."
"You're not allowed to see the system check.","Você não tem permissão para ver a verificação do sistema."
"You're not allowed to see {0}.","Você não tem permissão para ver {0}."
"Your LumenPOS PIN reset code","Seu código para redefinir o PIN do LumenPOS"
"Your VAT / tax registration number.","Seu número de registro fiscal (CPF/CNPJ)."
"Your receipt from {0}, {1}","Seu comprovante de {0}, {1}"
"Your user has no email address. Ask an administrator to reset your PIN.","Seu usuário não tem endereço de e-mail. Peça a um administrador para redefinir seu PIN."
"its warehouse belongs to another company","o armazém dela pertence a outra empresa"
"late return approved by {0}","devolução fora do prazo aprovada por {0}"
"made without a connection","feita sem conexão"
"no payment methods","sem formas de pagamento"
"no price list","sem lista de preços"
"no reason recorded","nenhum motivo registrado"
"no warehouse","sem armazém"
"not scheduled","fora da escala"
"the close has not finished","o fechamento não terminou"
"the master passcode","código mestre"
"the till paid out {0}","o caixa pagou {0}"
"transaction reference","referência da transação"
"{0} '{1}' does not exist. Pick it from the dropdown list","{0} '{1}' não existe. Escolha na lista"
"{0} ({1}): {2} to {3}, locks {4}","{0} ({1}): de {2} a {3}, bloqueia {4}"
"{0} are in {1} only, and this customer buys in {2}.","{0} são só em {1}, e este cliente compra em {2}."
"{0} can't be used for this sale ({1}). Choose another payment method.","{0} não pode ser usado nesta venda ({1}). Escolha outra forma de pagamento."
"{0} can't be used to refund this sale. Allowed: {1}.","{0} não pode ser usado para reembolsar esta venda. Permitido: {1}."
"{0} cannot be returned","{0} não pode ser devolvido"
"{0} does not let prices be changed at the till. Tick Allow User to Edit Rate on its POS Profile to allow it.","{0} não permite alterar preços no caixa. Marque Allow User to Edit Rate no Perfil do PDV dela para permitir."
"{0} has NO price on price list '{1}', a percentage of 0 is 0","{0} NÃO tem preço na lista de preços '{1}', uma porcentagem de 0 é 0"
"{0} has shift {1} open since {2}: close it first.","{0} tem o turno {1} aberto desde {2}: feche-o primeiro."
"{0} is billed in {1}, but this till sells in {2}. Switch on Other currencies in LumenPOS Settings, choose another customer, or clear the customer's Billing Currency in ERPNext (Customer, Currency and Price List).","{0} é faturado em {1}, mas este caixa vende em {2}. Ative Outras moedas em Configurações do LumenPOS, escolha outro cliente, ou limpe a Moeda de faturamento do cliente no ERPNext (Cliente, Moeda e Lista de preços)."
"{0} is billed in {1}, which this till does not sell in. Add {1} in LumenPOS Settings, General, Other currencies, or change the customer's Billing Currency.","{0} é faturado em {1}, moeda em que este caixa não vende. Adicione {1} em Configurações do LumenPOS, Geral, Outras moedas, ou altere a Moeda de faturamento do cliente."
"{0} is kept by LumenPOS for gift cards and hold deposits and cannot be sold as a product.","{0} é de uso interno do LumenPOS para vales-presente e adiantamentos de reservas e não pode ser vendido como produto."
"{0} is not a field of the customer form","{0} não é um campo do formulário de cliente"
"{0} is not a payment method of this outlet.","{0} não é uma forma de pagamento desta loja."
"{0} is not a payment taken at the till.","{0} não é um pagamento recebido no caixa."
"{0} is not an active salesperson.","{0} não é um vendedor ativo."
"{0} is serialized, quantity must be a whole number","{0} é serializado, a quantidade deve ser um número inteiro"
"{0} is serialized: scan {1} serial number(s), got {2}","{0} é serializado: leia {1} número(s) de série, foram lidos {2}"
"{0} is serialized: select {1} serial number(s) to return, got {2}","{0} é serializado: selecione {1} número(s) de série para devolver, foram selecionados {2}"
"{0} issued by {1} and spent at {2}","{0} emitido por {1} e usado em {2}"
"{0} needs a {1} before this sale can be completed.","{0} exige {1} antes que esta venda possa ser concluída."
"{0} owes {1} and has {2} in holds and orders not invoiced, of a limit of {3}, so at most {4} can go on account. Take more now, or ask a manager to raise the limit.","{0} deve {1} e tem {2} em reservas e pedidos não faturados, de um limite de {3}, então no máximo {4} pode ficar a prazo. Receba mais agora ou peça a um gerente para aumentar o limite."
"{0} owes {1} of a limit of {2}, so at most {3} can go on account. Take more now, or ask a manager to raise the limit.","{0} deve {1} de um limite de {2}, então no máximo {3} pode ficar a prazo. Receba mais agora ou peça a um gerente para aumentar o limite."
"{0} paid {1} by {2}","{0} pagou {1} com {2}"
"{0} paid {1} by {2} at {3}, shift {4}","{0} pagou {1} com {2} em {3}, turno {4}"
"{0} printed again in the browser","{0} reimpresso no navegador"
"{0} printed again on the receipt printer","{0} reimpresso na impressora de comprovantes"
"{0} put in {1}: {2}","{0} colocado em {1}: {2}"
"{0} put on account at {1}: {2}","{0}: {2} a prazo em {1}"
"{0} sales · takings {1}","{0} vendas · recebimentos {1}"
"{0} still has {1} on account. {2}","{0} ainda tem {1} a prazo. {2}"
"{0} taken out of {1}: {2}","{0} retirado de {1}: {2}"
"{0} takes {1} off what is owed on account","{0} abate {1} do valor devido a prazo"
"{0} takes {1} only, and this sale is in {2}.","{0} só aceita {1}, e esta venda está em {2}."
"{0} was sold by {1}, but this till belongs to {2}. A return must be processed by a till in the same company.","{0} foi vendido por {1}, mas este caixa pertence a {2}. Uma devolução deve ser feita por um caixa da mesma empresa."
"{0}% discount cleared by approved request {1}","Desconto de {0}% liberado pelo pedido aprovado {1}"
"{0}% discount cleared by passcode","Desconto de {0}% liberado por código"
"{0}, Create Ledger Entries for Change Amount: on. Saving LumenPOS Settings turns it on.","Em {0}, ative Create Ledger Entries for Change Amount. Salvar as configurações do LumenPOS ativa a opção."
"{0}: allowed on account, limit {1}","{0}: a prazo permitido, limite {1}"
"{0}: not allowed on account, limit {1}","{0}: a prazo não permitido, limite {1}"
"{0}: price changed from {1} to {2}","{0}: preço alterado de {1} para {2}"
"“{0}” is a base selling price list, editing it here would change your normal selling prices. Create a dedicated price list for this book/app instead.","“{0}” é uma lista de preços de venda base, editá-la aqui mudaria seus preços de venda normais. Crie uma lista de preços exclusiva para esta tabela/app."
