"(no recorded payment)","(оплата не записана)"
"0 = unlimited repeats per sale","0 = без ограничения повторов в продаже"
"0 = usable immediately. Otherwise it becomes spendable this many days after the sale.","0 = доступен сразу. Иначе его можно потратить через указанное число дней после продажи."
"<p>Your PIN reset code is <b>{0}</b>.</p><p>It expires in {1} minutes. If you didn't ask for this, ignore this email, your current PIN still works.</p>","<p>Ваш код для сброса PIN-кода: <b>{0}</b>.</p><p>Он действует {1} мин. Если вы его не запрашивали, проигнорируйте это письмо, ваш текущий PIN-код продолжает работать.</p>"
"A PIN must be 4 to 8 digits.","PIN-код должен содержать от 4 до 8 цифр."
"A built-in field of the form (mobile_no, email_id, tax_id, building_no, street, district, city, postal_code, additional_no) or any field of Customer.","Встроенное поле формы (mobile_no, email_id, tax_id, building_no, street, district, city, postal_code, additional_no) или любое поле клиента."
"A bundle needs specific product rows, not 'all products'","Для комплекта нужны конкретные строки товаров, а не 'все товары'"
"A check could not run","Одну из проверок не удалось выполнить"
"A customer billed in another currency (Customer, Currency and Price List) buys in it: prices, payment and receipt in that currency, at a rate fixed for the shift. Off: such a customer is refused.","Клиент с расчётами в другой валюте (Клиент, Валюта и прайс-лист) покупает в ней: цены, оплата и чек в этой валюте по курсу, зафиксированному на смену. Выкл.: такому клиенту отказывают."
"A gift card cannot pay for a gift card","Подарочной картой нельзя оплатить подарочную карту"
"A hold needs a customer, so the shop knows whose goods these are","Для брони нужен клиент, чтобы магазин знал, чей это товар"
"A label for the batch this code was generated/imported in.","Метка пакета, в котором этот код был создан/импортирован."
"A manual discount of {0}% exceeds the {1}% limit, approver passcode required","Ручная скидка {0}% превышает лимит {1}%, нужен код доступа согласующего"
"A manual discount of {0}% exceeds the {1}% limit. Enter the manager passcode or send an approval request.","Ручная скидка {0}% превышает лимит {1}%. Введите код доступа менеджера или отправьте запрос на согласование."
"A manual discount of {0}% exceeds the {1}% limit. Send an approval request.","Ручная скидка {0}% превышает лимит {1}%. Отправьте запрос на согласование."
"A percentage of the qualifying items, or a fixed amount","Процент от суммы подходящих товаров или фиксированная сумма"
"A price cannot be below zero.","Цена не может быть меньше нуля."
"A reason the cashier can pick when a counted drawer is short or over at the close (shown at the till).","Причина, которую кассир может выбрать, если при закрытии в ящике недостача или излишек (показывается в кассе)."
"A reason the cashier can pick when refunding an item (shown at the till).","Причина, которую кассир может выбрать при возврате товара (показывается на кассе)."
"A refund does not go back onto a gift card or cashback. Refund that part as store credit.","Деньги не возвращаются на подарочную карту или кешбэк. Верните эту часть на депозит."
"A register closed with a counted difference over the alert threshold.","Касса закрыта с расхождением выше порога оповещения."
"A register is still open well past the end of its shift.","Касса всё ещё открыта намного дольше окончания смены."
"A reusable timetable, one schedule can serve many outlets.","Многоразовое расписание, один график может обслуживать много магазинов."
"A sale that took longer than usual is written to the Error Log with its timings.","Продажа, которая шла дольше обычного, записывается в Error Log с замерами времени."
"A salesperson is required but none exists","Продавец обязателен, но нет ни одного"
"A shift belongs to","Смена принадлежит"
"A shift close held the posting lock, so {0} will be posted with the shift.","Закрытие смены удерживало блокировку проведения, поэтому {0} будет проведён вместе со сменой."
"A shift left open holds its sales out of the books, and on ERPNext 16 can block its outlet.","Смена, оставленная открытой, держит свои продажи вне учёта, а в ERPNext 16 может заблокировать свой магазин."
"A statistics page for managers. With the Lumen Reports app installed it embeds a ready-made POS sales dashboard, otherwise it suggests installing it.","Страница статистики для менеджеров. Если установлено приложение Lumen Reports, на ней встроена готовая панель продаж кассы, иначе предлагается его установить."
"Absolute difference (over or short) on any payment method that triggers the email.","Абсолютное расхождение (излишек или недостача) по любому способу оплаты, при котором отправляется письмо."
"Account {0} belongs to {1}, not {2}","Счёт {0} принадлежит {1}, а не {2}"
"Account {0} does not belong to {1}","Счёт {0} не принадлежит {1}"
"Account {0} is a group account. Pick an account under it","Счёт {0} является группой. Выберите счёт внутри неё"
"Account {0} is a {1} account, which cashback cannot post to","Счёт {0} имеет тип {1}, на него нельзя проводить кешбэк"
"Account {0} is a {1} account, which needs a party on every line","Счёт {0} имеет тип {1}, для него в каждой строке нужен контрагент"
"Account {0} is disabled","Счёт {0} отключён"
"Account {0} must be an Asset account, and it is {1}","Счёт {0} должен быть счётом активов, а он {1}"
"Accounting periods locking sales today: {0}","Отчётные периоды, блокирующие продажи сегодня: {0}"
"Accounting periods that will lock sales: {0}","Отчётные периоды, которые заблокируют продажи: {0}"
"Action taken","Принятые меры"
"Add a Sales Person in ERPNext, or set Salesperson at the till to Optional.","Добавьте Sales Person в ERPNext или установите для параметра Продавец на кассе значение Необязательно."
"Add a service charge to every sale (e.g. restaurants / salons).","Добавлять плату за обслуживание к каждой продаже (например, в ресторанах / салонах)."
"Add at least one item the customer is taking instead","Добавьте хотя бы один товар, который клиент берёт взамен"
"Add at least one item to the test basket","Добавьте хотя бы один товар в тестовую корзину"
"Add at least one product row or tick 'Apply on all products'","Добавьте хотя бы одну строку товара или отметьте 'Применять ко всем товарам'"
"Add the goods being held","Добавьте бронируемые товары"
"Add the items that make up the bundle","Добавьте товары, из которых состоит комплект"
"After this date the shop may cancel the hold. Nothing happens automatically.","После этой даты магазин может отменить бронь. Автоматически ничего не происходит."
"Alert only, a till is never closed automatically, because a close without a real cash count produces figures nobody can trust.","Только оповещение: касса никогда не закрывается автоматически, потому что закрытие без реального пересчёта денег даёт цифры, которым нельзя доверять."
"All Customers","Все клиенты"
"Allocated Price","Распределённая цена"
"Allocated prices add up to {0}, but the Bundle Price is {1}, they must match exactly","Сумма распределённых цен {0}, а цена комплекта {1}, они должны точно совпадать"
"Allow a refund to be parked on the customer's Store Credit instead of handing money back. Turn OFF if shop policy is money-back only. Note: credit the customer actually SPENT on that sale can always be returned to credit (capped at what they spent), otherwise a credit-paid sale would have no refund method at all.","Разрешить зачислять возврат на депозит клиента вместо выдачи денег. ВЫКЛЮЧИТЕ, если по правилам магазина возможен только возврат денег. Примечание: депозит, который клиент реально ПОТРАТИЛ на эту продажу, всегда можно вернуть на депозит (не больше потраченного), иначе для продажи, оплаченной с депозита, вообще не было бы способа возврата."
"Allow a single discount on the whole cart (subject to the discount limit + edit-price role).","Разрешить одну скидку на всю корзину (с учётом лимита скидки + роли изменения цены)."
"Allow printing an X-report (mid-shift drawer read) without closing the register.","Разрешить печать X-отчёта (промежуточного состояния ящика) без закрытия кассы."
"Allow refund as","Разрешить возврат как"
"Allow refunding to Store Credit","Разрешить возврат на депозит"
"Allow refunding to this mode","Разрешить возврат этим способом"
"Always positive. Earn adds, the rest remove.","Всегда положительная. Начисление добавляет, остальные вычитают."
"Always positive; Issue adds to the balance, Redeem subtracts","Всегда положительная. Начисление увеличивает баланс, списание уменьшает"
"Amount must be positive, use Entry Type to add or subtract","Сумма должна быть положительной, для прибавления или вычитания используйте тип записи"
"An accounting period is meant to lock a month that is over. In ERPNext, Accounting Period: delete one made ahead of time (ERPNext 15 and 16 do not let anyone edit a period that has not ended), or untick Sales Invoice and Journal Entry in it.","Отчётный период нужен, чтобы закрыть уже завершившийся месяц. В ERPNext, Отчётный период: удалите созданный заранее (ERPNext 15 и 16 не дают изменить период, который ещё не закончился) или снимите в нём отметки с «Счет на продажу» и «Запись в журнале»."
"An approved request can still return it","Возврат возможен по согласованному запросу"
"An end time EARLIER than (or equal to) the start means the shift crosses midnight.","Время окончания РАНЬШЕ времени начала (или равное ему) означает, что смена переходит через полночь."
"An item tag (the tags you add to items in ERPNext)","Тег товара (теги, которые вы добавляете товарам в ERPNext)"
"Anyone holding this role passes. Leave blank to name a single person instead.","Проходит любой, у кого есть эта роль. Оставьте пустым, чтобы вместо этого указать одного человека."
"Applies to this group AND everything under it.","Применяется к этой группе И ко всему, что в неё входит."
"Apply on all products","Применять ко всем товарам"
"Approver Name","Имя согласующего"
"Approver Role (for requests)","Роль согласующего (для запросов)"
"Ask for a reason above","Спрашивать причину свыше"
"Ask for a reset code first.","Сначала запросите код сброса."
"Asset account for what other companies of the group owe this one for customer balances spent here. Created automatically when empty.","Счёт активов для долга других организаций группы перед этой за балансы клиентов, потраченные здесь. Создаётся автоматически, если пусто."
"At least one payment is required","Нужна хотя бы одна оплата"
"Audit log","Журнал аудита"
"Auto-lock after (minutes)","Автоблокировка через (минут)"
"Auto-lock after this many minutes of inactivity (0 = manual lock only).","Автоблокировка после стольких минут бездействия (0 = только ручная блокировка)."
"Automatic rate status","Статус автоматического курса"
"Background jobs are switched off on this site","Фоновые задачи на этом сайте выключены"
"Basket Discount Type","Тип скидки на корзину"
"Basket Discount Value","Размер скидки на корзину"
"Basket Discount Value must be greater than zero","Размер скидки на корзину должен быть больше нуля"
"Block regular returns after the return window below. Past the window, the cashier can send a return-approval request that an Approver Role holder approves while the register is open.","Запрещать обычные возвраты после указанного ниже срока. После срока кассир может отправить запрос на согласование возврата, который согласует обладатель роли согласующего, пока касса открыта."
"Blocked Mode of Payment","Запрещённый способ оплаты"
"Bundle Price","Цена комплекта"
"Bundle Price must be greater than zero","Цена комплекта должна быть больше нуля"
"Bundle Price only: units of this product required per bundle","Только для типа Цена комплекта: сколько единиц этого товара нужно на один комплект"
"Bundle {0} does not exist","Комплект {0} не существует"
"Bundle {0} is inactive","Комплект {0} неактивен"
"Bundle {0} is incomplete, it needs exactly: {1}","Комплект {0} неполный, нужно ровно: {1}"
"Bundle {0} is not offered at {1}","Комплект {0} не предлагается в магазине {1}"
"Bundle {0} is not valid today","Комплект {0} сегодня не действует"
"Buy Quantity","Количество покупки"
"Buy Quantity must be at least 1","Количество покупки должно быть не меньше 1"
"Buy X Get Y","Купи X, получи Y"
"Cache only in-stock items for offline use","Сохранять для офлайна только товары в наличии"
"Calculate discount on","Считать скидку от"
"Can","Может"
"Can combine with other cashback rules","Суммируется с другими правилами кешбэка"
"Can combine with other promotions","Суммируется с другими акциями"
"Cap on the cashback from one sale (0 = no cap). Applies to a percentage.","Предел кешбэка за одну продажу (0 = без предела). Действует для процента."
"Card Number","Номер карты"
"Card or transfer counted as cash","Карта или перевод посчитаны как наличные"
"Cart JSON","JSON корзины"
"Cart Total","Сумма корзины"
"Cart is empty","Корзина пуста"
"Cart lines / invoice summary captured when the request was raised.","Строки корзины / сводка чека на момент создания запроса."
"Cash Float","Размен"
"Cash In","Внесение"
"Cash In / Out","Внесение / изъятие"
"Cash Movements","Движения наличных"
"Cash Out","Изъятие"
"Cash in / out","Внесение / изъятие"
"Cash in this currency","Наличные в этой валюте"
"Cash paid out without a record","Выдача наличных без записи"
"Cash variance on {0} ({1})","Расхождение наличных: {0} ({1})"
"Cashback","Кешбэк"
"Cashback Expense Account","Счёт расходов на кешбэк"
"Cashback Liability Account","Счёт обязательств по кешбэку"
"Cashback Rule","Правило кешбэка"
"Cashback Type","Тип кешбэка"
"Cashback balance is too low to redeem {0}","Баланса кешбэка не хватает, чтобы списать {0}"
"Cashback balance is {0}, cannot redeem {1}","Баланс кешбэка {0}, списать {1} нельзя"
"Cashier Name","Имя кассира"
"Change at this outlet comes from {0}, which is in {1}: a sale in {2} cannot give change from it. Take the exact amount, or set the outlet's Account for Change Amount (POS Profile) to an account in {3}.","Сдача в этом магазине выдаётся со счёта {0} в валюте {1}: продажа в {2} не может выдавать с него сдачу. Примите точную сумму или укажите в профиле точки продаж магазина счёт для сдачи в {3}."
"Change given in another currency cannot reach the books","Сдача в другой валюте не может попасть в учёт"
"Change given in this currency","Сдача выдаётся в этой валюте"
"Check the site's background workers (on Frappe Cloud, the bench's Jobs).","Проверьте фоновые процессы сайта (в Frappe Cloud: Jobs у bench)."
"Choose exactly what each receipt shows.","Выберите, что именно показывает каждый чек."
"Choose the company this program belongs to","Выберите организацию, к которой относится программа"
"Choose the sale to take back","Выберите продажу для возврата"
"Choose the {0} this rule applies to","Укажите {0} для этого правила"
"Close the register","Закрытие кассы"
"Close the shifts they belong to. A shift stuck in Closing shows above.","Закройте смены, к которым они относятся. Смена, зависшая при закрытии, показана выше."
"Close them from the Register page (a manager can close anyone's).","Закройте их на странице Касса (менеджер может закрыть смену любого сотрудника)."
"Close them in ERPNext (POS Closing Entry) or cancel them if they hold no sales.","Закройте их в ERPNext (POS Closing Entry) или отмените, если в них нет продаж."
"Close your open shift first: {0}. This shop allows one open shift per person at a time.","Сначала закройте открытую смену: {0}. В этом магазине у одного человека может быть только одна открытая смена."
"Closed At","Время закрытия"
"Closed by","Кто закрыл"
"Closing Attempts","Попытки закрытия"
"Closing Counts","Пересчёт при закрытии"
"Closing Error","Ошибка закрытия"
"Closing Note","Примечание к закрытию"
"Closing Started At","Закрытие начато в"
"Closing Status","Статус закрытия"
"Closing figures out of date","Данные для закрытия устарели"
"Compact","Компактный"
"Companies of the group","Организации группы"
"Company Accounts","Счета организаций"
"Company customers","Организации"
"Complete the outlet's POS Profile in ERPNext.","Заполните POS Profile магазина в ERPNext."
"Consolidation","Объединение"
"Consolidation Error","Ошибка объединения"
"Consolidation failed","Объединение не удалось"
"Could not reach printer at {0}:{1} ({2})","Не удалось подключиться к принтеру {0}:{1} ({2})"
"Counted","Посчитано"
"Counting mistake","Ошибка пересчёта"
"Coupon","Купон"
"Coupon code {0} is already used by {1}","Код купона {0} уже используется в {1}"
"Create a POS Profile in ERPNext.","Создайте POS Profile в ERPNext."
"Currencies the till sells in","Валюты, в которых продаёт касса"
"Currency {0} is not set up","Валюта {0} не настроена"
"Custom Fields (JSON)","Дополнительные поля (JSON)"
"Customer Eligibility","Кому доступно"
"Customer balances across companies","Балансы клиентов в разных организациях"
"Customer currency","Валюта клиента"
"Customer deposits account","Счёт предоплат клиентов"
"Customer group eligibility","Ограничение по группе клиентов"
"Customer has {0} loyalty points, cannot redeem {1}","Баллов лояльности у клиента: {0}, списать {1} нельзя"
"Customer name is required","Нужно указать имя клиента"
"Customer pays this for the whole bundle; the saving is split across the component lines (kept separate so each item can be returned individually)","Клиент платит эту сумму за весь комплект. Экономия распределяется по строкам товаров (они остаются отдельными, чтобы каждый товар можно было вернуть по отдельности)"
"Customer pays this total for one full set of the products listed above (use the Qty column for multiples). Items stay separate lines on the invoice.","Клиент платит эту сумму за один полный набор перечисленных выше товаров (для нескольких наборов используйте колонку Кол-во). Товары остаются отдельными строками в чеке."
"Customer {0} is not enrolled in a loyalty program","Клиент {0} не участвует в программе лояльности"
"Customer {0} not found","Клиент {0} не найден"
"Customer-facing display","Дисплей покупателя"
"Daily time window","Ежедневный интервал времени"
"Date window ({0} → {1})","Период дат ({0} → {1})"
"Days Closed While the Shift Ran","Дни, закрытые во время смены"
"Days after the sale during which a regular return is allowed. 0 = no time limit.","Сколько дней после продажи разрешён обычный возврат. 0 = без ограничения срока."
"Days of Week","Дни недели"
"Decided At","Время решения"
"Decided By","Кто решил"
"Decision","Решение"
"Decision Note","Комментарий к решению"
"Delivery Apps","Сервисы доставки"
"Deposit for hold {0}","Предоплата по брони {0}"
"Deposit item","Товар предоплаты"
"Deposits are taxable when taken","Предоплата облагается налогом при получении"
"Detail","Подробности"
"Detailed","Подробный"
"Discount Approval","Согласование скидок"
"Discount Approvers","Согласующие скидок"
"Discount Limit (%)","Лимит скидки (%)"
"Discount Type is required for a Simple Discount","Для простой скидки нужен тип скидки"
"Discount Value","Размер скидки"
"Discount Value must be greater than zero","Размер скидки должен быть больше нуля"
"Discount approved by {0}","Скидка согласована: {0}"
"Discount requests are turned off. Ask a manager for the passcode.","Запросы на скидку отключены. Попросите у менеджера код доступа."
"Drawer","Ящик"
"Due from group companies","Задолженность организаций группы"
"Due to group companies","Задолженность перед организациями группы"
"ERPNext 16 lets an outlet sell with only one open shift, and {0} still has one:","ERPNext 16 позволяет магазину продавать только при одной открытой смене, а у {0} уже есть открытая смена:"
"ERPNext 16 sells only on an opening entry opened today, one per outlet.","ERPNext 16 продаёт только по записи открытия точки продаж, сделанной сегодня, по одной на магазин."
"ERPNext 16 takes sales only on a POS Opening Entry opened the same day. A shift that sold on past midnight closed each earlier day in ERPNext and opened the next, and was counted once, at its own close.","ERPNext 16 принимает продажи только по записи открытия точки продаж, созданной в тот же день. Смена, продававшая после полуночи, закрывала в ERPNext каждый прошедший день и открывала следующий, а пересчитывалась один раз, при своём закрытии."
"ERPNext 16 takes sales only on a shift opened the same day. On (the default): at the first sale after midnight LumenPOS closes the day in ERPNext and opens the next one by itself, and the shift carries on and is counted once, at its own close. Off: a shift from an earlier day has to be closed before it can sell again. Set from the till: Settings, General, Register and shifts.","ERPNext 16 принимает продажи только в смене, открытой в тот же день. Вкл. (по умолчанию): при первой продаже после полуночи LumenPOS сам закрывает день в ERPNext и открывает следующий, а смена продолжается и пересчитывается один раз, при своём закрытии. Выкл.: смену предыдущего дня нужно закрыть, прежде чем снова продавать. Настраивается на кассе: Настройки, Общие, Касса и смены."
"ERPNext Days","Дни ERPNext"
"ERPNext accepts the till's invoices","ERPNext принимает счета кассы"
"ERPNext adds a missing item price from a sale","ERPNext добавляет недостающую цену товара из продажи"
"ERPNext is set not to record change as its own ledger entry (Create Ledger Entries for Change Amount, in POS Settings on ERPNext 16 and Accounts Settings before), so change can only come back in local money from the drawer the customer paid into. Turn that on, or take the exact amount.","В ERPNext отключена запись сдачи отдельной проводкой (Create Ledger Entries for Change Amount, в POS Settings в ERPNext 16 и в Accounts Settings в более ранних версиях), поэтому сдачу можно выдать только в местной валюте из ящика, в который платил клиент. Включите эту настройку или примите точную сумму."
"ERPNext is set to make Sales Invoices from the POS (POS Settings, Invoice Type Created via POS Screen), so it refuses the POS Invoices this outlet makes. Set it to POS Invoice, or set the outlet to Sales Invoice (POS Profile, LumenPOS).","ERPNext настроен создавать из POS счета на продажу (POS Settings, Invoice Type Created via POS Screen), поэтому отклоняет счета точки продаж, которые создаёт этот магазин. Выберите там Счёт точки продаж или переключите магазин на счёт на продажу (профиль точки продаж, LumenPOS)."
"ERPNext refuses POS Invoices on this site","ERPNext отклоняет счета точки продаж на этом сайте"
"ERPNext refuses what an accounting period locks on its dates. A shift cannot close, because the close posts its sales as a Sales Invoice.","ERPNext отклоняет то, что отчётный период блокирует в свои даты. Смену нельзя закрыть, потому что при закрытии её продажи проводятся как Счет на продажу."
"ERPNext {0} has not been tested with LumenPOS","ERPNext {0} не тестировался с LumenPOS"
"ERPNext {0} is newer than the release LumenPOS was last tested on ({1})","ERPNext {0} новее версии, на которой LumenPOS тестировался последний раз ({1})"
"ERPNext {0}, tested with LumenPOS","ERPNext {0}, протестирован с LumenPOS"
"ERPNext's day could not be closed for this shift ({0}). Close the shift on the Register screen and open a new one.","Не удалось закрыть день ERPNext для этой смены ({0}). Закройте смену на экране Касса и откройте новую."
"ERPNext's day was closed at {0} while this shift sold on past midnight: POS Closing Entry {1} holds its {2} sales, and POS Opening Entry {3} opens the next day. The drawer is counted once, when the shift closes.","День ERPNext закрыт в {0}, пока эта смена продавала после полуночи: запись закрытия точки продаж {1} содержит её продажи ({2}), а запись открытия точки продаж {3} открывает следующий день. Ящик пересчитывается один раз, при закрытии смены."
"Each manager gets their own passcode; the approver's name is recorded on the invoice. The single Manager Passcode above still works as a master code.","У каждого менеджера свой код доступа. Имя согласующего записывается в чек. Единый код доступа менеджера выше по-прежнему работает как главный код."
"Earn","Начисление"
"Earned cashback expires this many days after it becomes usable (0 = never expires)","Начисленный кешбэк сгорает через столько дней после того, как становится доступен (0 = не сгорает)"
"Earning and redemption rates must be greater than zero","Нормы начисления и списания должны быть больше нуля"
"Edit price / discount","Изменение цены / скидки"
"Edit price / discount role","Роль для изменения цены / скидки"
"Either give every component an Allocated Price or leave them all empty","Либо задайте распределённую цену каждому товару, либо оставьте все пустыми"
"Eligibility","Условия участия"
"Email a role when a closing count differs from expected by more than the threshold. Records and notifies, it never blocks the close.","Отправлять письмо роли, если пересчёт при закрытии отличается от ожидаемого больше порога. Только фиксирует и оповещает, закрытие не блокирует."
"Email an alert on a large closing variance","Оповещать по почте о большом расхождении при закрытии"
"Email an alert when a shift is left open","Оповещать по почте о незакрытой смене"
"Email receipt","Чек на почту"
"Email receipts are turned off (Settings → Features).","Отправка чеков на почту отключена (Настройки → Функции)."
"Empty: every company. Set: every outlet of this company, unless outlets are chosen below.","Пусто: все организации. Задано: все магазины этой организации, если ниже не выбраны магазины."
"Empty: the built-in form. Name and mobile for everyone; for companies also the tax ID and the Saudi national address.","Пусто: встроенная форма. Имя и телефон для всех, для организаций также ИНН и саудовский национальный адрес."
"Empty: the main cash drawer.","Пусто: основной денежный ящик."
"Enable Cashback","Включить кешбэк"
"Enable Insights","Включить Insights"
"Enable a second-screen customer-facing display (mirrors the cart on another monitor/window).","Включить дисплей покупателя на втором экране (повторяет корзину на другом мониторе/в окне)."
"Enable holds and deposits","Включить брони и предоплаты"
"Enable the scheduler (bench enable-scheduler, or ask the hosting provider).","Включите планировщик (bench enable-scheduler или попросите хостинг-провайдера)."
"End Date cannot be before Start Date","Дата окончания не может быть раньше даты начала"
"Ends","Окончание"
"Enter a coupon code","Введите код купона"
"Enter a name for the price list","Введите название прайс-листа"
"Enter the amount the customer is paying","Введите сумму, которую платит клиент"
"Enter the gift card amount","Введите сумму подарочной карты"
"Enter your current PIN to change it.","Чтобы изменить PIN-код, введите текущий."
"Entry of the company that issued it","Запись организации, которая его выдала"
"Entry of the company that spent it","Запись организации, в которой его потратили"
"Every Day","Каждый день"
"Every sale will be refused.","Все продажи будут отклоняться."
"Exceed return window role","Роль для возврата после срока"
"Exchange goods","Обмен товаров"
"Exchange rate","Курс валюты"
"Exchange role","Роль для обмена"
"Exchanges are in {0} only. For a sale in {1}, refund it and ring the new goods up as a new sale.","Обмен возможен только в {0}. Для продажи в {1} оформите возврат и пробейте новые товары отдельной продажей."
"Exclude","Исключить"
"Exclude these items instead of including them","Исключить эти товары, а не включить"
"Expected Takings Pending","Ожидаемая выручка не рассчитана"
"Expected to end","Ожидаемое окончание"
"Expire","Сгорание"
"Extra allowed refund methods. Example: if paid with Mada, allow refund as Cash. A method can always be refunded to itself, so you only add the exceptions.","Дополнительные разрешённые способы возврата. Пример: если оплачено Mada, разрешить возврат наличными. Возврат тем же способом разрешён всегда, поэтому добавляйте только исключения."
"Extra line under the company name (e.g. branch / slogan).","Дополнительная строка под названием организации (например, магазин / слоган)."
"Failed Attempts","Неудачные попытки"
"Fallback: hours after opening","Запасной вариант: часов после открытия"
"Features","Функции"
"Fields on the new customer form","Поля формы нового клиента"
"Fill in: {0}","Заполните: {0}"
"Fixed Price","Фиксированная цена"
"Fixed at","Зафиксирован в"
"Fixed with the rate: the shift gives the change of a sale in this currency from that currency's own drawer.","Фиксируется вместе с курсом: смена выдаёт сдачу по продаже в этой валюте из собственного ящика этой валюты."
"Fixed: the rate the shop sets. Automatic: updated once a day, when automatic rates are switched on in LumenPOS Settings.","Фиксированный: курс задаёт магазин. Автоматический: обновляется раз в день, если в настройках LumenPOS включены автоматические курсы."
"Footer line (e.g. thank-you, social).","Нижняя строка (например, благодарность, соцсети)."
"For an Earn row: the unspent, unexpired part still available.","Для строки начисления: неистраченная и не сгоревшая часть, которая ещё доступна."
"For example: hygiene items cannot be returned once opened.","Например: средства гигиены после вскрытия не возвращаются."
"Free","Бесплатно"
"From their first day, shifts cannot close.","С их первого дня смены нельзя будет закрыть."
"Fully Used","Полностью использован"
"Generate at most 5000 coupons at a time","За один раз можно создать не более 5000 купонов"
"Generated {0}","Создано: {0}"
"Get","Получить"
"Get Quantity","Количество получения"
"Get Quantity must be at least 1","Количество получения должно быть не меньше 1"
"Gift Card Expiry (days)","Срок действия подарочной карты (дней)"
"Gift Card Item","Товар подарочной карты"
"Gift Card Liability Account","Счёт обязательств по подарочным картам"
"Gift Card Mode of Payment","Способ оплаты подарочной картой"
"Gift Cards","Подарочные карты"
"Gift card payments don't match the scanned cards","Оплаты подарочными картами не совпадают с отсканированными картами"
"Gift card {0} already exists","Подарочная карта {0} уже существует"
"Gift card {0} expired on {1}","Срок действия подарочной карты {0} истёк {1}"
"Gift card {0} has {1} left, cannot redeem {2}","На подарочной карте {0} осталось {1}, списать {2} нельзя"
"Gift card {0} is {1}","Подарочная карта {0}: {1}"
"Gift card {0} not found","Подарочная карта {0} не найдена"
"Gift card {0} was issued by {1} and is used at its outlets only.","Подарочная карта {0} выпущена организацией {1} и действует только в её магазинах."
"Gift cards","Подарочные карты"
"Gift cards, cashback and store credit. Shared: spendable at any company of the group with the same currency, each company's books kept right by an Inter Company Journal Entry. Separate: spendable only at the company that issued it.","Подарочные карты, кешбэк и депозит. Общий: можно тратить в любой организации группы с той же валютой, учёт каждой организации выравнивается бухгалтерской записью для связанных компаний. Отдельный: можно тратить только в организации, которая выдала баланс."
"Gift cards, store credit, cashback and loyalty points","Подарочные карты, депозит, кешбэк и баллы лояльности"
"Give change in this currency","Сдача в этой валюте"
"Give customers cashback on qualifying sales, configured in POS Cashback Rule. Turning this off stops earning and hides the page.","Давать клиентам кешбэк за подходящие покупки, правила задаются в документе Правило кешбэка POS. Если выключить, начисление прекратится и страница скроется."
"Give the loyalty program a name","Укажите название программы лояльности"
"Global fallback income account for the service charge. Prefer a per-company account under Company Accounts.","Общий запасной счёт доходов для платы за обслуживание. Лучше задать счёт для каждой организации в разделе Счета организаций."
"Goods handed over on {0}","Товар выдан по {0}"
"Goods on hold","Забронированный товар"
"Grace period (minutes)","Допустимая задержка (минут)"
"Grouped, most frequent first.","Сгруппированы, сначала самые частые."
"HOLD-.YYYY.-","HOLD-.YYYY.-"
"Hand these goods over at {0}, where they are kept.","Выдайте этот товар в магазине {0}, где он хранится."
"Handed Over At","Время выдачи"
"Handed Over On Invoice","Выдано по чеку"
"Help in the till","Справка на кассе"
"Higher priority wins when two exclusive promotions give the same savings","Если две несуммируемые акции дают одинаковую экономию, побеждает более высокий приоритет"
"Higher wins when two non-combinable rules both match","Если подходят два несуммируемых правила, побеждает более высокое значение"
"Hold Until","Бронь до"
"Hold cancelled","Бронь отменена"
"Hold goods for (days)","Срок брони (дней)"
"Hold goods for a customer","Бронирование товаров для клиента"
"Hold {0} belongs to another company","Бронь {0} принадлежит другой организации"
"Hold {0} belongs to {1}. Serve it at one of its outlets.","Бронь {0} принадлежит организации {1}. Обслужите её в одном из магазинов этой организации."
"Hold {0} handed over","Бронь {0} выдана"
"Holds and deposits","Брони и предоплаты"
"Holds and deposits are switched off for this shop","Брони и предоплаты в этом магазине отключены"
"How a cashier clears an over-limit discount. Passcode only = a manager enters the passcode at the till. Request only = the cashier sends a request a role-holder approves while the register is open. Passcode or request = either.","Как кассир согласует скидку сверх лимита. Только код доступа = менеджер вводит код доступа на кассе. Только запрос = кассир отправляет запрос, который согласует обладатель роли, пока касса открыта. Код доступа или запрос = любой из вариантов."
"How long a hold runs before the shop may cancel it. 0 = no limit. Nothing is cancelled automatically.","Сколько длится бронь, прежде чем магазин может её отменить. 0 = без ограничения. Автоматически ничего не отменяется."
"How long after the scheduled end before alerting.","Через сколько времени после окончания по графику отправлять оповещение."
"How many coupons should I generate?","Сколько купонов создать?"
"How many times each code may be redeemed. 1 = single use, 0 = unlimited (until it expires).","Сколько раз можно погасить каждый код. 1 = одноразовый, 0 = без ограничения (пока не истечёт срок)."
"If paid with","Если оплачено"
"If you cannot close it, a manager can close it for you from that outlet's Register page.","Если вы не можете её закрыть, это может сделать за вас менеджер на странице Касса этого магазина."
"Imported {0}","Импортировано: {0}"
"Individual customers","Физические лица"
"Initial Amount","Начальная сумма"
"Insights","Insights"
"Insights are turned off in LumenPOS Settings","Insights отключены в настройках LumenPOS"
"Instalments","Платежи"
"Inter Company Journal Entries","Бухгалтерские записи для связанных компаний"
"Invalid or expired coupon code","Неверный или просроченный код купона"
"Invoice Age (days)","Возраст чека (дней)"
"Invoice type","Тип документа продажи"
"Issued On Invoice","Выпущена по чеку"
"Issued by","Выдала"
"Items shown as one-tap buttons on the sell screen.","Товары, которые показываются кнопками в одно касание на экране продаж."
"JSON list of dynamic receipt fields sourced from the POS Profile or the sale invoice (managed from the POS Settings page). Each: {source, fieldname, label, render, position}.","JSON-список динамических полей чека из профиля точки продаж или чека продажи (управляется со страницы настроек кассы). Каждое: {source, fieldname, label, render, position}."
"Keep a shift open past midnight","Продолжать смену после полуночи"
"Languages","Языки"
"Languages at the till","Языки на кассе"
"Last error","Последняя ошибка"
"Late return approved by {0}","Поздний возврат согласован: {0}"
"Leave empty for all customers","Оставьте пустым для всех клиентов"
"Leave empty for all outlets","Оставьте пустым для всех магазинов"
"Leave empty to apply at every outlet","Оставьте пустым, чтобы применять во всех магазинах"
"Leave empty to apply at every outlet.","Оставьте пустым, чтобы применять во всех магазинах."
"Leave empty to run in all outlets","Оставьте пустым, чтобы акция действовала во всех магазинах"
"Legacy flag (superseded by Use Limit). Kept for older codes.","Устаревший флажок (заменён полем Лимит использований). Сохранён для старых кодов."
"Legacy/internal, price books now store item prices directly below.","Устаревшее/внутреннее поле, теперь прайс-книги хранят цены товаров прямо ниже."
"Liability account for customer deposits. Blank = LumenPOS creates 'Customer Deposits'. A per-company account can be set in Company Accounts.","Счёт обязательств для предоплат клиентов. Пусто = LumenPOS создаст 'Customer Deposits'. Счёт для каждой организации можно задать в разделе Счета организаций."
"Liability account for what this company owes others of the group for its customer balances spent there. Created automatically when empty.","Счёт обязательств для долга этой организации перед другими организациями группы за балансы её клиентов, потраченные там. Создаётся автоматически, если пусто."
"Liability account that backs gift cards (selling a card increases it, redeeming decreases it). Leave empty to auto-create ""Gift Cards"".","Счёт обязательств, который обеспечивает подарочные карты (продажа карты увеличивает его, погашение уменьшает). Оставьте пустым, чтобы автоматически создать ""Gift Cards""."
"Liability account this company holds customer deposits in. Blank = LumenPOS creates 'Customer Deposits'.","Счёт обязательств, на котором эта организация держит предоплаты клиентов. Пусто = LumenPOS создаст 'Customer Deposits'."
"Limit regular returns to a time window","Ограничить срок обычных возвратов"
"List the products that make up the bundle","Перечислите товары, из которых состоит комплект"
"Load","Пополнение"
"Lock screen (PIN to unlock)","Блокировка экрана (разблокировка PIN-кодом)"
"Lock the till behind a PIN (a manager/approver PIN, or any manager). Protects an unattended register.","Блокировать кассу PIN-кодом (PIN-код менеджера/согласующего или любой менеджер). Защищает кассу, оставленную без присмотра."
"Logo shown at the top of the printed/on-screen receipt.","Логотип вверху печатного/экранного чека."
"Lookup not allowed for {0}","Поиск по {0} не разрешён"
"Lumen Reports could not set up the dashboard","Lumen Reports не смог настроить панель"
"Lumen Reports could not set up the dashboard on this site: {0}","Lumen Reports не смог настроить панель на этом сайте: {0}"
"Lumen Reports is not installed on this site","Lumen Reports не установлен на этом сайте"
"Lumen Reports needs Frappe v{0} or newer","Для Lumen Reports нужен Frappe v{0} или новее"
"LumenPOS","LumenPOS"
"LumenPOS Audit Log","Журнал аудита LumenPOS"
"LumenPOS Cashier","LumenPOS Cashier"
"LumenPOS Company Setting","Настройка организации LumenPOS"
"LumenPOS Manager","LumenPOS Manager"
"LumenPOS Payment Method Rule","Правило способа оплаты LumenPOS"
"LumenPOS Profile Receipt","Чек магазина LumenPOS"
"LumenPOS Settings","Настройки LumenPOS"
"LumenPOS User PIN","PIN-код пользователя LumenPOS"
"LumenPOS background jobs failed in the last 7 days","Фоновые задачи LumenPOS завершались с ошибкой за последние 7 дней"
"LumenPOS background jobs have not run since {0}","Фоновые задачи LumenPOS не запускались с {0}"
"LumenPOS cashback for {0} ({1}): {2} earned on {3} sales, {4} expired or returned on {5} entries.","Кешбэк LumenPOS для {0} ({1}): начислено {2} по продажам ({3}), сгорело или возвращено {4} по записям ({5})."
"LumenPOS could not use ERPNext's {0} on this version of ERPNext ({1}). This usually means the site is running an ERPNext release LumenPOS has not been updated for yet, please report it to hello@lumen-solutions.co with this message.","LumenPOS не смог использовать {0} из ERPNext в этой версии ERPNext ({1}). Обычно это значит, что на сайте стоит выпуск ERPNext, для которого LumenPOS ещё не обновлён. Сообщите об этом на hello@lumen-solutions.co, приложив это сообщение."
"LumenPOS errors in the last 7 days: {0}","Ошибки LumenPOS за последние 7 дней: {0}"
"LumenPOS is tested on ERPNext 13 to 16.","LumenPOS протестирован на ERPNext с 13 по 16."
"Make returns","Оформление возвратов"
"Make returns role","Роль для оформления возвратов"
"Manager Passcode","Код доступа менеджера"
"Manual discounts above this percentage need approval. 0 disables the check.","Ручные скидки выше этого процента требуют согласования. 0 отключает проверку."
"Margin below the published rate","Маржа ниже опубликованного курса"
"Max Applications per Sale","Макс. применений за продажу"
"Maximum Cashback","Максимальный кешбэк"
"Minimum Spend","Минимальная сумма покупки"
"Minimum Spend must be greater than zero","Минимальная сумма покупки должна быть больше нуля"
"Minimum deposit (%)","Минимальная предоплата (%)"
"Mode of Payment used to redeem gift cards. Leave empty to auto-create/use ""Gift Card"".","Способ оплаты для погашения подарочных карт. Оставьте пустым, чтобы автоматически создать/использовать ""Gift Card""."
"Money","Деньги"
"New customer","Новый клиент"
"New customer form","Форма нового клиента"
"New gift cards expire this many days after sale. 0 = never expire.","Новые подарочные карты действуют столько дней после продажи. 0 = бессрочно."
"New sales were recorded after the closing screen was loaded. Refresh the closing screen, re-check the counts, then close again.","После загрузки экрана закрытия были записаны новые продажи. Обновите экран закрытия, перепроверьте пересчёт и закройте снова."
"No LumenPOS errors in the last 7 days","Нет ошибок LumenPOS за последние 7 дней"
"No POS Profile is assigned to you. Create one and add yourself under Applicable for Users.","Вам не назначен профиль точки продаж. Создайте его и добавьте себя в таблицу Applicable for Users."
"No account group found for {0} in {1}. Create the account '{0}' in {2} by hand.","Не найдена группа счетов для {0} в {1}. Создайте счёт '{0}' в {2} вручную."
"No accounting period locks sales","Ни один отчётный период не блокирует продажи"
"No codes found in the file","В файле не найдено кодов"
"No email address. Add one to the customer or type it in.","Нет адреса эл. почты. Добавьте его клиенту или введите вручную."
"No expense account group found for {0}","Не найдена группа счетов расходов для {0}"
"No expense account group found for {0}. Create a cashback expense account and choose it in LumenPOS Settings","Не найдена группа счетов расходов для {0}. Создайте счёт расходов на кешбэк и выберите его в настройках LumenPOS"
"No liability account group found for {0}","Не найдена группа счетов обязательств для {0}"
"No liability account group found for {0}, create a 'Store Credit' liability account manually","Не найдена группа счетов обязательств для {0}, создайте счёт обязательств 'Store Credit' вручную"
"No liability account group found for {0}, create a '{1}' liability account manually","Не найдена группа счетов обязательств для {0}, создайте счёт обязательств '{1}' вручную"
"No liability account group found for {0}. Create a cashback liability account and choose it in LumenPOS Settings","Не найдена группа счетов обязательств для {0}. Создайте счёт обязательств по кешбэку и выберите его в настройках LumenPOS"
"No open register session. Open the register first.","Нет открытой кассовой смены. Сначала откройте кассу."
"No outlet (POS Profile) is set up","Не настроен ни один магазин (POS Profile)"
"No receipt printer configured on POS Profile {0}","В профиле точки продаж {0} не настроен принтер чеков"
"No shift needs attention","Ни одна смена не требует внимания"
"No tax template: sales carry no tax.","Нет шаблона налога: продажи идут без налога."
"No warehouse belongs to company {0}. Set a Default Warehouse on the POS Profile (or create a warehouse for this company) before selling gift cards.","У организации {0} нет склада. Перед продажей подарочных карт укажите склад по умолчанию в профиле точки продаж (или создайте склад для этой организации)."
"No {0} account group found for {1}. Create '{2}' by hand.","Не найдена группа счетов типа {0} для {1}. Создайте '{2}' вручную."
"Nobody is assigned to it yet (POS Profile, Applicable for Users).","К нему ещё никто не привязан (POS Profile, Applicable for Users)."
"Non-stock item posted when a gift card is sold. Leave empty to auto-create ""GIFT-CARD"".","Нескладской товар, который проводится при продаже подарочной карты. Оставьте пустым, чтобы автоматически создать ""GIFT-CARD""."
"Not a LumenPOS tour: {0}","Это не тур LumenPOS: {0}"
"Not a LumenPOS version: {0}","Это не версия LumenPOS: {0}"
"Not allowed.","Не разрешено."
"Not for the role {0}","Кроме роли {0}"
"Notify role","Роль для оповещений"
"Number of Sales","Количество продаж"
"Off: the till shows nothing about holds at all. A shop that never puts goods aside for a customer does not need the button or the screen.","Выкл.: касса вообще ничего не показывает о бронях. Магазину, который никогда не откладывает товар для клиентов, не нужны ни кнопка, ни экран."
"Offer","Предложение"
"Offer the tour to new staff","Предлагать тур новым сотрудникам"
"Offline cache only keeps items that have stock in the register's warehouse (smaller, faster cache)","Офлайн-кеш хранит только товары с остатком на складе кассы (кеш меньше и быстрее)"
"Oldest from {0}. Their stock has not moved yet and they are missing from the accounts.","Самая старая от {0}. Остатки по ним ещё не списаны, и в учёте их нет."
"On (the default): a ? button on every screen of the till opens that screen's help, with short tours over the real buttons.","Вкл. (по умолчанию): кнопка ? на каждом экране кассы открывает справку этого экрана с короткими турами по настоящим кнопкам."
"On (the default): after an update, each person sees once what is new for them, with a Show me where a tour exists.","Вкл. (по умолчанию): после обновления каждый один раз видит, что нового для него, с кнопкой Показать там, где есть тур."
"On (the default): sales and returns made without a connection are sent as soon as the network is back, even with the till closed, where the browser allows it (Chrome, Edge, Android). The till still sends them itself whenever it is open.","Вкл. (по умолчанию): продажи и возвраты, сделанные без связи, отправляются, как только вернётся сеть, даже при закрытой кассе, если браузер это позволяет (Chrome, Edge, Android). Открытая касса по-прежнему отправляет их сама."
"On (the default): someone who has not seen the help yet is offered a short tour the first time they open the till.","Вкл. (по умолчанию): тому, кто ещё не видел справку, при первом открытии кассы предлагается короткий тур."
"On (the default): the till shows a warning when the browser has not agreed to keep its offline data for good, which it may otherwise clear when space runs low, and asks the browser again on a tap.","Вкл. (по умолчанию): касса показывает предупреждение, если браузер не согласился хранить её офлайн-данные постоянно (иначе он может удалить их, когда заканчивается место), и по касанию снова запрашивает у браузера разрешение."
"On (the default): without a connection, a sale this device made in the same shift can be taken back, refunded in cash or the way the customer paid, never to store credit, a gift card or cashback. The till works out the refund as ERPNext will, and the server checks it again when the connection is back.","Вкл. (по умолчанию): без связи можно принять возврат продажи, сделанной этим устройством в той же смене, с выдачей денег наличными или тем способом, которым платил клиент, но никогда на депозит, подарочную карту или кешбэк. Касса рассчитывает возврат так же, как ERPNext, а сервер проверяет его ещё раз, когда связь вернётся."
"On: a deposit is taxed the moment it is taken (an advance against a known supply), and the tax already declared is deducted at hand-over. Off: the deposit carries no tax and the goods are taxed in full when handed over.","Вкл.: предоплата облагается налогом в момент получения (аванс в счёт известной поставки), а уже начисленный налог вычитается при выдаче. Выкл.: предоплата без налога, а товар облагается налогом полностью при выдаче."
"On: a person cannot open a new shift while they still have one open at another outlet. Off (the default): a person may hold shifts at several outlets, and the till only reminds them. Set from the till: Settings, General, Register and shifts.","Вкл.: человек не может открыть новую смену, пока у него открыта смена в другом магазине. Выкл. (по умолчанию): у человека могут быть смены в нескольких магазинах, и касса только напоминает о них. Настраивается на кассе: Настройки, Общие, Касса и смены."
"On: a sale in this currency gives its change in it, from its own cash drawer. Off: change comes back in the company currency, from the main drawer. An outlet whose POS Profile names its own Account for Change Amount keeps it (ERPNext uses it on every sale).","Вкл.: продажа в этой валюте выдаёт сдачу в ней же, из собственного денежного ящика. Выкл.: сдача выдаётся в валюте организации из основного ящика. Магазин, в профиле точки продаж которого указан свой счёт для сдачи, сохраняет его (ERPNext использует его при каждой продаже)."
"On: the cashier may send a return approval request, and an approver can let this return through. Off: the item is never taken back.","Вкл.: кассир может отправить запрос на согласование возврата, и согласующий может разрешить этот возврат. Выкл.: товар никогда не принимается обратно."
"Once a day, from ExchangeRate-API (free), for the currencies set to Automatic. A rate typed for the day always wins.","Раз в день из ExchangeRate-API (бесплатно) для валют с автоматическим курсом. Курс, введённый на этот день, всегда имеет приоритет."
"One open shift per person","Одна открытая смена на человека"
"Only managers can view Insights","Insights могут просматривать только менеджеры"
"Only someone who manages LumenPOS Settings can change exchange rates.","Менять курсы валют может только тот, кто управляет настройками LumenPOS."
"Only someone who manages LumenPOS Settings can change the customer form.","Менять форму клиента может только тот, кто управляет настройками LumenPOS."
"Only someone who manages LumenPOS Settings can do this.","Это может сделать только тот, кто управляет настройками LumenPOS."
"Only this role (plus managers) may apply a manual discount / edit a price on a sale. Blank = anyone.","Только эта роль (а также менеджеры) может давать ручную скидку / менять цену в продаже. Пусто = любой."
"Only this role (plus managers) may exchange goods in one step. Blank = anyone who may make returns. An exchange always needs return permission too.","Только эта роль (а также менеджеры) может обменивать товары за один шаг. Пусто = любой, кому разрешены возвраты. Для обмена всегда нужно и право на возврат."
"Only this role (plus managers) may make returns. Blank = anyone with sell access.","Только эта роль (а также менеджеры) может оформлять возвраты. Пусто = любой, у кого есть доступ к продажам."
"Only used by Buy X Get Y: 'Buy' rows trigger the offer, 'Get' rows receive the reward. With no 'Get' rows the buy list rewards itself (classic multi-buy).","Используется только в Купи X, получи Y: строки 'Купить' запускают предложение, строки 'Получить' получают награду. Без строк 'Получить' награду получает сам список покупки (классическая акция на несколько штук)."
"Only {0} x {1} can still be returned","Ещё можно вернуть только {0} x {1}"
"Open the register","Открытие кассы"
"Open the register before requesting approval.","Перед запросом согласования откройте кассу."
"Opened At","Время открытия"
"Opened By","Кто открыл"
"Opened at","Время открытия"
"Opened by","Кто открыл"
"Opened with float {0}","Открыта с разменом {0}"
"Opening Float","Размен"
"Opening entries from an earlier day blocking their outlet: {0}","Записи открытия точки продаж за прошлые дни, которые блокируют свой магазин: {0}"
"Opening float","Размен"
"Optional (the default): the cashier may pick who sold. Required: a sale without a salesperson is refused. Off: the till asks for nobody and records nobody.","Необязательно (по умолчанию): кассир может выбрать, кто продал. Обязательно: продажа без продавца отклоняется. Выкл.: касса никого не спрашивает и никого не записывает."
"Optional app-specific selling prices (overrides price books)","Необязательные цены продажи для сервиса (важнее прайс-книг)"
"Optional button label (defaults to the item name)","Необязательная надпись на кнопке (по умолчанию название товара)"
"Optional daily window, e.g. Happy Hour 16:00 to 18:00. Wraps midnight if start is after end.","Необязательный ежедневный интервал, например счастливые часы с 16:00 до 18:00. Переходит через полночь, если начало позже окончания."
"Optional daily window. Wraps midnight if start is after end.","Необязательный ежедневный интервал. Переходит через полночь, если начало позже окончания."
"Optional per-code expiry. The promotion's own date window still applies on top of this.","Необязательный срок действия кода. Период действия самой акции применяется дополнительно."
"Optional. After this date the bundle stops being offered at the till (treated as expired/inactive).","Необязательно. После этой даты комплект больше не предлагается на кассе (считается истёкшим/неактивным)."
"Optional. The bundle is not offered before this date.","Необязательно. До этой даты комплект не предлагается."
"Optional: this component's share of the bundle price (for the whole row qty). If used on any row, every row needs one and they must sum exactly to the Bundle Price. Empty = split proportionally to regular prices.","Необязательно: доля этого товара в цене комплекта (на всё количество строки). Если она задана хотя бы в одной строке, она нужна во всех, и сумма должна точно совпадать с ценой комплекта. Пусто = деление пропорционально обычным ценам."
"Order ID is required for {0} sales","Для продаж {0} нужен номер заказа"
"Order-level (whole-cart) discount","Скидка на весь чек (на всю корзину)"
"Other currencies","Другие валюты"
"Other currencies are on, but ERPNext does not book change as its own entry.","Другие валюты включены, но ERPNext не проводит сдачу отдельной записью."
"Other currency floats","Размен в других валютах"
"Outlet","Магазин"
"Outlet already open","Магазин уже открыт"
"Outlet {0}","Магазин {0}"
"Outlet {0} belongs to {1}, not {2}. Choose outlets of {2}, or clear the company.","Магазин {0} принадлежит {1}, а не {2}. Выберите магазины организации {2} или очистите поле организации."
"Outlet {0} cannot sell","Магазин {0} не может продавать"
"Outlet {0} included","Магазин {0} включён"
"Outlets","Магазины"
"Outlets (POS Profiles)","Магазины (профили точки продаж)"
"Over-limit approval method","Как согласовывать скидку сверх лимита"
"Overdue Notified","Оповещение о просрочке отправлено"
"PIN Hash","Хеш PIN-кода"
"POS Approval Request","Запрос на согласование POS"
"POS Bundle","Комплект POS"
"POS Bundle Item","Товар комплекта POS"
"POS Capability Rule","Правило доступа POS"
"POS Cash Movement","Движение наличных POS"
"POS Cashback Entry","Запись кешбэка POS"
"POS Cashback Rule","Правило кешбэка POS"
"POS Cashback Rule Customer Group","Группа клиентов правила кешбэка POS"
"POS Cashback Rule Item","Товар правила кешбэка POS"
"POS Cashback Rule Profile","Магазин правила кешбэка POS"
"POS Closing Entry {0} of this shift is not submitted.","Запись закрытия точки продаж {0} этой смены не утверждена."
"POS Coupon","Купон POS"
"POS Customer Form Field","Поле формы клиента POS"
"POS Delivery App","Сервис доставки POS"
"POS Discount Approver","Согласующий скидок POS"
"POS Gift Card","Подарочная карта POS"
"POS Gift Card Entry","Запись подарочной карты POS"
"POS Inter Company Settlement","Взаиморасчёт организаций POS"
"POS Layaway","Бронь POS"
"POS Layaway Item","Товар брони POS"
"POS Layaway Payment","Платёж брони POS"
"POS Opening Entry {0} (by {1}, since {2}) is open outside LumenPOS: close or cancel it in ERPNext.","Запись открытия точки продаж {0} (пользователь {1}, с {2}) открыта вне LumenPOS: закройте или отмените её в ERPNext."
"POS Parked Sale","Отложенная продажа POS"
"POS Payment Restriction","Ограничение оплаты POS"
"POS Price Book","Прайс-книга POS"
"POS Price Book Item","Товар прайс-книги POS"
"POS Promotion","Акция POS"
"POS Promotion Customer Group","Группа клиентов акции POS"
"POS Promotion Item","Товар акции POS"
"POS Promotion Profile","Магазин акции POS"
"POS Quick Key","Быстрая кнопка POS"
"POS Refund Rule","Правило возврата денег POS"
"POS Register Payment Count","Пересчёт оплат кассы POS"
"POS Register Session","Кассовая смена POS"
"POS Return Reason","Причина возврата POS"
"POS Return Restriction","Ограничение возврата POS"
"POS Sale Currency","Валюта продажи POS"
"POS Session Day","День смены POS"
"POS Session Float","Размен смены POS"
"POS Session Rate","Курс смены POS"
"POS Settings, Invoice Type Created via POS Screen: POS Invoice.","В POS Settings установите для Invoice Type Created via POS Screen значение POS Invoice."
"POS Shift Invoice","Чек смены POS"
"POS Shift Schedule","График смен POS"
"POS Shift Schedule Slot","Интервал графика смен POS"
"POS Store Credit Entry","Запись депозита POS"
"Paid At","Время оплаты"
"Paid With","Способ оплаты"
"Parked","Отложена"
"Parked At","Когда отложена"
"Passcode","Код доступа"
"Passcode only","Только код доступа"
"Passcode or request","Код доступа или запрос"
"Payment Counts","Пересчёт оплат"
"Payment Method Rules","Правила способов оплаты"
"Payment must cover the gift card amount","Оплата должна покрывать сумму подарочной карты"
"Per cashier","По кассирам"
"Per outlet","По магазинам"
"Per outlet: ONE shift per register, whoever opens it, any assigned cashier can sell on it (default; how LumenPOS has always worked). Per cashier: each cashier opens their OWN shift on the register and can only sell on their own, so several people share one counter but each gets their own Z-report and is accountable for their own drawer.","По магазинам: ОДНА смена на кассу, кто бы её ни открыл, продавать в ней может любой назначенный кассир (по умолчанию, LumenPOS всегда так работал). По кассирам: каждый кассир открывает на кассе СВОЮ смену и продаёт только в ней, поэтому несколько человек работают за одной кассой, но у каждого свой Z-отчёт и своя ответственность за свой ящик."
"Per-Outlet Receipts","Чеки по магазинам"
"Per-company accounts. On a multi-company site each company posts gift cards / service charge to its OWN accounts. Leave empty to use the global defaults (or auto-create).","Счета для каждой организации. На сайте с несколькими организациями каждая проводит подарочные карты / плату за обслуживание на СВОИ счета. Оставьте пустым, чтобы использовать общие значения по умолчанию (или создать автоматически)."
"Per-method rules. Use these to require a terminal/transfer reference on card or bank payments so the transaction can be traced later.","Правила по способам оплаты. С их помощью можно требовать номер операции терминала/перевода для оплат картой или через банк, чтобы операцию можно было потом отследить."
"Per-outlet receipt overrides (managed from the POS Settings page). Each row is a POS Profile + a JSON receipt config that overrides the global receipt design for that outlet. Empty = the outlet uses the global receipt.","Особые чеки для магазинов (управляются со страницы настроек кассы). Каждая строка: профиль точки продаж + JSON-настройка чека, которая заменяет общее оформление чека для этого магазина. Пусто = магазин использует общий чек."
"Percentage discount cannot exceed 100","Процентная скидка не может быть больше 100"
"Performance indexes missing: {0}","Отсутствуют индексы производительности: {0}"
"Person","Человек"
"Pick a period of one year or less.","Выберите период не больше одного года."
"Pick a {0} from the list","Выберите {0} из списка"
"Pick an outlet or a company.","Выберите магазин или организацию."
"Pick at least one item to take back","Выберите хотя бы один товар для возврата"
"Pick the salesperson for this sale.","Выберите продавца для этой продажи."
"Picked by the cashier when a counted drawer was short or over at the close.","Выбирается кассиром, если при закрытии в ящике была недостача или излишек."
"Posted At","Время проведения"
"Price / stock checker","Проверка цены / остатка"
"Price Book Price","Цена прайс-книги"
"Price List (legacy)","Прайс-лист (устаревшее)"
"Price cannot be negative","Цена не может быть отрицательной"
"Price for {0} cannot be negative","Цена для {0} не может быть отрицательной"
"Price list {0} does not exist","Прайс-лист {0} не существует"
"Prices include tax ({0}%): the till shows them as they are and adds nothing at the total.","Цены включают налог ({0}%): касса показывает их как есть и ничего не добавляет к итогу."
"Promotion","Акция"
"Promotion Type","Тип акции"
"Promotion {0} does not exist","Акция {0} не существует"
"Quantity for {0} must be positive","Количество для {0} должно быть положительным"
"Quantity rewarded per application (cheapest eligible units)","Количество в награду за одно применение (самые дешёвые подходящие единицы)"
"Quantity the customer must buy to trigger the offer","Количество, которое клиент должен купить, чтобы сработало предложение"
"Quick Keys","Быстрые кнопки"
"Quick keys","Быстрые кнопки"
"Quick keys / favourites","Быстрые кнопки / избранное"
"Quick reasons the cashier can tap when a count is short or over. The cashier can also write a reason in their own words.","Быстрые причины, которые кассир может выбрать при недостаче или излишке. Кассир может написать причину и своими словами."
"Raise a Sales Order when goods go on hold, so ERPNext shows the quantity as reserved and another till cannot sell it.","Создавать заказ клиента при бронировании товара, чтобы ERPNext показывал количество как зарезервированное и другая касса не могла его продать."
"Rate to company currency","Курс к валюте организации"
"Rates fixed for this shift","Курсы, зафиксированные на смену"
"Reason for a short or over","Причина недостачи или излишка"
"Reason for the difference","Причина расхождения"
"Reason shown at the till","Причина для показа на кассе"
"Reasons for a short or over","Причины недостачи или излишка"
"Reasons the cashier picks from when refunding an item. Add or remove freely. The till also always offers ""Other"" for a free-text reason.","Причины, из которых кассир выбирает при возврате товара. Добавляйте и удаляйте свободно. Касса также всегда предлагает ""Другое"" для причины в свободной форме."
"Receipt Config (JSON)","Настройка чека (JSON)"
"Receipt Custom Fields (JSON)","Дополнительные поля чека (JSON)"
"Receipt Fields","Поля чека"
"Receipt footer","Нижняя строка чека"
"Receipt header","Заголовок чека"
"Receipt layout/density. Compact = tight; Standard = balanced; Detailed = spacious with a full store header + terms block.","Макет/плотность чека. Компактный = плотный. Стандартный = сбалансированный. Подробный = просторный, с полной шапкой магазина + блоком условий."
"Receipt logo","Логотип чека"
"Receipt template","Шаблон чека"
"Record sensitive actions (over-limit discounts, returns, price edits, register open/close) to the LumenPOS Audit Log.","Записывать важные действия (скидки сверх лимита, возвраты, изменения цен, открытие/закрытие кассы) в журнал аудита LumenPOS."
"Recorded At","Время записи"
"Recorded By","Кто записал"
"Redeem","Списание"
"Reference Invoice","Чек-основание"
"Reference label","Подпись номера операции"
"Refund","Возврат денег"
"Refund Method Rules","Правила способов возврата"
"Refund as {0}","Вернуть как {0}"
"Refunded","Возвращено"
"Refunded without a connection: the till paid out {0}, ERPNext's figure is {1}.","Возврат без связи: касса выдала {0}, по расчёту ERPNext {1}."
"Refunds","Возврат денег"
"Refunds may only go back to a payment method the customer actually used on the original sale (plus Store Credit). Add rules below to allow extra refund methods per paid method.","Деньги можно вернуть только тем способом оплаты, который клиент действительно использовал в исходной продаже (а также на депозит). Добавьте правила ниже, чтобы разрешить дополнительные способы возврата для каждого способа оплаты."
"Register Session","Кассовая смена"
"Register page, Retry, or wait for the next background run.","Страница Касса, Повторить, или дождитесь следующего фонового запуска."
"Register page, Retry. If it fails again, send this screen.","Страница Касса, Повторить. Если снова не получится, отправьте этот экран."
"Register session is already closed","Кассовая смена уже закрыта"
"Register session is not open","Кассовая смена не открыта"
"Register still open: {0}","Касса всё ещё открыта: {0}"
"Register {0} already has an open session ({1})","У кассы {0} уже есть открытая смена ({1})"
"Register {0} already has an open session ({1}).","У кассы {0} уже есть открытая смена ({1})."
"Register {0} has a previous shift ({1}) whose closing is still finalising or has failed. Retry that closing before opening a new shift.","У кассы {0} есть прошлая смена ({1}), закрытие которой ещё завершается или не удалось. Повторите это закрытие, прежде чем открывать новую смену."
"Reprint a receipt","Повторная печать чека"
"Request","Запрос"
"Request not found.","Запрос не найден."
"Request only","Только запрос"
"Requested Discount (%)","Запрошенная скидка (%)"
"Require Order ID","Требовать номер заказа"
"Require a transaction reference","Требовать номер операции"
"Require scanning for serial numbers (block manual typing)","Требовать сканирование серийных номеров (запретить ручной ввод)"
"Required","Обязательно"
"Required asks only when a difference is larger than this, in the company currency (a drawer in another currency at its shift rate). 0 = any difference.","В режиме «Обязательно» спрашивается, только если расхождение больше этой суммы, в валюте компании (ящик в другой валюте по курсу его смены). 0 = любое расхождение."
"Requires Coupon Code","Нужен код купона"
"Reserve the goods on hold","Резервировать забронированный товар"
"Reset Code Hash","Хеш кода сброса"
"Reset Expires","Срок кода сброса"
"Restrict refunds to the original payment method","Возврат денег только исходным способом оплаты"
"Restrict till actions to staff holding a role. Leave a role blank to allow everyone. System / LumenPOS Managers always pass.","Ограничить действия на кассе сотрудниками с определённой ролью. Оставьте роль пустой, чтобы разрешить всем. Системные менеджеры / менеджеры LumenPOS проходят всегда."
"Resulting Invoice","Итоговый чек"
"Retrieved","Восстановлена"
"Return Invoice","Чек возврата"
"Return Reason","Причина возврата"
"Return Reasons","Причины возврата"
"Return approval isn't required, returns are open.","Согласование возврата не требуется, возвраты разрешены."
"Return past the window","Возврат после срока"
"Return policy / terms printed at the bottom of the receipt.","Правила возврата / условия, которые печатаются внизу чека."
"Return window (days)","Срок возврата (дней)"
"Returns are allowed within {0} days, this invoice is {1} days old. Send a return approval request to continue.","Возврат разрешён в течение {0} дн., а с этой продажи прошло {1} дн. Чтобы продолжить, отправьте запрос на согласование возврата."
"Returns without a connection","Возвраты без связи"
"Returns without a connection are switched off in LumenPOS Settings. Make this return again from Sales History.","Возвраты без связи отключены в настройках LumenPOS. Оформите этот возврат заново из истории продаж."
"Reverse","Сторно"
"Reward","Награда"
"Reward Value","Размер награды"
"Reward Value must be greater than zero","Размер награды должен быть больше нуля"
"Row {0}: Qty must be at least 1","Строка {0}: количество должно быть не меньше 1"
"Row {0}: bundle Qty must be at least 1","Строка {0}: количество в комплекте должно быть не меньше 1"
"Row {0}: invalid price '{1}'","Строка {0}: неверная цена '{1}'"
"Row {0}: item '{1}' not found","Строка {0}: товар '{1}' не найден"
"Row {0}: no price for {1}","Строка {0}: нет цены для {1}"
"Row {0}: set the {1} field","Строка {0}: заполните поле {1}"
"Row {0}: {1} is serialized, serialized items cannot be sold in bundles","Строка {0}: {1} учитывается по серийным номерам, такие товары нельзя продавать в комплектах"
"Runs on {0}","Действует: {0}"
"Sale","Продажа"
"Sale or refund not recorded","Продажа или возврат не проведены"
"Sale type","Тип продажи"
"Sale {0} not found","Продажа {0} не найдена"
"Sales older than 3 days not in the books: {0}","Продажи старше 3 дней, не попавшие в учёт: {0}"
"Sales, search and shift reports slow down on a large site.","Продажи, поиск и отчёты по сменам замедляются на большом сайте."
"Salesperson at the till","Продавец на кассе"
"Salesperson required","Нужен продавец"
"Scan or type a serial number","Отсканируйте или введите серийный номер"
"See sales by salesperson","Просмотр продаж по продавцам"
"See the system check","Просмотр проверки системы"
"Select a customer (or set a default customer on the POS Profile)","Выберите клиента (или укажите клиента по умолчанию в профиле точки продаж)"
"Select an outlet","Выберите магазин"
"Select at least one item to return","Выберите хотя бы один товар для возврата"
"Select the invoice to return.","Выберите чек для возврата."
"Selected Customer Groups","Выбранные группы клиентов"
"Selected items were not found on the original sale","Выбранные товары не найдены в исходной продаже"
"Sell in other currencies","Продавать в других валютах"
"Send queued sales in the background","Отправлять продажи из очереди в фоне"
"Send this screen with the Error Log entries (ERPNext, Error Log).","Отправьте этот экран вместе с записями Error Log (ERPNext, Error Log)."
"Send this screen. The jobs run again on their own.","Отправьте этот экран. Задачи запустятся снова сами."
"Separate per company","Отдельный для каждой организации"
"Serial numbers must be SCANNED with a barcode scanner, manual typing is rejected at the till. Turn off if a scanner is unavailable.","Серийные номера нужно СКАНИРОВАТЬ сканером штрихкодов, ручной ввод на кассе не принимается. Отключите, если сканера нет."
"Serial {0} belongs to {1}","Серийный номер {0} относится к {1}"
"Serial {0} came back on {1}, and ERPNext holds it until the shift close books that sale","Серийный номер {0} вернулся по {1}, и ERPNext удерживает его, пока закрытие смены не проведёт эту продажу"
"Serial {0} does not exist","Серийный номер {0} не существует"
"Serial {0} is already sold on {1}, which the shift close has not booked yet","Серийный номер {0} уже продан по {1}, а закрытие смены ещё не провело эту продажу"
"Serial {0} is held by a sale the shift close has not booked yet","Серийный номер {0} удерживается продажей, которую закрытие смены ещё не провело"
"Serial {0} is in {1}, not this register's warehouse","Серийный номер {0} находится на складе {1}, а не на складе этой кассы"
"Serial {0} is not in stock ({1})","Серийного номера {0} нет в наличии ({1})"
"Serial {0} is scanned twice in this sale","Серийный номер {0} отсканирован в этой продаже дважды"
"Serial {0} is selected twice","Серийный номер {0} выбран дважды"
"Serial {0} was already returned","Серийный номер {0} уже возвращён"
"Serial {0} was not sold on this invoice","Серийный номер {0} не продавался по этому чеку"
"Service Charge Account","Счёт платы за обслуживание"
"Service charge","Плата за обслуживание"
"Service charge (%)","Плата за обслуживание (%)"
"Service charge ({0}%)","Плата за обслуживание ({0}%)"
"Service charge account (global fallback)","Счёт платы за обслуживание (общий запасной)"
"Session Totals","Итоги смены"
"Set a Coupon Code or untick 'Requires Coupon Code'","Укажите код купона или снимите отметку 'Нужен код купона'"
"Set a Service charge account for {0} in LumenPOS Settings → Company Accounts (or the global default).","Укажите счёт платы за обслуживание для {0} в Настройки LumenPOS → Счета организаций (или общий счёт по умолчанию)."
"Set automatically once the use limit is reached.","Устанавливается автоматически, когда достигнут лимит использований."
"Set both Start Time and End Time, or neither","Укажите и время начала, и время окончания, или ни одно из них"
"Set by the daily update: per company currency, the published rate, the rate used, when, and any error.","Заполняется ежедневным обновлением: для каждой валюты организации опубликованный курс, применённый курс, время и ошибка, если была."
"Set up automatically, with a cash account in this currency.","Настраивается автоматически, со счётом наличных в этой валюте."
"Set up automatically: the customer a walk-in who pays in this currency is billed to.","Настраивается автоматически: клиент, на которого оформляются продажи розничному покупателю, платящему в этой валюте."
"Settings are consistent","Настройки согласованы"
"Settings, General, Other currencies: fix the reason and save.","Настройки, Общие, Другие валюты: устраните причину и сохраните."
"Settings, Status, Rebuild missing indexes.","Настройки, Статус, Перестроить отсутствующие индексы."
"Several cashiers on one outlet each need their own POS Profile on ERPNext 16.","В ERPNext 16 каждому из нескольких кассиров одного магазина нужен свой профиль точки продаж."
"Shared by the group","Общий для группы"
"Shift already open","Смена уже открыта"
"Shift from an earlier day","Смена предыдущего дня"
"Shift {0} is still being closed ({1}): retry its close from the Register screen.","Смена {0} ещё закрывается ({1}): повторите её закрытие на экране Касса."
"Shift {0} recorded cash movements and can't be deleted. Cancel it instead.","В смене {0} есть движения наличных, удалить её нельзя. Вместо этого отмените её."
"Shifts","Смены"
"Shifts open for more than a day: {0}","Смены, открытые больше суток: {0}"
"Shifts stuck in Closing: {0}","Смены, зависшие при закрытии: {0}"
"Shifts with an ERPNext day past midnight still to post: {0}","Смены, перешедшие через полночь, у которых день ERPNext ещё не проведён: {0}"
"Show a Favourites grid of one-tap items on the sell screen.","Показывать на экране продаж сетку Избранное с товарами в одно касание."
"Show a Price check button to look up an item's price + stock without selling it.","Показывать кнопку Проверка цены, чтобы узнать цену + остаток товара без продажи."
"Show an Email receipt button so a copy can be sent to the customer's email.","Показывать кнопку Чек на почту, чтобы отправить копию на почту клиента."
"Show item barcode","Показывать штрихкод товара"
"Show item code","Показывать код товара"
"Show out-of-stock items in the grid","Показывать в сетке товары без остатка"
"Show payment method lines","Показывать строки способов оплаты"
"Show serial numbers","Показывать серийные номера"
"Show stock items that are out of stock (qty 0 or less) in the sell grid. Off = only items with stock are shown (non-stock items like services always show).","Показывать в сетке продаж складские товары без остатка (кол-во 0 или меньше). Выкл. = показываются только товары с остатком (нескладские, например услуги, видны всегда)."
"Show store address","Показывать адрес магазина"
"Show tax / VAT ID","Показывать ИНН / номер плательщика НДС"
"Show terms & conditions","Показывать условия"
"Show the equivalent on local sales","Показывать эквивалент в местных продажах"
"Show the sale note","Показывать примечание к продаже"
"Show unit price (qty × rate)","Показывать цену за единицу (кол-во × цена)"
"Show what is new after an update","Показывать новое после обновления"
"Shown on the invoice when this person approves a discount, e.g. Manager Khobar","Показывается в чеке, когда этот человек согласует скидку, например Менеджер Хобар"
"Sign in as Administrator to build demo data.","Чтобы создать демоданные, войдите как Administrator."
"Simple Discount","Простая скидка"
"Single Use","Одноразовый"
"Slow sales logged in the last 7 days: {0}","Медленные продажи, записанные за последние 7 дней: {0}"
"Smallest first payment, as a percentage of the total. 0 = any amount.","Минимальный первый платёж в процентах от итога. 0 = любая сумма."
"Snapshot of the cart as JSON","Снимок корзины в формате JSON"
"Spend and Save","Скидка от суммы"
"Spent at","Потрачено в"
"Stackable promotions combine with each other. Non-stackable promotions compete and only the best one applies.","Суммируемые акции складываются друг с другом. Несуммируемые акции конкурируют, и применяется только лучшая."
"Standard Price","Стандартная цена"
"Starts","Начало"
"Status is Active","Статус Активно"
"Stock Settings, Auto Insert Item Price If Missing is on: a sale of an item with no price in the price list writes that sale's rate into it.","В Stock Settings включён параметр Auto Insert Item Price If Missing: продажа товара без цены в прайс-листе записывает в него цену этой продажи."
"Store Credit","Депозит"
"Store address","Адрес магазина"
"Store credit balance is too low to redeem {0}","Баланса депозита не хватает, чтобы списать {0}"
"Store credit balance is {0}, cannot redeem {1}","Баланс депозита {0}, списать {1} нельзя"
"Store credit refunds","Возвраты на депозит"
"Stuck shifts are not retried, nightly cashback, rates and settlements do not run.","Зависшие смены не перезапускаются, а ночные задачи по кешбэку, курсам валют и взаиморасчётам не выполняются."
"Switch on automatic exchange rates first, and save.","Сначала включите автоматические курсы валют и сохраните."
"Taken By","Кто принял"
"Tax ({0}%) is added on top of prices: the till shows prices before tax and adds it at the total.","Налог ({0}%) добавляется к ценам: касса показывает цены без налога и добавляет налог к итогу."
"Tax / VAT ID","ИНН / номер плательщика НДС"
"Tax template {0}: some rows are included in prices and some are added on top.","Шаблон налога {0}: часть строк включена в цены, а часть добавляется сверху."
"Tax the outlet will add on top of the held prices at hand-over. Zero where the price list already includes it.","Налог, который магазин добавит к ценам брони при выдаче. Ноль, если прайс-лист уже включает его."
"Terms & conditions","Условия"
"Thank you for your purchase. Your receipt {0} is attached.","Спасибо за покупку. Ваш чек {0} во вложении."
"That code has expired. Ask for a new one.","Срок действия кода истёк. Запросите новый."
"That code is not right.","Неверный код."
"That current PIN is not right.","Текущий PIN-код неверен."
"That is more than the {0} still owed on this hold.","Это больше, чем остаток долга {0} по этой брони."
"The POS Opening Entry {0} of this shift was cancelled in ERPNext, so the shift closes against its amendment {1}.","Запись открытия точки продаж {0} этой смены была отменена в ERPNext, поэтому смена закрывается по её исправленной версии {1}."
"The POS sale that took this instalment, its line posts to the deposit liability account.","Продажа на кассе, по которой принят этот платёж, её строка проводится на счёт обязательств по предоплатам."
"The Sales Order that reserves the goods while the hold is open.","Заказ клиента, который резервирует товар, пока бронь открыта."
"The approval is {0}, not approved.","Согласование не получено, статус: {0}."
"The approval's register session has closed.","Кассовая смена этого согласования уже закрыта."
"The approved discount ({0}%) is below the {1}% on this sale.","Согласованная скидка ({0}%) меньше скидки {1}% в этой продаже."
"The automatic rate for {0} did not update","Автоматический курс для {0} не обновился"
"The cashback expense account must be an Expense account, and {0} is {1}","Счёт расходов на кешбэк должен быть счётом расходов, а {0} имеет тип {1}"
"The cashback liability account must be a Liability account, and {0} is {1}","Счёт обязательств по кешбэку должен быть счётом обязательств, а {0} имеет тип {1}"
"The cashier must enter the terminal / transfer reference before the sale can complete.","Кассир должен ввести номер операции терминала / перевода, прежде чем продажа завершится."
"The cashier's register has closed, this request has expired.","Касса кассира закрыта, срок этого запроса истёк."
"The company that holds the balance: its liability goes down.","Организация, у которой хранится баланс: её обязательства уменьшаются."
"The company whose outlet took the balance as payment and gave the goods.","Организация, магазин которой принял баланс в оплату и отдал товар."
"The cost of the cashback program. Earned cashback is debited here, and expired or returned cashback is credited back. Leave empty to create ""Cashback Expense"" under Indirect Expenses.","Затраты на программу кешбэка. Начисленный кешбэк относится сюда в дебет, а сгоревший или возвращённый кредитуется обратно. Оставьте пустым, чтобы создать ""Cashback Expense"" в группе Indirect Expenses."
"The count is short or over: write a reason before closing the register.","При пересчёте недостача или излишек: напишите причину перед закрытием кассы."
"The daily summary Journal Entry that booked this row to the accounts. Empty until it is posted. Redeem rows stay empty: the sale's payment books them.","Ежедневная сводная запись в журнале, которая провела эту строку в учёте. Пусто, пока она не проведена. Строки списания остаются пустыми: их проводит оплата продажи."
"The expected takings could not be worked out when this shift was closed. They are filled in from its POS Closing Entry when it consolidates.","При закрытии этой смены не удалось рассчитать ожидаемую выручку. Она будет заполнена из её записи закрытия точки продаж после объединения."
"The file has no rows","В файле нет строк"
"The goods coming back are worth more than the new ones. Choose how to refund {0}.","Возвращаемый товар стоит больше нового. Выберите, как вернуть {0}."
"The item a deposit is taken on. Blank = LumenPOS creates LUMENPOS-DEPOSIT.","Товар, по которому принимается предоплата. Пусто = LumenPOS создаст LUMENPOS-DEPOSIT."
"The languages a cashier can pick at the till, one ERPNext language code per line (en, ar ...). Empty = every language LumenPOS ships, including ones a later update adds. English is always offered. Set from the till: Settings, General, Languages.","Языки, которые кассир может выбрать на кассе, по одному коду языка ERPNext в строке (en, ar ...). Пусто = все языки, которые поставляет LumenPOS, включая добавленные будущими обновлениями. Английский доступен всегда. Настраивается на кассе: Настройки, Общие, Языки."
"The last rate is kept. Settings, Other currencies, Update now.","Сохраняется последний курс. Настройки, Другие валюты, Обновить сейчас."
"The margin for {0} must be from 0 to less than 100%.","Маржа для {0} должна быть от 0 до менее 100%."
"The new items come to {0}, {1} is covered by the return, so {2} is due but {3} was entered.","Новые товары стоят {0}, возврат покрывает {1}, поэтому к оплате {2}, а введено {3}."
"The outlet the cashback was earned at. Expire and Reverse rows keep the outlet of the Earn row they come from.","Магазин, в котором начислен кешбэк. Строки сгорания и сторно сохраняют магазин исходной строки начисления."
"The payment method {0} already exists, and its account for {1} ({2}) is in {3}, not {4}. Give it a {4} account, or rename it, so the {4} cash drawer can be set up.","Способ оплаты {0} уже существует, и его счёт для {1} ({2}) ведётся в {3}, а не в {4}. Назначьте ему счёт в {4} или переименуйте его, чтобы можно было настроить денежный ящик {4}."
"The promotion only applies when the cashier enters this coupon code at the till","Акция применяется, только если кассир вводит этот код купона на кассе"
"The qualifying items must total at least this to earn cashback","Сумма подходящих товаров должна быть не меньше этой, чтобы начислился кешбэк"
"The rate must be more than 0.","Курс должен быть больше 0."
"The rates service answered: {0}","Сервис курсов ответил: {0}"
"The rates service has no rate for {0}.","У сервиса курсов нет курса для {0}."
"The refund split adds up to {0} but the refund is {1}.","Разбивка возврата даёт в сумме {0}, а возврат составляет {1}."
"The refund split adds up to {0} but {1} is left over after the new items.","Разбивка возврата даёт в сумме {0}, а после новых товаров остаётся {1}."
"The sale doctype this entry came from. LumenPOS posts POS Invoices by default, but a profile can be set to post Sales Invoices instead.","Тип документа продажи, из которого пришла эта запись. По умолчанию LumenPOS проводит счета точки продаж, но профиль можно настроить на счета на продажу."
"The sale this return takes back has not reached the server yet. It goes first, then this return.","Продажа, по которой оформлен этот возврат, ещё не дошла до сервера. Сначала отправится она, затем этот возврат."
"The till has NOT been closed automatically, a close without a real cash count is worthless.","Касса НЕ закрыта автоматически: закрытие без реального пересчёта денег ничего не стоит."
"The till values this currency this much below the published rate, the way a shop taking it at a market rate does.","Касса оценивает эту валюту на столько ниже опубликованного курса, как это делает магазин, принимающий её по рыночному курсу."
"Theft or loss","Кража или потеря"
"Their sales are not in the books yet.","Их продажи ещё не попали в учёт."
"There is no exchange rate from {0} to {1}. Set it in LumenPOS Settings, General, Other currencies.","Нет курса из {0} в {1}. Задайте его в Настройки LumenPOS, Общие, Другие валюты."
"These items are never taken back: {0}","Эти товары не принимаются обратно: {0}"
"These items need an approved return request: {0}","Для этих товаров нужен согласованный запрос на возврат: {0}"
"These items sell at the price set here while this book is active (by validity + priority). Items not listed keep their normal selling price.","Пока эта прайс-книга активна (по сроку действия + приоритету), эти товары продаются по заданной здесь цене. Товары не из списка сохраняют обычную цену продажи."
"These items were sold together (bundle/offer) and must be returned together: {0}. Use Exchange for a partial swap.","Эти товары проданы вместе (комплект/акция) и возвращаются только вместе: {0}. Для частичной замены используйте Обмен."
"They should run every 10 minutes. The workers may be stopped.","Они должны запускаться каждые 10 минут. Возможно, фоновые процессы остановлены."
"This approval is for a {0}, not a {1}.","Это согласование для типа {0}, а не {1}."
"This approval was already used.","Это согласование уже использовано."
"This approval was issued to another cashier.","Это согласование выдано другому кассиру."
"This coupon's promotion isn't available right now","Акция этого купона сейчас недоступна"
"This discount is within the {0}% limit, no approval needed.","Скидка в пределах лимита {0}%, согласование не нужно."
"This hold is {0}","Статус брони: {0}"
"This payment method cannot be used when the cart contains a matching item.","Этот способ оплаты нельзя использовать, если в корзине есть подходящий товар."
"This person passes, whatever roles they hold.","Этот человек проходит независимо от своих ролей."
"This register is being closed. Reopen it (or wait for the close to finish) before ringing up this sale.","Эта касса закрывается. Откройте её снова (или дождитесь окончания закрытия), прежде чем пробивать эту продажу."
"This request was already {0}.","Запрос уже обработан: {0}."
"This return approval is for invoice {0}.","Это согласование возврата относится к чеку {0}."
"This return was refunded without a connection as {0}, but ERPNext calculated {1}. Check the sale and make the return again from Sales History.","Этот возврат выдан без связи на сумму {0}, а ERPNext рассчитал {1}. Проверьте продажу и оформите возврат заново из истории продаж."
"This role (plus managers) may return a sale past the return window WITHOUT an approval request. Blank = nobody bypasses (everyone uses the request flow).","Эта роль (а также менеджеры) может оформить возврат после срока БЕЗ запроса на согласование. Пусто = никто не обходит запрос (все отправляют запросы)."
"This sale was paid by {0}, so it can only be refunded to: {1}. Adjust the refund methods in LumenPOS Settings if needed.","Эта продажа оплачена способом {0}, поэтому деньги можно вернуть только так: {1}. При необходимости измените способы возврата в настройках LumenPOS."
"This sale was rung up as {0} but ERPNext calculated {1} (short by {2}). This is usually a price-list or VAT mismatch. Check that every item is priced on the active price list and that the VAT template's 'included in rate' flag matches your shelf prices (Settings → Status).","Эта продажа пробита на {0}, а ERPNext рассчитал {1} (не хватает {2}). Обычно это расхождение прайс-листа или НДС. Проверьте, что у каждого товара есть цена в активном прайс-листе и что флажок 'включено в цену' в шаблоне НДС соответствует ценам на полке (Настройки → Статус)."
"This sale was rung up at {0}, but the shift sells {1} at {2}. Ring it up again.","Эта продажа пробита по курсу {0}, а смена продаёт {1} по курсу {2}. Пробейте её заново."
"This shift belongs to {0}. Only the cashier who opened the register can sell on it. Close that shift and open your own.","Это смена пользователя {0}. Продавать в ней может только кассир, открывший кассу. Закройте эту смену и откройте свою."
"This shift was opened on {0}. ERPNext 16 accepts sales only on a shift opened today: close this shift on the Register screen and open a new one.","Эта смена открыта {0}. ERPNext 16 принимает продажи только в смене, открытой сегодня: закройте эту смену на экране Касса и откройте новую."
"This shop asks for at least {0}% down, which is {1}.","Магазин требует первый взнос не менее {0}%, то есть {1}."
"This site already has {0} posted POS invoices, so it does not look like an empty demo site. Nothing was created.","На этом сайте уже есть проведённые счета точки продаж ({0}), поэтому он не похож на пустой демосайт. Ничего не создано."
"This version of Lumen Reports does not include the LumenPOS dashboard yet. Update Lumen Reports, then try again.","В этой версии Lumen Reports ещё нет панели LumenPOS. Обновите Lumen Reports и повторите попытку."
"Tick to EXCLUDE these products instead of including them (e.g. all products except this brand)","Отметьте, чтобы ИСКЛЮЧИТЬ эти товары, а не включить (например, все товары, кроме этого бренда)"
"Times Used","Использовано раз"
"To let customers pay with loyalty points, tick 'Allow Partial Payment' on the POS Profile {0}. This version of ERPNext counts only cash and card towards the total, so it rejects a sale that is part points even though the sale is fully settled. LumenPOS still checks every sale adds up before it posts.","Чтобы клиенты могли платить баллами лояльности, отметьте 'Allow Partial Payment' в профиле точки продаж {0}. Эта версия ERPNext засчитывает в итог только наличные и карту, поэтому отклоняет продажу, частично оплаченную баллами, даже если она оплачена полностью. LumenPOS всё равно проверяет, что каждая продажа сходится, прежде чем провести её."
"Too many attempts, wait a minute and try again.","Слишком много попыток, подождите минуту и повторите."
"Too many attempts, wait a moment and try again.","Слишком много попыток, подождите немного и повторите."
"Total Discounts","Сумма скидок"
"Total Sales","Сумма продаж"
"Turn till features on or off. Each control is independent.","Включайте и отключайте функции кассы. Каждый переключатель работает независимо."
"Unknown delivery app {0}. Add it in LumenPOS Settings","Неизвестный сервис доставки {0}. Добавьте его в настройках LumenPOS"
"Unknown item {0}","Неизвестный товар {0}"
"Unknown request type {0}","Неизвестный тип запроса {0}"
"Unlocked by {0}","Разблокировано: {0}"
"Update exchange rates automatically","Обновлять курсы валют автоматически"
"Usable After (days)","Доступен через (дней)"
"Usable From","Доступен с"
"Use Limit","Лимит использований"
"Used At","Время использования"
"Used On (Invoice)","Использован в (чек)"
"Used when the outlet has no shift schedule.","Используется, если у магазина нет графика смен."
"Users holding this role (plus LumenPOS/System Managers) can approve discount AND return requests. Requests can only be approved while the cashier's register is still open.","Пользователи с этой ролью (а также менеджеры LumenPOS/системные менеджеры) могут согласовывать запросы на скидку И на возврат. Запросы можно согласовать, только пока касса кассира ещё открыта."
"Usually fine. If something stops working after an ERPNext update, send this screen.","Обычно всё в порядке. Если после обновления ERPNext что-то перестанет работать, отправьте этот экран."
"Valid For (days)","Действует (дней)"
"Valid To","Действует до"
"Valid To cannot be before Valid From","Дата Действует до не может быть раньше даты Действует с"
"Valid Until","Действует до"
"Variance threshold","Порог расхождения"
"Walk-in customer","Розничный покупатель"
"Warn about locked accounting periods","Предупреждать о заблокированных отчётных периодах"
"Warn when offline sales are not protected","Предупреждать, если офлайн-продажи не защищены"
"What is being approved","Что согласуется"
"What the company owes customers in unspent cashback. Earned cashback is credited here and spent cashback is debited. Leave empty to create ""Cashback"" under Current Liabilities.","Долг организации перед клиентами по неистраченному кешбэку. Начисленный кешбэк относится сюда в кредит, а потраченный списывается в дебет. Оставьте пустым, чтобы создать ""Cashback"" в группе Current Liabilities."
"What the customer pays in the end, tax and all.","Сколько клиент заплатит в итоге, включая налог."
"What this rule refuses to take back.","Что это правило запрещает принимать обратно."
"What to call it at the till, e.g. ""Approval code"" or ""Transfer no."". Defaults to ""Reference"".","Как называть это на кассе, например ""Код авторизации"" или ""Номер перевода"". По умолчанию ""Номер операции""."
"When a counted drawer is short or over at the close. Optional (the default): the cashier may give a reason and say what was done. Required: the register does not close without a reason, checked on the server too. Off: the till does not ask. Set from the till: Settings, General, Register and shifts.","Если при закрытии в ящике недостача или излишек. Необязательно (по умолчанию): кассир может указать причину и принятые меры. Обязательно: касса не закроется без причины, это проверяется и на сервере. Выкл.: касса не спрашивает. Настраивается в кассе: Настройки, Общие, Касса и смены."
"When an ERPNext Accounting Period locks Sales Invoices today, the till says so as a shift opens (the close posts the shift's sales as a Sales Invoice, so it would fail), and a close it stopped names the period and how to unlock it. The system check lists such periods either way. Set from the till: Settings, General, Register and shifts.","Когда отчётный период ERPNext сегодня блокирует счета на продажу, касса сообщает об этом при открытии смены (при закрытии продажи смены проводятся как Счет на продажу, и оно бы не прошло), а закрытие, которое он остановил, называет период и объясняет, как его разблокировать. Проверка системы показывает такие периоды в любом случае. Настраивается в кассе: Настройки, Общие, Касса и смены."
"When several price books apply, the highest priority wins","Если действует несколько прайс-книг, побеждает наивысший приоритет"
"Where it applies","Где применяется"
"Which price the discount is calculated from. Price Book Price stacks on an active price book. Standard Price discounts from the regular price and gives the customer the lower of the two (never stacks with a price book).","От какой цены считается скидка. Цена прайс-книги: скидка поверх активной прайс-книги. Стандартная цена: скидка от обычной цены, клиент получает меньшую из двух цен (никогда не суммируется с прайс-книгой)."
"Which sale is being exchanged?","Какая продажа обменивается?"
"Who can do what","Кто что может"
"Who may do what at the till. A capability with no row here is open to everyone (except returning past the window, which stays closed unless named). Managers always pass.","Кто что может делать на кассе. Возможность без строки здесь доступна всем (кроме возврата после срока, который закрыт, пока кто-то не назначен). Менеджеры проходят всегда."
"Wrong approver passcode for the {0}% discount.","Неверный код доступа согласующего для скидки {0}%."
"Wrong change given","Неверно выдана сдача"
"X-report (mid-shift read)","X-отчёт (промежуточный)"
"You are not allowed to approve requests.","Вам не разрешено согласовывать запросы."
"You are not allowed to close a register","Вам не разрешено закрывать кассу"
"You are not allowed to exchange goods","Вам не разрешено обменивать товары"
"You are not allowed to hold goods for a customer","Вам не разрешено бронировать товары для клиента"
"You are not allowed to open a register","Вам не разрешено открывать кассу"
"You are not allowed to put money in or take it out","Вам не разрешено вносить или изымать деньги"
"You are not allowed to reprint a receipt","Вам не разрешено повторно печатать чек"
"You are not assigned to outlet {0}. Ask an administrator to add you under Applicable for Users.","Вы не назначены в магазин {0}. Попросите администратора добавить вас в таблицу Applicable for Users."
"You are not permitted to close a register","У вас нет прав на закрытие кассы"
"You are not permitted to make sales","У вас нет прав на продажу"
"You are not permitted to open a register","У вас нет прав на открытие кассы"
"You are not permitted to view customers.","У вас нет прав на просмотр клиентов."
"You are not permitted to work with {0}","У вас нет прав на работу с {0}"
"You are not permitted to {0} {1}.","У вас нет прав: {0} {1}."
"You can only manage your own register","Вы можете управлять только своей кассой"
"You can't approve your own request, another approver must.","Нельзя согласовать собственный запрос, это должен сделать другой согласующий."
"You cannot see {0}'s figures","Вам недоступны показатели {0}"
"You do not have access to the POS. Ask an administrator to grant you the LumenPOS Cashier role (or POS Invoice access).","У вас нет доступа к кассе. Попросите администратора выдать вам роль LumenPOS Cashier (или доступ к счёту точки продаж)."
"You're not allowed to change prices at this outlet ({0} costs {1}).","Вам не разрешено менять цены в этом магазине ({0} стоит {1})."
"You're not allowed to edit prices or apply discounts on a sale.","Вам не разрешено менять цены или давать скидки в продаже."
"You're not allowed to make returns.","Вам не разрешено оформлять возвраты."
"You're not allowed to see sales by salesperson.","У вас нет прав на просмотр продаж по продавцам."
"You're not allowed to see the system check.","У вас нет прав на просмотр проверки системы."
"You're not allowed to see {0}.","У вас нет прав на просмотр {0}."
"Your LumenPOS PIN reset code","Ваш код сброса PIN-кода LumenPOS"
"Your VAT / tax registration number.","Ваш ИНН / номер плательщика НДС."
"Your receipt from {0}, {1}","Ваш чек из {0}, {1}"
"Your user has no email address. Ask an administrator to reset your PIN.","У вашего пользователя нет адреса эл. почты. Попросите администратора сбросить ваш PIN-код."
"its warehouse belongs to another company","его склад относится к другой организации"
"late return approved by {0}","поздний возврат согласован: {0}"
"made without a connection","сделано без связи"
"no payment methods","нет способов оплаты"
"no price list","нет прайс-листа"
"no reason recorded","причина не записана"
"no warehouse","нет склада"
"not scheduled","нет в графике"
"the close has not finished","закрытие не завершено"
"the till paid out {0}","касса выдала {0}"
"transaction reference","номер операции"
"{0} '{1}' does not exist. Pick it from the dropdown list","{0} '{1}' не существует. Выберите из выпадающего списка"
"{0} ({1}): {2} to {3}, locks {4}","{0} ({1}): с {2} по {3}, блокирует {4}"
"{0} are in {1} only, and this customer buys in {2}.","{0} доступны только в {1}, а этот клиент покупает в {2}."
"{0} can't be used for this sale ({1}). Choose another payment method.","{0} нельзя использовать для этой продажи ({1}). Выберите другой способ оплаты."
"{0} can't be used to refund this sale. Allowed: {1}.","{0} нельзя использовать для возврата денег за эту продажу. Разрешено: {1}."
"{0} cannot be returned","{0}: возврат невозможен"
"{0} does not let prices be changed at the till. Tick Allow User to Edit Rate on its POS Profile to allow it.","{0} не разрешает менять цены на кассе. Чтобы разрешить, отметьте Allow User to Edit Rate в его профиле точки продаж."
"{0} has NO price on price list '{1}', a percentage of 0 is 0","У {0} НЕТ цены в прайс-листе '{1}', процент от 0 равен 0"
"{0} has shift {1} open since {2}: close it first.","У {0} открыта смена {1} с {2}: сначала закройте её."
"{0} is billed in {1}, but this till sells in {2}. Switch on Other currencies in LumenPOS Settings, choose another customer, or clear the customer's Billing Currency in ERPNext (Customer, Currency and Price List).","{0} получает счета в {1}, а эта касса продаёт в {2}. Включите Другие валюты в настройках LumenPOS, выберите другого клиента или очистите валюту расчётов клиента в ERPNext (Клиент, Валюта и прайс-лист)."
"{0} is billed in {1}, which this till does not sell in. Add {1} in LumenPOS Settings, General, Other currencies, or change the customer's Billing Currency.","{0} получает счета в {1}, а эта касса в этой валюте не продаёт. Добавьте {1} в Настройки LumenPOS, Общие, Другие валюты или измените валюту расчётов клиента."
"{0} is kept by LumenPOS for gift cards and hold deposits and cannot be sold as a product.","{0} используется LumenPOS для подарочных карт и предоплат по броням и не может продаваться как товар."
"{0} is not a field of the customer form","{0} не является полем формы клиента"
"{0} is not an active salesperson.","{0} не является активным продавцом."
"{0} is serialized, quantity must be a whole number","{0} учитывается по серийным номерам, количество должно быть целым"
"{0} is serialized: scan {1} serial number(s), got {2}","{0} учитывается по серийным номерам: нужно отсканировать серийных номеров: {1}, получено: {2}"
"{0} is serialized: select {1} serial number(s) to return, got {2}","{0} учитывается по серийным номерам: для возврата выберите серийных номеров: {1}, выбрано: {2}"
"{0} issued by {1} and spent at {2}","{0} выдано организацией {1} и потрачено в {2}"
"{0} needs a {1} before this sale can be completed.","Для {0} нужно указать {1}, прежде чем продажа завершится."
"{0} sales · takings {1}","Продаж: {0} · выручка {1}"
"{0} takes {1} only, and this sale is in {2}.","{0} принимает только {1}, а эта продажа в {2}."
"{0} was sold by {1}, but this till belongs to {2}. A return must be processed by a till in the same company.","{0} продан организацией {1}, а эта касса относится к {2}. Возврат должен оформлять касса той же организации."
"{0}% discount cleared by approved request {1}","Скидка {0}% согласована по запросу {1}"
"{0}% discount cleared by passcode","Скидка {0}% согласована кодом доступа"
"{0}, Create Ledger Entries for Change Amount: on. Saving LumenPOS Settings turns it on.","В {0} включите Create Ledger Entries for Change Amount. Сохранение настроек LumenPOS включает его."
"{0}: price changed from {1} to {2}","{0}: цена изменена с {1} на {2}"
"“{0}” is a base selling price list, editing it here would change your normal selling prices. Create a dedicated price list for this book/app instead.","“{0}” является базовым прайс-листом продаж, его изменение здесь поменяет ваши обычные цены продажи. Вместо этого создайте отдельный прайс-лист для этой книги/сервиса."
