"(no recorded payment)","(kayıtlı ödeme yok)"
"0 = unlimited repeats per sale","0 = satış başına sınırsız tekrar"
"0 = usable immediately. Otherwise it becomes spendable this many days after the sale.","0 = hemen kullanılabilir. Aksi halde satıştan bu kadar gün sonra harcanabilir hale gelir."
"<p>Your PIN reset code is <b>{0}</b>.</p><p>It expires in {1} minutes. If you didn't ask for this, ignore this email, your current PIN still works.</p>","<p>PIN sıfırlama kodunuz: <b>{0}</b>.</p><p>Kodun süresi {1} dakika içinde dolar. Bunu siz istemediyseniz bu e-postayı yok sayın, mevcut PIN'iniz çalışmaya devam eder.</p>"
"A PIN must be 4 to 8 digits.","PIN 4 ile 8 hane arasında olmalıdır."
"A built-in field of the form (mobile_no, email_id, tax_id, building_no, street, district, city, postal_code, additional_no) or any field of Customer.","Formun yerleşik bir alanı (mobile_no, email_id, tax_id, building_no, street, district, city, postal_code, additional_no) veya Müşteri'nin herhangi bir alanı."
"A bundle needs specific product rows, not 'all products'","Paket için 'tüm ürünler' değil, belirli ürün satırları gerekir"
"A check could not run","Bir kontrol çalıştırılamadı"
"A credit limit cannot be negative.","Bakiye limiti negatif olamaz."
"A customer billed in another currency (Customer, Currency and Price List) buys in it: prices, payment and receipt in that currency, at a rate fixed for the shift. Off: such a customer is refused.","Başka para biriminde faturalanan müşteri (Müşteri, Para Birimi ve Fiyat Listesi) o para birimiyle alışveriş yapar: fiyatlar, ödeme ve fiş o para biriminde, vardiya için sabitlenen kurla. Kapalı: böyle bir müşteri reddedilir."
"A customer takes the goods now and pays later. The part not paid is paid with the ""Credit Sale"" payment method, and the till books the debt on the customer at once with a Journal Entry, so it shows on their account in ERPNext and can be paid at the till or in ERPNext. LumenPOS makes the payment method and its clearing account itself. Who may sell on account is set in Approvals and access, Permissions.","Müşteri ürünleri şimdi alır ve sonra öder. Ödenmeyen kısım ""Credit Sale"" ödeme yöntemiyle ödenir ve kasa borcu hemen bir Defter Girişi ile müşterinin üzerine kaydeder, böylece borç ERPNext'te müşterinin hesabında görünür ve kasada veya ERPNext'te ödenebilir. LumenPOS bu ödeme yöntemini ve ara hesabını kendisi oluşturur. Kimin veresiye satabileceği Onaylar ve erişim, Yetkiler bölümünde belirlenir."
"A customer's payment was taken after the closing screen was loaded. Refresh the closing screen, re-check the counts, then close again.","Kapanış ekranı yüklendikten sonra bir müşteri ödemesi alındı. Kapanış ekranını yenileyin, sayımları tekrar kontrol edin, sonra yeniden kapatın."
"A gift card cannot be put on account.","Hediye kartı veresiye yazılamaz."
"A gift card cannot pay for a gift card","Hediye kartıyla hediye kartı ödenemez"
"A hold cannot be put on account.","Rezervasyon veresiye yazılamaz."
"A hold needs a customer, so the shop knows whose goods these are","Rezervasyon için müşteri gerekir, böylece mağaza ürünlerin kime ait olduğunu bilir"
"A label for the batch this code was generated/imported in.","Bu kodun oluşturulduğu veya içe aktarıldığı partinin etiketi."
"A manual discount of {0}% exceeds the {1}% limit, approver passcode required","%{0} manuel indirim %{1} sınırını aşıyor, onaylayan şifresi gerekli"
"A manual discount of {0}% exceeds the {1}% limit. Enter the manager passcode or send an approval request.","%{0} manuel indirim %{1} sınırını aşıyor. Yönetici onay şifresini girin veya onay talebi gönderin."
"A manual discount of {0}% exceeds the {1}% limit. Send an approval request.","%{0} manuel indirim %{1} sınırını aşıyor. Onay talebi gönderin."
"A payment cannot be negative.","Ödeme negatif olamaz."
"A payment of what is owed is taken in {0}, with a payment method on a {0} account.","Borç ödemesi {0} cinsinden, {0} cinsinden bir hesaba bağlı ödeme yöntemiyle alınır."
"A percentage of the qualifying items, or a fixed amount","Koşulu sağlayan ürünlerin bir yüzdesi veya sabit bir tutar"
"A price cannot be below zero.","Fiyat sıfırın altında olamaz."
"A reason the cashier can pick when a counted drawer is short or over at the close (shown at the till).","Kapanışta sayılan çekmecede eksik veya fazla olduğunda kasiyerin seçebileceği bir neden (kasada gösterilir)."
"A reason the cashier can pick when refunding an item (shown at the till).","Kasiyerin bir ürünü iade ederken seçebileceği neden (kasada gösterilir)."
"A refund cannot be put on account.","Para iadesi veresiye yazılamaz."
"A refund does not go back onto a gift card or cashback. Refund that part as store credit.","Para iadesi hediye kartına veya cashback'e geri yüklenmez. O kısmı mağaza bakiyesi olarak iade edin."
"A register closed with a counted difference over the alert threshold.","Bir kasa, uyarı eşiğini aşan bir sayım farkıyla kapatıldı."
"A register is still open well past the end of its shift.","Bir kasa, vardiyasının bitişinden çok sonra hâlâ açık."
"A reusable timetable, one schedule can serve many outlets.","Yeniden kullanılabilir bir çalışma çizelgesi, tek çizelge birçok şubeye hizmet edebilir."
"A sale on account is made in {0}, the company's currency.","Veresiye satış, şirketin para birimi olan {0} cinsinden yapılır."
"A sale on account needs a connection to refund.","Veresiye satışın iadesi için bağlantı gerekir."
"A sale on account needs a connection.","Veresiye satış için bağlantı gerekir."
"A sale that took longer than usual is written to the Error Log with its timings.","Normalden uzun süren bir satış, süreleriyle birlikte Error Log'a yazılır."
"A salesperson is required but none exists","Satış elemanı zorunlu, ancak hiç satış elemanı yok"
"A shift belongs to","Vardiyanın sahibi"
"A shift close held the posting lock, so {0} will be posted with the shift.","Bir vardiya kapanışı işleme kilidini tutuyordu, bu yüzden {0} vardiyayla birlikte işlenecek."
"A shift left open holds its sales out of the books, and on ERPNext 16 can block its outlet.","Açık bırakılan bir vardiya, satışlarını muhasebenin dışında tutar ve ERPNext 16'da şubesini engelleyebilir."
"A statistics page for managers. With the Lumen Reports app installed it embeds a ready-made POS sales dashboard, otherwise it suggests installing it.","Yöneticiler için bir istatistik sayfası. Lumen Reports uygulaması kuruluysa hazır bir POS satış panosu gösterir, değilse kurulmasını önerir."
"Absolute difference (over or short) on any payment method that triggers the email.","Herhangi bir ödeme yönteminde e-postayı tetikleyen mutlak fark (fazla veya eksik)."
"Account {0} belongs to {1}, not {2}","{0} hesabı {2} şirketine değil, {1} şirketine ait"
"Account {0} does not belong to {1}","{0} hesabı {1} şirketine ait değil"
"Account {0} is a group account. Pick an account under it","{0} hesabı bir grup hesabıdır. Altındaki bir hesabı seçin"
"Account {0} is a {1} account, which cashback cannot post to","{0} hesabı {1} türünde bir hesap, cashback bu hesaba işlenemez"
"Account {0} is a {1} account, which needs a party on every line","{0} hesabı {1} türünde bir hesap ve her satırda bir taraf gerektirir"
"Account {0} is disabled","{0} hesabı devre dışı"
"Account {0} must be an Asset account, and it is {1}","{0} hesabı bir Varlık hesabı olmalı, ancak türü {1}"
"Accounting periods locking sales today: {0}","Bugün satışları kilitleyen hesap dönemleri: {0}"
"Accounting periods that will lock sales: {0}","Satışları kilitleyecek hesap dönemleri: {0}"
"Action taken","Yapılan işlem"
"Add a Sales Person in ERPNext, or set Salesperson at the till to Optional.","ERPNext'te bir Sales Person ekleyin veya Kasada satış elemanı ayarını İsteğe bağlı yapın."
"Add a service charge to every sale (e.g. restaurants / salons).","Her satışa servis ücreti ekle (örn. restoranlar / kuaförler)."
"Add at least one item the customer is taking instead","Müşterinin yerine aldığı en az bir ürün ekleyin"
"Add at least one item to the test basket","Test sepetine en az bir ürün ekleyin"
"Add at least one product row or tick 'Apply on all products'","En az bir ürün satırı ekleyin veya 'Tüm ürünlere uygula' seçeneğini işaretleyin"
"Add the goods being held","Rezerve edilen ürünleri ekleyin"
"Add the items that make up the bundle","Paketi oluşturan ürünleri ekleyin"
"After this date the shop may cancel the hold. Nothing happens automatically.","Bu tarihten sonra mağaza rezervasyonu iptal edebilir. Hiçbir şey otomatik olmaz."
"Alert only, a till is never closed automatically, because a close without a real cash count produces figures nobody can trust.","Yalnızca uyarı, kasa asla otomatik kapatılmaz, çünkü gerçek bir nakit sayımı olmadan yapılan kapanış kimsenin güvenemeyeceği rakamlar üretir."
"All Customers","Tüm Müşteriler"
"Allocated Price","Dağıtılan Fiyat"
"Allocated prices add up to {0}, but the Bundle Price is {1}, they must match exactly","Dağıtılan fiyatların toplamı {0}, ancak Paket Fiyatı {1}. Tam olarak eşleşmeleri gerekir"
"Allow a refund to be parked on the customer's Store Credit instead of handing money back. Turn OFF if shop policy is money-back only. Note: credit the customer actually SPENT on that sale can always be returned to credit (capped at what they spent), otherwise a credit-paid sale would have no refund method at all.","Para geri vermek yerine iadenin müşterinin Mağaza Bakiyesine aktarılmasına izin ver. Mağaza politikası yalnızca para iadesiyse KAPATIN. Not: müşterinin o satışta gerçekten HARCADIĞI bakiye her zaman bakiyeye iade edilebilir (harcadığı tutarla sınırlı), aksi halde bakiyeyle ödenen bir satışın hiçbir iade yöntemi olmazdı."
"Allow a single discount on the whole cart (subject to the discount limit + edit-price role).","Tüm sepete tek bir indirime izin ver (indirim sınırına + fiyat düzenleme rolüne tabi)."
"Allow printing an X-report (mid-shift drawer read) without closing the register.","Kasayı kapatmadan X raporu (vardiya ortası çekmece okuması) yazdırmaya izin ver."
"Allow refund as","Şu şekilde iadeye izin ver"
"Allow refunding to Store Credit","Mağaza Bakiyesine iadeye izin ver"
"Allow refunding to this mode","Bu yönteme iadeye izin ver"
"Always positive. Earn adds, the rest remove.","Her zaman pozitif. Kazanım ekler, diğerleri düşer."
"Always positive; Issue adds to the balance, Redeem subtracts","Her zaman pozitif. Yükleme bakiyeye ekler, Kullanım düşer"
"Amount must be positive, use Entry Type to add or subtract","Tutar pozitif olmalıdır, eklemek veya düşmek için Kayıt Türünü kullanın"
"An accounting period is meant to lock a month that is over. In ERPNext, Accounting Period: delete one made ahead of time (ERPNext 15 and 16 do not let anyone edit a period that has not ended), or untick Sales Invoice and Journal Entry in it.","Hesap dönemi, bitmiş bir ayı kilitlemek içindir. ERPNext'te, Hesap Dönemi: önceden oluşturulmuş olanı silin (ERPNext 15 ve 16 bitmemiş bir dönemin düzenlenmesine izin vermez) ya da içinde Satış Faturası ve Defter Girişi işaretlerini kaldırın."
"An approved request can still return it","Onaylanmış bir talep yine de iade edebilir"
"An end time EARLIER than (or equal to) the start means the shift crosses midnight.","Başlangıçtan ÖNCE (veya ona eşit) olan bir bitiş saati, vardiyanın gece yarısını geçtiği anlamına gelir."
"An exchange cannot be put on account.","Değişim veresiye yazılamaz."
"An item tag (the tags you add to items in ERPNext)","Bir ürün etiketi (ERPNext'te ürünlere eklediğiniz etiketler)"
"Any named customer","Kayıtlı her müşteri"
"Anyone holding this role passes. Leave blank to name a single person instead.","Bu role sahip herkes geçer. Bunun yerine tek bir kişi belirtmek için boş bırakın."
"Applies to this group AND everything under it.","Bu gruba VE altındaki her şeye uygulanır."
"Apply on all products","Tüm ürünlere uygula"
"Approver Name","Onaylayan Adı"
"Approver Role (for requests)","Onaylayan Rolü (talepler için)"
"Ask for a reason above","Şunun üzerinde neden sor"
"Ask for a reset code first.","Önce bir sıfırlama kodu isteyin."
"Asset account for what other companies of the group owe this one for customer balances spent here. Created automatically when empty.","Gruptaki diğer şirketlerin, burada harcanan müşteri bakiyeleri için bu şirkete borçlu olduğu tutarın varlık hesabı. Boşsa otomatik oluşturulur."
"At least one payment is required","En az bir ödeme gerekli"
"Audit log","Denetim günlüğü"
"Auto-lock after (minutes)","Otomatik kilit süresi (dakika)"
"Auto-lock after this many minutes of inactivity (0 = manual lock only).","Bu kadar dakika işlem yapılmazsa otomatik kilitle (0 = yalnızca elle kilit)."
"Automatic rate status","Otomatik kur durumu"
"Background jobs are switched off on this site","Bu sitede arka plan işleri kapalı"
"Basket Discount Type","Sepet İndirim Türü"
"Basket Discount Value","Sepet İndirim Değeri"
"Basket Discount Value must be greater than zero","Sepet İndirim Değeri sıfırdan büyük olmalıdır"
"Block regular returns after the return window below. Past the window, the cashier can send a return-approval request that an Approver Role holder approves while the register is open.","Aşağıdaki iade süresinden sonra normal iadeleri engelle. Süre geçince kasiyer, kasa açıkken Onaylayan Rolü sahibinin onaylayacağı bir iade onay talebi gönderebilir."
"Blocked Mode of Payment","Engellenen Ödeme Yöntemi"
"Bundle Price","Paket Fiyatı"
"Bundle Price must be greater than zero","Paket Fiyatı sıfırdan büyük olmalıdır"
"Bundle Price only: units of this product required per bundle","Yalnızca Paket Fiyatı için: paket başına gereken bu ürün adedi"
"Bundle {0} does not exist","{0} paketi mevcut değil"
"Bundle {0} is inactive","{0} paketi etkin değil"
"Bundle {0} is incomplete, it needs exactly: {1}","{0} paketi eksik, tam olarak şunları gerektirir: {1}"
"Bundle {0} is not offered at {1}","{0} paketi {1} şubesinde sunulmuyor"
"Bundle {0} is not valid today","{0} paketi bugün geçerli değil"
"Buy Quantity","Alınan Miktar"
"Buy Quantity must be at least 1","Alınan Miktar en az 1 olmalıdır"
"Buy X Get Y","X Alana Y"
"Cache only in-stock items for offline use","Çevrimdışı kullanım için yalnızca stokta olan ürünleri önbelleğe al"
"Calculate discount on","İndirimin hesaplanacağı fiyat"
"Can","Yapabileceği işlem"
"Can combine with other cashback rules","Diğer cashback kurallarıyla birleşebilir"
"Can combine with other promotions","Diğer kampanyalarla birleşebilir"
"Cap on the cashback from one sale (0 = no cap). Applies to a percentage.","Bir satıştan kazanılabilecek en fazla cashback (0 = sınır yok). Yüzde için geçerlidir."
"Card Number","Kart Numarası"
"Card or transfer counted as cash","Kart veya havale nakit sayıldı"
"Cart JSON","Sepet JSON"
"Cart Total","Sepet Toplamı"
"Cart is empty","Sepet boş"
"Cart lines / invoice summary captured when the request was raised.","Talep oluşturulduğunda kaydedilen sepet satırları / fatura özeti."
"Cash Float","Nakit Açılış Tutarı"
"Cash In","Para Girişi"
"Cash In / Out","Para Girişi / Çıkışı"
"Cash Movements","Nakit Hareketleri"
"Cash Out","Para Çıkışı"
"Cash in / out","Para girişi / çıkışı"
"Cash in this currency","Bu para birimindeki nakit"
"Cash paid out without a record","Kayıtsız nakit çıkışı"
"Cash variance on {0} ({1})","Nakit farkı: {0} ({1})"
"Cashback","Cashback"
"Cashback Expense Account","Cashback Gider Hesabı"
"Cashback Liability Account","Cashback Yükümlülük Hesabı"
"Cashback Rule","Cashback Kuralı"
"Cashback Type","Cashback Türü"
"Cashback balance is too low to redeem {0}","Cashback bakiyesi {0} kullanmak için yetersiz"
"Cashback balance is {0}, cannot redeem {1}","Cashback bakiyesi {0}, {1} kullanılamaz"
"Cashier Name","Kasiyer Adı"
"Change at this outlet comes from {0}, which is in {1}: a sale in {2} cannot give change from it. Take the exact amount, or set the outlet's Account for Change Amount (POS Profile) to an account in {3}.","Bu şubede para üstü {0} hesabından verilir ve bu hesap {1} cinsindendir: {2} cinsinden bir satış bu hesaptan para üstü veremez. Tam tutarı alın veya şubenin Para Üstü Hesabını (POS Profili) {3} cinsinden bir hesap olarak ayarlayın."
"Change given in another currency cannot reach the books","Başka para biriminde verilen para üstü muhasebeye işlenemez"
"Change given in this currency","Para üstü bu para biriminde verildi"
"Check the site's background workers (on Frappe Cloud, the bench's Jobs).","Sitenin arka plan süreçlerini kontrol edin (Frappe Cloud'da bench'in Jobs bölümü)."
"Choose exactly what each receipt shows.","Her fişin tam olarak neyi göstereceğini seçin."
"Choose the company this program belongs to","Bu programın ait olduğu şirketi seçin"
"Choose the customer: a sale on account needs a named customer, not the walk-in customer.","Müşteriyi seçin: veresiye satış için kayıtlı bir müşteri gerekir, perakende müşteri olmaz."
"Choose the sale to take back","Geri alınacak satışı seçin"
"Choose the {0} this rule applies to","Bu kuralın uygulanacağı {0} seçin"
"Close the register","Kasayı kapat"
"Close the shifts they belong to. A shift stuck in Closing shows above.","Ait oldukları vardiyaları kapatın. Kapanışta takılan bir vardiya yukarıda gösterilir."
"Close them from the Register page (a manager can close anyone's).","Kasa sayfasından kapatın (bir yönetici herkesinkini kapatabilir)."
"Close them in ERPNext (POS Closing Entry) or cancel them if they hold no sales.","ERPNext'te kapatın (POS Closing Entry) veya satış içermiyorlarsa iptal edin."
"Close your open shift first: {0}. This shop allows one open shift per person at a time.","Önce açık vardiyanızı kapatın: {0}. Bu mağaza aynı anda kişi başına tek açık vardiyaya izin verir."
"Closed At","Kapanış Zamanı"
"Closed by","Kapatan"
"Closing Attempts","Kapanış Denemeleri"
"Closing Counts","Kapanış Sayımları"
"Closing Error","Kapanış Hatası"
"Closing Note","Kapanış Notu"
"Closing Started At","Kapanış Başlangıcı"
"Closing Status","Kapanış Durumu"
"Closing figures out of date","Kapanış rakamları güncel değil"
"Compact","Kompakt"
"Companies of the group","Grup şirketleri"
"Company Accounts","Şirket Hesapları"
"Company customers","Kurumsal müşteriler"
"Complete the outlet's POS Profile in ERPNext.","Şubenin POS Profile kaydını ERPNext'te tamamlayın."
"Consolidation","Birleştirme"
"Consolidation Error","Birleştirme Hatası"
"Consolidation failed","Birleştirme başarısız oldu"
"Could not reach printer at {0}:{1} ({2})","{0}:{1} adresindeki yazıcıya ulaşılamadı ({2})"
"Counted","Sayılan"
"Counting mistake","Sayım hatası"
"Coupon","Kupon"
"Coupon code {0} is already used by {1}","{0} kupon kodu zaten {1} tarafından kullanılıyor"
"Create a POS Profile in ERPNext.","ERPNext'te bir POS Profile oluşturun."
"Currencies the till sells in","Kasanın satış yaptığı para birimleri"
"Currency {0} is not set up","{0} para birimi ayarlanmamış"
"Custom Fields (JSON)","Özel Alanlar (JSON)"
"Customer Eligibility","Müşteri Uygunluğu"
"Customer balances across companies","Şirketler arası müşteri bakiyeleri"
"Customer currency","Müşteri para birimi"
"Customer deposits account","Müşteri kapora hesabı"
"Customer group eligibility","Müşteri grubu uygunluğu"
"Customer has {0} loyalty points, cannot redeem {1}","Müşterinin {0} ödül puanı var, {1} puan kullanılamaz"
"Customer name is required","Müşteri adı zorunludur"
"Customer pays this for the whole bundle; the saving is split across the component lines (kept separate so each item can be returned individually)","Müşteri tüm paket için bunu öder. İndirim bileşen satırlarına dağıtılır (her ürün ayrı ayrı iade edilebilsin diye ayrı tutulur)"
"Customer pays this total for one full set of the products listed above (use the Qty column for multiples). Items stay separate lines on the invoice.","Müşteri yukarıda listelenen ürünlerin tam bir seti için bu toplamı öder (birden fazla adet için Miktar sütununu kullanın). Ürünler faturada ayrı satırlar olarak kalır."
"Customer {0} is not enrolled in a loyalty program","{0} müşterisi bir ödül programına kayıtlı değil"
"Customer {0} not found","{0} müşterisi bulunamadı"
"Customer-facing display","Müşteri ekranı"
"Customers allowed on their card","Kartında izin verilen müşteriler"
"Customers allowed on their card: only customers marked ""Allow sales on account at the till"". Any named customer: everyone but the walk-in customer.","Kartında izin verilen müşteriler: yalnızca ""Allow sales on account at the till"" işaretli müşteriler. Kayıtlı her müşteri: perakende müşteri dışında herkes."
"Daily time window","Günlük saat aralığı"
"Date window ({0} → {1})","Tarih aralığı ({0} → {1})"
"Days Closed While the Shift Ran","Vardiya Sürerken Kapatılan Günler"
"Days after the sale during which a regular return is allowed. 0 = no time limit.","Satıştan sonra normal iadeye izin verilen gün sayısı. 0 = süre sınırı yok."
"Days of Week","Haftanın Günleri"
"Decided At","Karar Zamanı"
"Decided By","Karar Veren"
"Decision","Karar"
"Decision Note","Karar Notu"
"Default credit limit","Varsayılan bakiye limiti"
"Delete Demo Data","Demo Verilerini Sil"
"Delivery Apps","Teslimat Uygulamaları"
"Deposit for hold {0}","{0} rezervasyonu için kapora"
"Deposit item","Kapora ürünü"
"Deposits are taxable when taken","Kapora alındığında vergilendirilir"
"Detail","Ayrıntı"
"Detailed","Ayrıntılı"
"Discount Approval","İndirim Onayı"
"Discount Approvers","İndirim Onaylayanları"
"Discount Limit (%)","İndirim Sınırı (%)"
"Discount Type is required for a Simple Discount","Basit İndirim için İndirim Türü zorunludur"
"Discount Value","İndirim Değeri"
"Discount Value must be greater than zero","İndirim Değeri sıfırdan büyük olmalıdır"
"Discount approved by {0}","İndirimi onaylayan: {0}"
"Discount requests are turned off. Ask a manager for the passcode.","İndirim talepleri kapalı. Onay şifresi için bir yöneticiye başvurun."
"Drawer","Çekmece"
"Due from group companies","Grup şirketlerinden alacaklar"
"Due to group companies","Grup şirketlerine borçlar"
"ERPNext 16 lets an outlet sell with only one open shift, and {0} still has one:","ERPNext 16, bir şubenin yalnızca tek bir açık vardiyayla satış yapmasına izin verir ve {0} şubesinde hâlâ açık bir vardiya var:"
"ERPNext 16 sells only on an opening entry opened today, one per outlet.","ERPNext 16 yalnızca bugün açılmış bir POS Açılış Kaydı ile satış yapar, şube başına bir tane."
"ERPNext 16 takes sales only on a POS Opening Entry opened the same day. A shift that sold on past midnight closed each earlier day in ERPNext and opened the next, and was counted once, at its own close.","ERPNext 16 yalnızca aynı gün açılmış bir POS Açılış Kaydı üzerinde satış kabul eder. Gece yarısından sonra da satış yapan bir vardiya, önceki her günü ERPNext'te kapattı ve sonrakini açtı, kendi kapanışında da bir kez sayıldı."
"ERPNext 16 takes sales only on a shift opened the same day. On (the default): at the first sale after midnight LumenPOS closes the day in ERPNext and opens the next one by itself, and the shift carries on and is counted once, at its own close. Off: a shift from an earlier day has to be closed before it can sell again. Set from the till: Settings, General, Register and shifts.","ERPNext 16 yalnızca aynı gün açılmış bir vardiyada satış kabul eder. Açık (varsayılan): gece yarısından sonraki ilk satışta LumenPOS günü ERPNext'te kapatır ve sonrakini kendisi açar, vardiya devam eder ve kendi kapanışında bir kez sayılır. Kapalı: önceki bir günden kalan vardiya, yeniden satış yapabilmesi için kapatılmalıdır. Kasadan ayarlanır: Ayarlar, Genel, Kasa ve vardiyalar."
"ERPNext Days","ERPNext Günleri"
"ERPNext accepts the till's invoices","ERPNext kasanın faturalarını kabul ediyor"
"ERPNext adds a missing item price from a sale","ERPNext eksik bir ürün fiyatını satıştan ekler"
"ERPNext is set not to record change as its own ledger entry (Create Ledger Entries for Change Amount, in POS Settings on ERPNext 16 and Accounts Settings before), so change can only come back in local money from the drawer the customer paid into. Turn that on, or take the exact amount.","ERPNext, para üstünü ayrı bir defter kaydı olarak tutmayacak şekilde ayarlanmış (Para Üstü Tutarı için Defter Kaydı Oluştur, ERPNext 16'da POS Ayarlarında, öncesinde Muhasebe Ayarlarında), bu yüzden para üstü yalnızca yerel parayla, müşterinin ödeme yaptığı çekmeceden verilebilir. Bu ayarı açın veya tam tutarı alın."
"ERPNext is set to make Sales Invoices from the POS (POS Settings, Invoice Type Created via POS Screen), so it refuses the POS Invoices this outlet makes. Set it to POS Invoice, or set the outlet to Sales Invoice (POS Profile, LumenPOS).","ERPNext, POS'tan Satış Faturası oluşturacak şekilde ayarlanmış (POS Ayarları, POS Ekranından Oluşturulan Fatura Türü), bu yüzden bu şubenin oluşturduğu POS Faturalarını reddediyor. Bunu POS Faturası olarak ayarlayın veya şubeyi Satış Faturası olarak ayarlayın (POS Profili, LumenPOS)."
"ERPNext refuses POS Invoices on this site","ERPNext bu sitede POS Faturalarını reddediyor"
"ERPNext refuses what an accounting period locks on its dates. A shift cannot close, because the close posts its sales as a Sales Invoice.","ERPNext, bir hesap döneminin kilitlediği belgeleri o dönemin tarihlerinde reddeder. Vardiya kapatılamaz, çünkü kapanış satışlarını bir Satış Faturası olarak kaydeder."
"ERPNext {0} has not been tested with LumenPOS","ERPNext {0}, LumenPOS ile test edilmedi"
"ERPNext {0} is newer than the release LumenPOS was last tested on ({1})","ERPNext {0}, LumenPOS'un en son test edildiği sürümden ({1}) daha yeni"
"ERPNext {0}, tested with LumenPOS","ERPNext {0}, LumenPOS ile test edildi"
"ERPNext's day could not be closed for this shift ({0}). Close the shift on the Register screen and open a new one.","Bu vardiya için ERPNext günü kapatılamadı ({0}). Vardiyayı Kasa ekranından kapatın ve yeni bir vardiya açın."
"ERPNext's day was closed at {0} while this shift sold on past midnight: POS Closing Entry {1} holds its {2} sales, and POS Opening Entry {3} opens the next day. The drawer is counted once, when the shift closes.","Bu vardiya gece yarısından sonra da satış yaptığı için ERPNext günü {0} itibarıyla kapatıldı: {1} numaralı POS Kapanış Kaydı vardiyanın {2} satışını içerir ve {3} numaralı POS Açılış Kaydı sonraki günü açar. Çekmece, vardiya kapanırken bir kez sayılır."
"Each manager gets their own passcode; the approver's name is recorded on the invoice. The single Manager Passcode above still works as a master code.","Her yöneticinin kendi onay şifresi olur, onaylayanın adı faturaya kaydedilir. Yukarıdaki tek Yönetici Onay Şifresi ana kod olarak çalışmaya devam eder."
"Earn","Kazanım"
"Earned cashback expires this many days after it becomes usable (0 = never expires)","Kazanılan cashback, kullanılabilir hale geldikten bu kadar gün sonra sona erer (0 = hiç sona ermez)"
"Earning and redemption rates must be greater than zero","Kazanım ve kullanım oranları sıfırdan büyük olmalıdır"
"Edit price / discount","Fiyat / indirim düzenle"
"Edit price / discount role","Fiyat / indirim düzenleme rolü"
"Either give every component an Allocated Price or leave them all empty","Ya her bileşene bir Dağıtılan Fiyat verin ya da hepsini boş bırakın"
"Eligibility","Uygunluk"
"Email a role when a closing count differs from expected by more than the threshold. Records and notifies, it never blocks the close.","Kapanış sayımı beklenenden eşikten fazla farklı olduğunda bir role e-posta gönder. Kaydeder ve bildirir, kapanışı asla engellemez."
"Email an alert on a large closing variance","Kapanışta büyük fark olursa e-posta ile uyar"
"Email an alert when a shift is left open","Bir vardiya açık bırakılırsa e-posta ile uyar"
"Email receipt","Fişi e-posta ile gönder"
"Email receipts are turned off (Settings → Features).","E-posta ile fiş gönderme kapalı (Ayarlar → Özellikler)."
"Empty: every company. Set: every outlet of this company, unless outlets are chosen below.","Boş: tüm şirketler. Ayarlı: aşağıda şube seçilmedikçe bu şirketin tüm şubeleri."
"Empty: the built-in form. Name and mobile for everyone; for companies also the tax ID and the Saudi national address.","Boş: yerleşik form. Herkes için ad ve cep telefonu, şirketler için ayrıca vergi numarası ve Suudi ulusal adresi."
"Empty: the main cash drawer.","Boş: ana kasa çekmecesi."
"Enable Cashback","Cashback'i Etkinleştir"
"Enable Insights","Insights'ı Etkinleştir"
"Enable a second-screen customer-facing display (mirrors the cart on another monitor/window).","İkinci ekranda müşteri ekranını etkinleştir (sepeti başka bir monitöre/pencereye yansıtır)."
"Enable holds and deposits","Rezervasyon ve kaporayı etkinleştir"
"Enable the scheduler (bench enable-scheduler, or ask the hosting provider).","Zamanlayıcıyı etkinleştirin (bench enable-scheduler veya barındırma sağlayıcısından isteyin)."
"End Date cannot be before Start Date","Bitiş Tarihi, Başlangıç Tarihinden önce olamaz"
"Ends","Bitiş"
"Enter a coupon code","Bir kupon kodu girin"
"Enter a name for the price list","Fiyat listesi için bir ad girin"
"Enter the amount the customer is paying","Müşterinin ödediği tutarı girin"
"Enter the amount the customer pays.","Müşterinin ödediği tutarı girin."
"Enter the gift card amount","Hediye kartı tutarını girin"
"Enter your current PIN to change it.","Değiştirmek için mevcut PIN'inizi girin."
"Entry of the company that issued it","Veren şirketin kaydı"
"Entry of the company that spent it","Harcandığı şirketin kaydı"
"Every Day","Her Gün"
"Every sale will be refused.","Her satış reddedilecek."
"Exceed return window role","İade süresini aşma rolü"
"Exchange goods","Ürün değiştir"
"Exchange rate","Döviz kuru"
"Exchange role","Değişim rolü"
"Exchanges are in {0} only. For a sale in {1}, refund it and ring the new goods up as a new sale.","Değişimler yalnızca {0} cinsinden yapılır. {1} cinsinden bir satış için satışı iade edin ve yeni ürünleri yeni bir satış olarak okutun."
"Exclude","Hariç tut"
"Exclude these items instead of including them","Bu ürünleri dahil etmek yerine hariç tut"
"Expected Takings Pending","Beklenen Hasılat Bekliyor"
"Expected to end","Beklenen bitiş"
"Expire","Süre dolumu"
"Extra allowed refund methods. Example: if paid with Mada, allow refund as Cash. A method can always be refunded to itself, so you only add the exceptions.","Ek izin verilen iade yöntemleri. Örnek: Kart ile ödendiyse Nakit olarak iadeye izin ver. Bir yöntem her zaman kendisine iade edilebilir, bu yüzden yalnızca istisnaları eklersiniz."
"Extra line under the company name (e.g. branch / slogan).","Şirket adının altında ek satır (örn. şube / slogan)."
"Failed Attempts","Başarısız Denemeler"
"Fallback: hours after opening","Yedek kural: açılıştan sonraki saat"
"Features","Özellikler"
"Fields on the new customer form","Yeni müşteri formundaki alanlar"
"Fill in: {0}","Doldurun: {0}"
"Fixed Price","Sabit Fiyat"
"Fixed at","Sabitlenme zamanı"
"Fixed with the rate: the shift gives the change of a sale in this currency from that currency's own drawer.","Kurla birlikte sabitlenir: vardiya bu para birimindeki bir satışın para üstünü o para biriminin kendi çekmecesinden verir."
"Fixed: the rate the shop sets. Automatic: updated once a day, when automatic rates are switched on in LumenPOS Settings.","Sabit: mağazanın belirlediği kur. Otomatik: LumenPOS Ayarlarında otomatik kurlar açıksa günde bir kez güncellenir."
"Footer line (e.g. thank-you, social).","Alt bilgi satırı (örn. teşekkür, sosyal medya)."
"For a customer with no credit limit of their own in ERPNext (on the customer, its group or the company), in the company's currency. 0 = no limit.","ERPNext'te kendi bakiye limiti olmayan (müşteride, grubunda veya şirkette) bir müşteri için, şirketin para biriminde. 0 = limit yok."
"For an Earn row: the unspent, unexpired part still available.","Kazanım satırı için: harcanmamış ve süresi dolmamış, hâlâ kullanılabilir kısım."
"For example: hygiene items cannot be returned once opened.","Örneğin: hijyen ürünleri açıldıktan sonra iade edilemez."
"Free","Ücretsiz"
"From their first day, shifts cannot close.","İlk günlerinden itibaren vardiyalar kapatılamaz."
"Fully Used","Tamamen Kullanıldı"
"Generate at most 5000 coupons at a time","Tek seferde en fazla 5000 kupon oluşturun"
"Generated {0}","Oluşturuldu: {0}"
"Get","Kazan"
"Get Quantity","Kazanılan Miktar"
"Get Quantity must be at least 1","Kazanılan Miktar en az 1 olmalıdır"
"Gift Card Expiry (days)","Hediye Kartı Geçerlilik Süresi (gün)"
"Gift Card Item","Hediye Kartı Ürünü"
"Gift Card Liability Account","Hediye Kartı Yükümlülük Hesabı"
"Gift Card Mode of Payment","Hediye Kartı Ödeme Yöntemi"
"Gift Cards","Hediye Kartları"
"Gift card payments don't match the scanned cards","Hediye kartı ödemeleri okutulan kartlarla eşleşmiyor"
"Gift card {0} already exists","{0} numaralı hediye kartı zaten mevcut"
"Gift card {0} expired on {1}","{0} numaralı hediye kartının süresi {1} tarihinde doldu"
"Gift card {0} has {1} left, cannot redeem {2}","{0} numaralı hediye kartında {1} kaldı, {2} kullanılamaz"
"Gift card {0} is {1}","{0} numaralı hediye kartının durumu: {1}"
"Gift card {0} not found","{0} numaralı hediye kartı bulunamadı"
"Gift card {0} was issued by {1} and is used at its outlets only.","{0} numaralı hediye kartını {1} verdi ve yalnızca onun şubelerinde kullanılır."
"Gift cards","Hediye kartları"
"Gift cards, cashback and store credit. Shared: spendable at any company of the group with the same currency, each company's books kept right by an Inter Company Journal Entry. Separate: spendable only at the company that issued it.","Hediye kartları, cashback ve mağaza bakiyesi. Ortak: aynı para birimini kullanan gruptaki herhangi bir şirkette harcanabilir, her şirketin defterleri bir Şirketler Arası Defter Girişi ile doğru tutulur. Ayrı: yalnızca veren şirkette harcanabilir."
"Gift cards, store credit, cashback and loyalty points","Hediye kartları, mağaza bakiyesi, cashback ve ödül puanları"
"Give change in this currency","Para üstünü bu para biriminde ver"
"Give customers cashback on qualifying sales, configured in POS Cashback Rule. Turning this off stops earning and hides the page.","Koşulu sağlayan satışlarda müşterilere cashback verin, POS Cashback Kuralı içinde yapılandırılır. Bunu kapatmak kazanımı durdurur ve sayfayı gizler."
"Give the loyalty program a name","Ödül programına bir ad verin"
"Global fallback income account for the service charge. Prefer a per-company account under Company Accounts.","Servis ücreti için genel yedek gelir hesabı. Şirket Hesapları altında şirket başına bir hesap tercih edin."
"Goods handed over on {0}","Ürünler teslim edildi: {0}"
"Goods on hold","Rezerve ürünler"
"Grace period (minutes)","Tolerans süresi (dakika)"
"Grouped, most frequent first.","Gruplandı, en sık görülenler önce."
"HOLD-.YYYY.-","HOLD-.YYYY.-"
"Hand these goods over at {0}, where they are kept.","Bu ürünleri saklandıkları yerde, {0} şubesinde teslim edin."
"Handed Over At","Teslim Zamanı"
"Handed Over On Invoice","Teslim Faturası"
"Help in the till","Kasada yardım"
"Higher priority wins when two exclusive promotions give the same savings","Birleştirilemeyen iki kampanya aynı indirimi sağladığında yüksek öncelikli olan kazanır"
"Higher wins when two non-combinable rules both match","Birleştirilemeyen iki kural birlikte eşleştiğinde yüksek olan kazanır"
"Hold Until","Rezervasyon Bitişi"
"Hold cancelled","Rezervasyon iptal edildi"
"Hold goods for (days)","Rezervasyon süresi (gün)"
"Hold goods for a customer","Müşteri için ürün rezerve et"
"Hold {0} belongs to another company","{0} rezervasyonu başka bir şirkete ait"
"Hold {0} belongs to {1}. Serve it at one of its outlets.","{0} rezervasyonu {1} şirketine ait. Bu şirketin şubelerinden birinde işlem yapın."
"Hold {0} handed over","{0} rezervasyonu teslim edildi"
"Holds and deposits","Rezervasyon ve kapora"
"Holds and deposits are switched off for this shop","Bu mağazada rezervasyon ve kapora kapalı"
"How a cashier clears an over-limit discount. Passcode only = a manager enters the passcode at the till. Request only = the cashier sends a request a role-holder approves while the register is open. Passcode or request = either.","Kasiyerin sınırı aşan bir indirimi nasıl onaylatacağı. Yalnızca şifre = bir yönetici kasada onay şifresini girer. Yalnızca talep = kasiyer, kasa açıkken rol sahibinin onaylayacağı bir talep gönderir. Şifre veya talep = ikisinden biri."
"How long a hold runs before the shop may cancel it. 0 = no limit. Nothing is cancelled automatically.","Mağazanın iptal edebilmesinden önce bir rezervasyonun ne kadar süreceği. 0 = sınır yok. Hiçbir şey otomatik iptal edilmez."
"How long after the scheduled end before alerting.","Planlanan bitişten ne kadar sonra uyarılacağı."
"How many coupons should I generate?","Kaç kupon oluşturayım?"
"How many times each code may be redeemed. 1 = single use, 0 = unlimited (until it expires).","Her kodun kaç kez kullanılabileceği. 1 = tek kullanımlık, 0 = sınırsız (süresi dolana kadar)."
"If paid with","Şununla ödendiyse"
"If you cannot close it, a manager can close it for you from that outlet's Register page.","Kapatamıyorsanız, bir yönetici o şubenin Kasa sayfasından sizin için kapatabilir."
"Imported {0}","İçe aktarıldı: {0}"
"Individual customers","Bireysel müşteriler"
"Initial Amount","Başlangıç Tutarı"
"Insights","Insights"
"Insights are turned off in LumenPOS Settings","Insights, LumenPOS Ayarlarında kapalı"
"Instalments","Ödemeler"
"Inter Company Journal Entries","Şirketler Arası Defter Girişleri"
"Invalid or expired coupon code","Geçersiz veya süresi dolmuş kupon kodu"
"Invoice Age (days)","Fatura Yaşı (gün)"
"Invoice type","Fatura türü"
"Issued On Invoice","Verildiği Fatura"
"Issued by","Veren"
"Items shown as one-tap buttons on the sell screen.","Satış ekranında tek dokunuşluk düğmeler olarak gösterilen ürünler."
"JSON list of dynamic receipt fields sourced from the POS Profile or the sale invoice (managed from the POS Settings page). Each: {source, fieldname, label, render, position}.","POS Profilinden veya satış faturasından alınan dinamik fiş alanlarının JSON listesi (POS Ayarları sayfasından yönetilir). Her biri: {source, fieldname, label, render, position}."
"Keep a shift open past midnight","Vardiyayı gece yarısından sonra da açık tut"
"Languages","Diller"
"Languages at the till","Kasadaki diller"
"Last error","Son hata"
"Late return approved by {0}","Geç iadeyi onaylayan: {0}"
"Leave empty for all customers","Tüm müşteriler için boş bırakın"
"Leave empty for all outlets","Tüm şubeler için boş bırakın"
"Leave empty to apply at every outlet","Tüm şubelerde uygulamak için boş bırakın"
"Leave empty to apply at every outlet.","Tüm şubelerde uygulamak için boş bırakın."
"Leave empty to run in all outlets","Tüm şubelerde geçerli olması için boş bırakın"
"Legacy flag (superseded by Use Limit). Kept for older codes.","Eski işaret (yerini Kullanım Sınırı aldı). Eski kodlar için tutulur."
"Legacy/internal, price books now store item prices directly below.","Eski/dahili alan, fiyat defterleri artık ürün fiyatlarını doğrudan aşağıda saklar."
"Liability account for customer deposits. Blank = LumenPOS creates 'Customer Deposits'. A per-company account can be set in Company Accounts.","Müşteri kaporaları için yükümlülük hesabı. Boş = LumenPOS 'Customer Deposits' hesabını oluşturur. Şirket başına bir hesap Şirket Hesapları içinde ayarlanabilir."
"Liability account for what this company owes others of the group for its customer balances spent there. Created automatically when empty.","Bu şirketin, müşteri bakiyeleri diğer grup şirketlerinde harcandığı için onlara borçlu olduğu tutarın yükümlülük hesabı. Boşsa otomatik oluşturulur."
"Liability account that backs gift cards (selling a card increases it, redeeming decreases it). Leave empty to auto-create ""Gift Cards"".","Hediye kartlarını karşılayan yükümlülük hesabı (kart satışı artırır, kullanım azaltır). ""Gift Cards"" hesabını otomatik oluşturmak için boş bırakın."
"Liability account this company holds customer deposits in. Blank = LumenPOS creates 'Customer Deposits'.","Bu şirketin müşteri kaporalarını tuttuğu yükümlülük hesabı. Boş = LumenPOS 'Customer Deposits' hesabını oluşturur."
"Limit regular returns to a time window","Normal iadeleri bir süreyle sınırla"
"List the products that make up the bundle","Paketi oluşturan ürünleri listeleyin"
"Load","Yükleme"
"Lock screen (PIN to unlock)","Ekran kilidi (açmak için PIN)"
"Lock the till behind a PIN (a manager/approver PIN, or any manager). Protects an unattended register.","Kasayı PIN ile kilitle (yönetici/onaylayan PIN'i veya herhangi bir yönetici). Başında kimse olmayan kasayı korur."
"Logo shown at the top of the printed/on-screen receipt.","Yazdırılan/ekrandaki fişin üstünde gösterilen logo."
"Lookup not allowed for {0}","{0} için arama yapılamaz"
"Lumen Reports could not set up the dashboard","Lumen Reports panoyu kuramadı"
"Lumen Reports could not set up the dashboard on this site: {0}","Lumen Reports bu sitede panoyu kuramadı: {0}"
"Lumen Reports is not installed on this site","Lumen Reports bu sitede kurulu değil"
"Lumen Reports needs Frappe v{0} or newer","Lumen Reports için Frappe v{0} veya daha yenisi gerekir"
"LumenPOS","LumenPOS"
"LumenPOS Audit Log","LumenPOS Denetim Günlüğü"
"LumenPOS Cashier","LumenPOS Cashier"
"LumenPOS Company Setting","LumenPOS Şirket Ayarı"
"LumenPOS Manager","LumenPOS Manager"
"LumenPOS Payment Method Rule","LumenPOS Ödeme Yöntemi Kuralı"
"LumenPOS Profile Receipt","LumenPOS Profil Fişi"
"LumenPOS Settings","LumenPOS Ayarları"
"LumenPOS User PIN","LumenPOS Kullanıcı PIN'i"
"LumenPOS background jobs failed in the last 7 days","LumenPOS arka plan işleri son 7 günde başarısız oldu"
"LumenPOS background jobs have not run since {0}","LumenPOS arka plan işleri {0} tarihinden beri çalışmadı"
"LumenPOS cashback for {0} ({1}): {2} earned on {3} sales, {4} expired or returned on {5} entries.","{0} için LumenPOS cashback ({1}): {3} satışta {2} kazanıldı, {5} kayıtta {4} süresi doldu veya iade edildi."
"LumenPOS could not use ERPNext's {0} on this version of ERPNext ({1}). This usually means the site is running an ERPNext release LumenPOS has not been updated for yet, please report it to hello@lumen-solutions.co with this message.","LumenPOS, ERPNext'in bu sürümünde ({1}) ERPNext'in {0} işlevini kullanamadı. Bu genellikle sitenin, LumenPOS'un henüz uyarlanmadığı bir ERPNext sürümünü çalıştırdığı anlamına gelir. Lütfen bu mesajla birlikte hello@lumen-solutions.co adresine bildirin."
"LumenPOS errors in the last 7 days: {0}","Son 7 gündeki LumenPOS hataları: {0}"
"LumenPOS is tested on ERPNext 13 to 16.","LumenPOS, ERPNext 13 ile 16 arasında test edilir."
"Make returns","İade yap"
"Make returns role","İade yapma rolü"
"Manager Passcode","Yönetici Onay Şifresi"
"Manual discounts above this percentage need approval. 0 disables the check.","Bu yüzdenin üzerindeki manuel indirimler onay gerektirir. 0 kontrolü kapatır."
"Margin below the published rate","Yayımlanan kurun altındaki marj"
"Max Applications per Sale","Satış Başına En Fazla Uygulama"
"Maximum Cashback","En Fazla Cashback"
"Minimum Spend","En Az Harcama"
"Minimum Spend must be greater than zero","En Az Harcama sıfırdan büyük olmalıdır"
"Minimum deposit (%)","En az kapora (%)"
"Mode of Payment used to redeem gift cards. Leave empty to auto-create/use ""Gift Card"".","Hediye kartlarını kullanmak için kullanılan Ödeme Yöntemi. ""Gift Card"" yöntemini otomatik oluşturmak/kullanmak için boş bırakın."
"Money","Para"
"New customer","Yeni müşteri"
"New customer form","Yeni müşteri formu"
"New gift cards expire this many days after sale. 0 = never expire.","Yeni hediye kartlarının süresi satıştan bu kadar gün sonra dolar. 0 = süresi hiç dolmaz."
"New sales were recorded after the closing screen was loaded. Refresh the closing screen, re-check the counts, then close again.","Kapanış ekranı yüklendikten sonra yeni satışlar kaydedildi. Kapanış ekranını yenileyin, sayımları tekrar kontrol edin, sonra yeniden kapatın."
"No LumenPOS errors in the last 7 days","Son 7 günde LumenPOS hatası yok"
"No POS Profile is assigned to you. Create one and add yourself under Applicable for Users.","Size atanmış bir POS Profili yok. Bir tane oluşturun ve kendinizi Uygulanabilir Kullanıcılar bölümüne ekleyin."
"No account group found for {0} in {1}. Create the account '{0}' in {2} by hand.","{1} içinde {0} için hesap grubu bulunamadı. '{0}' hesabını {2} içinde elle oluşturun."
"No accounting period locks sales","Satışları kilitleyen hesap dönemi yok"
"No codes found in the file","Dosyada kod bulunamadı"
"No email address. Add one to the customer or type it in.","E-posta adresi yok. Müşteriye bir adres ekleyin veya yazın."
"No expense account group found for {0}","{0} için gider hesabı grubu bulunamadı"
"No expense account group found for {0}. Create a cashback expense account and choose it in LumenPOS Settings","{0} için gider hesabı grubu bulunamadı. Bir cashback gider hesabı oluşturun ve LumenPOS Ayarlarında seçin"
"No liability account group found for {0}","{0} için yükümlülük hesabı grubu bulunamadı"
"No liability account group found for {0}, create a 'Store Credit' liability account manually","{0} için yükümlülük hesabı grubu bulunamadı, elle bir 'Store Credit' yükümlülük hesabı oluşturun"
"No liability account group found for {0}, create a '{1}' liability account manually","{0} için yükümlülük hesabı grubu bulunamadı, elle bir '{1}' yükümlülük hesabı oluşturun"
"No liability account group found for {0}. Create a cashback liability account and choose it in LumenPOS Settings","{0} için yükümlülük hesabı grubu bulunamadı. Bir cashback yükümlülük hesabı oluşturun ve LumenPOS Ayarlarında seçin"
"No open register session. Open the register first.","Açık kasa oturumu yok. Önce kasayı açın."
"No outlet (POS Profile) is set up","Hiç şube (POS Profile) ayarlanmamış"
"No receipt printer configured on POS Profile {0}","{0} POS Profilinde ayarlı fiş yazıcısı yok"
"No shift needs attention","Dikkat gerektiren vardiya yok"
"No tax template: sales carry no tax.","Vergi şablonu yok: satışlar vergisiz."
"No warehouse belongs to company {0}. Set a Default Warehouse on the POS Profile (or create a warehouse for this company) before selling gift cards.","{0} şirketine ait depo yok. Hediye kartı satmadan önce POS Profilinde bir Varsayılan Depo belirleyin (veya bu şirket için bir depo oluşturun)."
"No {0} account group found for {1}. Create '{2}' by hand.","{1} için {0} hesap grubu bulunamadı. '{2}' hesabını elle oluşturun."
"Nobody is assigned to it yet (POS Profile, Applicable for Users).","Henüz kimse atanmamış (POS Profile, Applicable for Users)."
"Non-stock item posted when a gift card is sold. Leave empty to auto-create ""GIFT-CARD"".","Hediye kartı satıldığında işlenen stok dışı ürün. ""GIFT-CARD"" ürününü otomatik oluşturmak için boş bırakın."
"Not a LumenPOS tour: {0}","Bu bir LumenPOS turu değil: {0}"
"Not a LumenPOS version: {0}","Bu bir LumenPOS sürümü değil: {0}"
"Not allowed.","İzin verilmiyor."
"Not for the role {0}","{0} rolü hariç"
"Nothing is owed on the sales chosen.","Seçilen satışlarda borç yok."
"Notify role","Bildirilecek rol"
"Number of Sales","Satış Sayısı"
"Off: the till shows nothing about holds at all. A shop that never puts goods aside for a customer does not need the button or the screen.","Kapalı: kasa rezervasyonla ilgili hiçbir şey göstermez. Müşteri için asla ürün ayırmayan bir mağazanın bu düğmeye veya ekrana ihtiyacı yoktur."
"Offer","Fırsat"
"Offer the tour to new staff","Yeni personele tur öner"
"Offline cache only keeps items that have stock in the register's warehouse (smaller, faster cache)","Çevrimdışı önbellek yalnızca kasanın deposunda stoğu olan ürünleri tutar (daha küçük, daha hızlı önbellek)"
"Oldest from {0}. Their stock has not moved yet and they are missing from the accounts.","En eskisi {0} tarihli. Bunların stoğu henüz düşülmedi ve muhasebede yer almıyorlar."
"On (the default): a ? button on every screen of the till opens that screen's help, with short tours over the real buttons.","Açık (varsayılan): kasanın her ekranındaki ? düğmesi o ekranın yardımını, gerçek düğmeler üzerinde kısa turlarla birlikte açar."
"On (the default): after an update, each person sees once what is new for them, with a Show me where a tour exists.","Açık (varsayılan): güncellemeden sonra her kişi kendisi için yeni olanları bir kez görür, tur olan yerlerde Göster düğmesiyle birlikte."
"On (the default): sales and returns made without a connection are sent as soon as the network is back, even with the till closed, where the browser allows it (Chrome, Edge, Android). The till still sends them itself whenever it is open.","Açık (varsayılan): bağlantı olmadan yapılan satışlar ve iadeler, tarayıcının izin verdiği yerlerde (Chrome, Edge, Android) kasa kapalıyken bile ağ geri gelir gelmez gönderilir. Kasa açık olduğunda bunları yine kendisi de gönderir."
"On (the default): someone who has not seen the help yet is offered a short tour the first time they open the till.","Açık (varsayılan): yardımı henüz görmemiş biri, kasayı ilk açtığında kısa bir tur önerisi alır."
"On (the default): the till shows a warning when the browser has not agreed to keep its offline data for good, which it may otherwise clear when space runs low, and asks the browser again on a tap.","Açık (varsayılan): tarayıcı çevrimdışı verileri kalıcı olarak saklamayı kabul etmediğinde kasa bir uyarı gösterir (aksi halde tarayıcı yer azaldığında bu verileri silebilir) ve bir dokunuşla tarayıcıya yeniden sorar."
"On (the default): without a connection, a sale this device made in the same shift can be taken back, refunded in cash or the way the customer paid, never to store credit, a gift card or cashback. The till works out the refund as ERPNext will, and the server checks it again when the connection is back.","Açık (varsayılan): bağlantı olmadan, bu cihazın aynı vardiyada yaptığı bir satış geri alınabilir ve parası nakit olarak veya müşterinin ödediği şekilde iade edilir, asla mağaza bakiyesine, hediye kartına veya cashback'e iade edilmez. Kasa iadeyi ERPNext'in hesaplayacağı gibi hesaplar ve bağlantı geri gelince sunucu yeniden kontrol eder."
"On: a deposit is taxed the moment it is taken (an advance against a known supply), and the tax already declared is deducted at hand-over. Off: the deposit carries no tax and the goods are taxed in full when handed over.","Açık: kapora alındığı anda vergilendirilir (belirli bir teslimat için avans) ve önceden beyan edilen vergi teslimde düşülür. Kapalı: kaporaya vergi uygulanmaz ve ürünler teslim edildiğinde tam olarak vergilendirilir."
"On: a person cannot open a new shift while they still have one open at another outlet. Off (the default): a person may hold shifts at several outlets, and the till only reminds them. Set from the till: Settings, General, Register and shifts.","Açık: başka bir şubede açık vardiyası olan kişi yeni vardiya açamaz. Kapalı (varsayılan): bir kişi birkaç şubede vardiya tutabilir ve kasa yalnızca hatırlatır. Kasadan ayarlanır: Ayarlar, Genel, Kasa ve vardiyalar."
"On: a sale in this currency gives its change in it, from its own cash drawer. Off: change comes back in the company currency, from the main drawer. An outlet whose POS Profile names its own Account for Change Amount keeps it (ERPNext uses it on every sale).","Açık: bu para birimindeki satış para üstünü yine bu para biriminde, kendi kasa çekmecesinden verir. Kapalı: para üstü şirketin para biriminde, ana çekmeceden verilir. POS Profilinde kendi Para Üstü Hesabını belirten bir şube bu hesabı korur (ERPNext her satışta onu kullanır)."
"On: the cashier may send a return approval request, and an approver can let this return through. Off: the item is never taken back.","Açık: kasiyer iade onay talebi gönderebilir ve bir onaylayan bu iadeye izin verebilir. Kapalı: ürün asla geri alınmaz."
"Once a day, from ExchangeRate-API (free), for the currencies set to Automatic. A rate typed for the day always wins.","Günde bir kez, ExchangeRate-API üzerinden (ücretsiz), Otomatik olarak ayarlanan para birimleri için. O gün için yazılan kur her zaman önceliklidir."
"One open shift per person","Kişi başına tek açık vardiya"
"Only managers can view Insights","Insights'ı yalnızca yöneticiler görebilir"
"Only someone who manages LumenPOS Settings can change exchange rates.","Döviz kurlarını yalnızca LumenPOS Ayarlarını yöneten biri değiştirebilir."
"Only someone who manages LumenPOS Settings can change the customer form.","Müşteri formunu yalnızca LumenPOS Ayarlarını yöneten biri değiştirebilir."
"Only someone who manages LumenPOS Settings can do this.","Bunu yalnızca LumenPOS Ayarlarını yöneten biri yapabilir."
"Only this role (plus managers) may apply a manual discount / edit a price on a sale. Blank = anyone.","Bir satışta manuel indirim uygulamayı / fiyat düzenlemeyi yalnızca bu rol (ve yöneticiler) yapabilir. Boş = herkes."
"Only this role (plus managers) may exchange goods in one step. Blank = anyone who may make returns. An exchange always needs return permission too.","Tek adımda ürün değişimini yalnızca bu rol (ve yöneticiler) yapabilir. Boş = iade yapabilen herkes. Değişim her zaman iade yetkisi de gerektirir."
"Only this role (plus managers) may make returns. Blank = anyone with sell access.","İadeyi yalnızca bu rol (ve yöneticiler) yapabilir. Boş = satış erişimi olan herkes."
"Only used by Buy X Get Y: 'Buy' rows trigger the offer, 'Get' rows receive the reward. With no 'Get' rows the buy list rewards itself (classic multi-buy).","Yalnızca X Alana Y tarafından kullanılır: 'Al' satırları fırsatı tetikler, 'Kazan' satırları ödülü alır. 'Kazan' satırı yoksa alım listesi kendini ödüllendirir (klasik çoklu alım)."
"Only {0} x {1} can still be returned","Yalnızca {0} x {1} hâlâ iade edilebilir"
"Open the register","Kasayı aç"
"Open the register before requesting approval.","Onay istemeden önce kasayı açın."
"Open the register first: the payment goes into its drawer.","Önce kasayı açın: ödeme kasanın çekmecesine girer."
"Opened At","Açılış Zamanı"
"Opened By","Açan"
"Opened at","Açılış zamanı"
"Opened by","Açan"
"Opened with float {0}","Açılış tutarı {0} ile açıldı"
"Opening Float","Açılış Tutarı"
"Opening entries from an earlier day blocking their outlet: {0}","Önceki bir günden kalıp şubesini engelleyen POS Açılış Kayıtları: {0}"
"Opening float","Açılış tutarı"
"Optional (the default): the cashier may pick who sold. Required: a sale without a salesperson is refused. Off: the till asks for nobody and records nobody.","İsteğe bağlı (varsayılan): kasiyer satışı yapanı seçebilir. Zorunlu: satış elemanı olmayan satış reddedilir. Kapalı: kasa kimseyi sormaz ve kimseyi kaydetmez."
"Optional app-specific selling prices (overrides price books)","Uygulamaya özel isteğe bağlı satış fiyatları (fiyat defterlerinin önüne geçer)"
"Optional button label (defaults to the item name)","İsteğe bağlı düğme etiketi (varsayılan ürün adıdır)"
"Optional daily window, e.g. Happy Hour 16:00 to 18:00. Wraps midnight if start is after end.","İsteğe bağlı günlük saat aralığı, örn. Happy Hour 16:00 ile 18:00 arası. Başlangıç bitişten sonraysa gece yarısını aşar."
"Optional daily window. Wraps midnight if start is after end.","İsteğe bağlı günlük saat aralığı. Başlangıç bitişten sonraysa gece yarısını aşar."
"Optional per-code expiry. The promotion's own date window still applies on top of this.","Kod başına isteğe bağlı son geçerlilik tarihi. Kampanyanın kendi tarih aralığı da ayrıca uygulanır."
"Optional. After this date the bundle stops being offered at the till (treated as expired/inactive).","İsteğe bağlı. Bu tarihten sonra paket kasada sunulmaz (süresi dolmuş/etkin değil sayılır)."
"Optional. The bundle is not offered before this date.","İsteğe bağlı. Paket bu tarihten önce sunulmaz."
"Optional: this component's share of the bundle price (for the whole row qty). If used on any row, every row needs one and they must sum exactly to the Bundle Price. Empty = split proportionally to regular prices.","İsteğe bağlı: bu bileşenin paket fiyatındaki payı (satırın tüm miktarı için). Herhangi bir satırda kullanılırsa her satırda olmalı ve toplamları Paket Fiyatına tam olarak eşit olmalıdır. Boş = normal fiyatlara orantılı olarak bölünür."
"Order ID is required for {0} sales","{0} satışları için sipariş numarası zorunludur"
"Order-level (whole-cart) discount","Sepet düzeyinde indirim (tüm sepet)"
"Other currencies","Diğer para birimleri"
"Other currencies are on, but ERPNext does not book change as its own entry.","Diğer para birimleri açık, ancak ERPNext para üstünü ayrı bir kayıt olarak işlemiyor."
"Other currency floats","Diğer para birimlerinin açılış tutarları"
"Outlet","Şube"
"Outlet already open","Şube zaten açık"
"Outlet {0}","Şube {0}"
"Outlet {0} belongs to {1}, not {2}. Choose outlets of {2}, or clear the company.","{0} şubesi {2} şirketine değil, {1} şirketine ait. {2} şirketinin şubelerini seçin veya şirketi temizleyin."
"Outlet {0} cannot sell","{0} şubesi satış yapamıyor"
"Outlet {0} included","{0} şubesi dahil"
"Outlets","Şubeler"
"Outlets (POS Profiles)","Şubeler (POS Profilleri)"
"Over-limit approval method","Sınır aşımı onay yöntemi"
"Overdue Notified","Gecikme Bildirildi"
"PIN Hash","PIN Özeti"
"POS Approval Request","POS Onay Talebi"
"POS Bundle","POS Paketi"
"POS Bundle Item","POS Paket Ürünü"
"POS Capability Rule","POS Yetki Kuralı"
"POS Cash Movement","POS Nakit Hareketi"
"POS Cashback Entry","POS Cashback Kaydı"
"POS Cashback Rule","POS Cashback Kuralı"
"POS Cashback Rule Customer Group","POS Cashback Kuralı Müşteri Grubu"
"POS Cashback Rule Item","POS Cashback Kuralı Ürünü"
"POS Cashback Rule Profile","POS Cashback Kuralı Profili"
"POS Closing Entry {0} of this shift is not submitted.","Bu vardiyanın {0} numaralı POS Kapanış Kaydı işlenmemiş."
"POS Coupon","POS Kuponu"
"POS Customer Form Field","POS Müşteri Formu Alanı"
"POS Delivery App","POS Teslimat Uygulaması"
"POS Discount Approver","POS İndirim Onaylayanı"
"POS Gift Card","POS Hediye Kartı"
"POS Gift Card Entry","POS Hediye Kartı Kaydı"
"POS Inter Company Settlement","POS Şirketler Arası Mahsuplaşma"
"POS Layaway","POS Rezervasyonu"
"POS Layaway Item","POS Rezervasyon Ürünü"
"POS Layaway Payment","POS Rezervasyon Ödemesi"
"POS Opening Entry {0} (by {1}, since {2}) is open outside LumenPOS: close or cancel it in ERPNext.","{0} numaralı POS Açılış Kaydı ({1} tarafından, {2} tarihinden beri) LumenPOS dışında açık: ERPNext'te kapatın veya iptal edin."
"POS Parked Sale","POS Bekletilen Satış"
"POS Payment Restriction","POS Ödeme Kısıtlaması"
"POS Price Book","POS Fiyat Defteri"
"POS Price Book Item","POS Fiyat Defteri Ürünü"
"POS Promotion","POS Kampanyası"
"POS Promotion Customer Group","POS Kampanya Müşteri Grubu"
"POS Promotion Item","POS Kampanya Ürünü"
"POS Promotion Profile","POS Kampanya Profili"
"POS Quick Key","POS Hızlı Tuşu"
"POS Refund Rule","POS İade Kuralı"
"POS Register Payment Count","POS Kasa Ödeme Sayımı"
"POS Register Session","POS Kasa Oturumu"
"POS Return Reason","POS İade Nedeni"
"POS Return Restriction","POS İade Kısıtlaması"
"POS Sale Currency","POS Satış Para Birimi"
"POS Session Day","POS Oturum Günü"
"POS Session Float","POS Oturum Açılış Tutarı"
"POS Session Rate","POS Oturum Kuru"
"POS Settings, Invoice Type Created via POS Screen: POS Invoice.","POS Settings içinde Invoice Type Created via POS Screen alanını POS Invoice yapın."
"POS Shift Invoice","POS Vardiya Faturası"
"POS Shift Schedule","POS Vardiya Çizelgesi"
"POS Shift Schedule Slot","POS Vardiya Çizelgesi Dilimi"
"POS Store Credit Entry","POS Mağaza Bakiyesi Kaydı"
"POS Variance Reason","POS Fark Nedeni"
"Paid At","Ödeme Zamanı"
"Paid With","Ödeme Yöntemi"
"Parked","Bekletildi"
"Parked At","Bekletilme Zamanı"
"Passcode","Onay Şifresi"
"Passcode only","Yalnızca şifre"
"Passcode or request","Şifre veya talep"
"Payment Counts","Ödeme Sayımları"
"Payment Method Rules","Ödeme Yöntemi Kuralları"
"Payment must cover the gift card amount","Ödeme hediye kartı tutarını karşılamalıdır"
"Per cashier","Kasiyer başına"
"Per cashier (default): each cashier opens their OWN shift on the register and can only sell on their own, so several people share one counter but each gets their own Z-report and is accountable for their own drawer. Per outlet: ONE shift per register, whoever opens it, any assigned cashier can sell on it.","Kasiyer başına (varsayılan): her kasiyer kasada KENDİ vardiyasını açar ve yalnızca kendi vardiyasında satış yapabilir, böylece birkaç kişi tek tezgâhı paylaşır ama her birinin kendi Z raporu olur ve her biri kendi çekmecesinden sorumludur. Şube başına: kim açarsa açsın kasa başına TEK vardiya, atanmış her kasiyer bu vardiyada satış yapabilir."
"Per outlet","Şube başına"
"Per-Outlet Receipts","Şube Bazında Fişler"
"Per-company accounts. On a multi-company site each company posts gift cards / service charge to its OWN accounts. Leave empty to use the global defaults (or auto-create).","Şirket başına hesaplar. Çok şirketli bir sitede her şirket hediye kartlarını / servis ücretini KENDİ hesaplarına işler. Genel varsayılanları kullanmak (veya otomatik oluşturmak) için boş bırakın."
"Per-method rules. Use these to require a terminal/transfer reference on card or bank payments so the transaction can be traced later.","Yöntem başına kurallar. İşlemin sonradan izlenebilmesi için kart veya banka ödemelerinde POS cihazı/havale referansını zorunlu tutmak için bunları kullanın."
"Per-outlet receipt overrides (managed from the POS Settings page). Each row is a POS Profile + a JSON receipt config that overrides the global receipt design for that outlet. Empty = the outlet uses the global receipt.","Şube bazında fiş ayarları (POS Ayarları sayfasından yönetilir). Her satır bir POS Profili + o şube için genel fiş tasarımının yerine geçen bir JSON fiş yapılandırmasıdır. Boş = şube genel fişi kullanır."
"Percentage discount cannot exceed 100","Yüzde indirim 100'ü aşamaz"
"Performance indexes missing: {0}","Eksik performans dizinleri: {0}"
"Person","Kişi"
"Pick a period of one year or less.","En fazla bir yıllık bir dönem seçin."
"Pick a {0} from the list","Listeden bir {0} seçin"
"Pick an outlet or a company.","Bir şube veya şirket seçin."
"Pick at least one item to take back","Geri alınacak en az bir ürün seçin"
"Pick the salesperson for this sale.","Bu satış için satış elemanını seçin."
"Picked by the cashier when a counted drawer was short or over at the close.","Kapanışta sayılan çekmecede eksik veya fazla olduğunda kasiyer tarafından seçilir."
"Posted At","İşlenme Zamanı"
"Price / stock checker","Fiyat / stok sorgulama"
"Price Book Price","Fiyat Defteri Fiyatı"
"Price List (legacy)","Fiyat Listesi (eski)"
"Price cannot be negative","Fiyat negatif olamaz"
"Price for {0} cannot be negative","{0} için fiyat negatif olamaz"
"Price list {0} does not exist","{0} fiyat listesi mevcut değil"
"Prices include tax ({0}%): the till shows them as they are and adds nothing at the total.","Fiyatlara vergi dahil ({0}%): kasa fiyatları olduğu gibi gösterir ve toplama bir şey eklemez."
"Promotion Type","Kampanya Türü"
"Promotion {0} does not exist","{0} kampanyası mevcut değil"
"Put on account only what is not paid now: this sale would give change out of a debt.","Yalnızca şimdi ödenmeyen kısmı veresiye yazın: bu satış borçtan para üstü verirdi."
"Quantity for {0} must be positive","{0} için miktar pozitif olmalıdır"
"Quantity rewarded per application (cheapest eligible units)","Uygulama başına ödül miktarı (koşulu sağlayan en ucuz birimler)"
"Quantity the customer must buy to trigger the offer","Fırsatı tetiklemek için müşterinin alması gereken miktar"
"Quick Keys","Hızlı Tuşlar"
"Quick keys","Hızlı tuşlar"
"Quick keys / favourites","Hızlı tuşlar / favoriler"
"Quick reasons the cashier can tap when a count is short or over. The cashier can also write a reason in their own words.","Sayımda eksik veya fazla olduğunda kasiyerin dokunabileceği hızlı nedenler. Kasiyer nedeni kendi sözleriyle de yazabilir."
"Raise a Sales Order when goods go on hold, so ERPNext shows the quantity as reserved and another till cannot sell it.","Ürünler rezerve edildiğinde bir Satış Siparişi oluştur, böylece ERPNext miktarı rezerve gösterir ve başka bir kasa onu satamaz."
"Rate to company currency","Şirket para birimine kur"
"Rates fixed for this shift","Bu vardiya için sabitlenen kurlar"
"Reason for a short or over","Eksik veya fazla nedeni"
"Reason for the difference","Farkın nedeni"
"Reason shown at the till","Kasada gösterilen neden"
"Reasons for a short or over","Eksik veya fazla nedenleri"
"Reasons the cashier picks from when refunding an item. Add or remove freely. The till also always offers ""Other"" for a free-text reason.","Kasiyerin bir ürünü iade ederken seçtiği nedenler. Dilediğiniz gibi ekleyin veya kaldırın. Kasa ayrıca serbest metinli neden için her zaman ""Diğer"" seçeneğini sunar."
"Receipt Config (JSON)","Fiş Yapılandırması (JSON)"
"Receipt Custom Fields (JSON)","Fiş Özel Alanları (JSON)"
"Receipt Fields","Fiş Alanları"
"Receipt footer","Fiş alt bilgisi"
"Receipt header","Fiş üst bilgisi"
"Receipt layout/density. Compact = tight; Standard = balanced; Detailed = spacious with a full store header + terms block.","Fiş düzeni/yoğunluğu. Kompakt = sıkışık, Standart = dengeli, Ayrıntılı = tam mağaza başlığı + koşullar bölümüyle ferah."
"Receipt logo","Fiş logosu"
"Receipt template","Fiş şablonu"
"Record sensitive actions (over-limit discounts, returns, price edits, register open/close) to the LumenPOS Audit Log.","Hassas işlemleri (sınırı aşan indirimler, iadeler, fiyat düzenlemeleri, kasa açma/kapama) LumenPOS Denetim Günlüğüne kaydet."
"Recorded At","Kayıt Zamanı"
"Recorded By","Kaydeden"
"Redeem","Kullanım"
"Reference Invoice","Referans Fatura"
"Reference label","Referans etiketi"
"Refund","İade"
"Refund Method Rules","İade Yöntemi Kuralları"
"Refund as {0}","{0} olarak iade"
"Refunded","İade edildi"
"Refunded without a connection: the till paid out {0}, ERPNext's figure is {1}.","Bağlantı olmadan iade edildi: kasa {0} ödedi, ERPNext'in hesapladığı tutar {1}."
"Refunds","Para İadeleri"
"Refunds may only go back to a payment method the customer actually used on the original sale (plus Store Credit). Add rules below to allow extra refund methods per paid method.","Para iadeleri yalnızca müşterinin orijinal satışta gerçekten kullandığı ödeme yöntemine (ve Mağaza Bakiyesine) yapılabilir. Ödenen yöntem başına ek iade yöntemlerine izin vermek için aşağıya kural ekleyin."
"Register Session","Kasa Oturumu"
"Register page, Retry, or wait for the next background run.","Kasa sayfası, Tekrar dene veya bir sonraki arka plan çalışmasını bekleyin."
"Register page, Retry. If it fails again, send this screen.","Kasa sayfası, Tekrar dene. Yine başarısız olursa bu ekranı gönderin."
"Register session is already closed","Kasa oturumu zaten kapalı"
"Register session is not open","Kasa oturumu açık değil"
"Register still open: {0}","Kasa hâlâ açık: {0}"
"Register {0} already has an open session ({1})","{0} kasasının zaten açık bir oturumu var ({1})"
"Register {0} already has an open session ({1}).","{0} kasasının zaten açık bir oturumu var ({1})."
"Register {0} has a previous shift ({1}) whose closing is still finalising or has failed. Retry that closing before opening a new shift.","{0} kasasında kapanışı hâlâ tamamlanmakta olan veya başarısız olan önceki bir vardiya var ({1}). Yeni vardiya açmadan önce o kapanışı tekrar deneyin."
"Reprint a receipt","Fişi yeniden yazdır"
"Request","Talep"
"Request not found.","Talep bulunamadı."
"Request only","Yalnızca talep"
"Requested Discount (%)","İstenen İndirim (%)"
"Require Order ID","Sipariş Numarası Zorunlu"
"Require a transaction reference","İşlem referansı zorunlu"
"Require scanning for serial numbers (block manual typing)","Seri numaraları için okutma zorunlu (elle yazmayı engelle)"
"Required","Zorunlu"
"Required asks only when a difference is larger than this, in the company currency (a drawer in another currency at its shift rate). 0 = any difference.","Zorunlu modda yalnızca fark bu tutarı aştığında sorulur, şirket para biriminde (başka para birimindeki çekmece kendi vardiya kuruyla). 0 = her fark."
"Requires Coupon Code","Kupon Kodu Gerektirir"
"Reserve the goods on hold","Rezervasyondaki ürünleri stokta ayır"
"Reset Code Hash","Sıfırlama Kodu Özeti"
"Reset Expires","Sıfırlama Son Geçerlilik"
"Restrict refunds to the original payment method","Para iadesini orijinal ödeme yöntemiyle sınırla"
"Restrict till actions to staff holding a role. Leave a role blank to allow everyone. System / LumenPOS Managers always pass.","Kasa işlemlerini bir role sahip personelle sınırla. Herkese izin vermek için rolü boş bırakın. Sistem / LumenPOS Yöneticileri her zaman geçer."
"Resulting Invoice","Oluşan Fatura"
"Retrieved","Çağrıldı"
"Return Invoice","İade Faturası"
"Return Reason","İade Nedeni"
"Return Reasons","İade Nedenleri"
"Return approval isn't required, returns are open.","İade onayı gerekmiyor, iadeler açık."
"Return past the window","Süre geçtikten sonra iade"
"Return policy / terms printed at the bottom of the receipt.","Fişin altına yazdırılan iade politikası / koşullar."
"Return window (days)","İade süresi (gün)"
"Returns are allowed within {0} days, this invoice is {1} days old. Send a return approval request to continue.","İadelere {0} gün içinde izin verilir, bu fatura {1} günlük. Devam etmek için iade onay talebi gönderin."
"Returns without a connection","Bağlantısız iadeler"
"Returns without a connection are switched off in LumenPOS Settings. Make this return again from Sales History.","Bağlantısız iadeler LumenPOS Ayarlarında kapalı. Bu iadeyi Satış Geçmişi'nden yeniden yapın."
"Reverse","Geri alma"
"Reward","Ödül"
"Reward Value","Ödül Değeri"
"Reward Value must be greater than zero","Ödül Değeri sıfırdan büyük olmalıdır"
"Row {0}: Qty must be at least 1","Satır {0}: Miktar en az 1 olmalıdır"
"Row {0}: bundle Qty must be at least 1","Satır {0}: paket miktarı en az 1 olmalıdır"
"Row {0}: invalid price '{1}'","Satır {0}: geçersiz fiyat '{1}'"
"Row {0}: item '{1}' not found","Satır {0}: '{1}' ürünü bulunamadı"
"Row {0}: no price for {1}","Satır {0}: {1} için fiyat yok"
"Row {0}: set the {1} field","Satır {0}: {1} alanını doldurun"
"Row {0}: {1} is serialized, serialized items cannot be sold in bundles","Satır {0}: {1} seri numaralıdır, seri numaralı ürünler pakette satılamaz"
"Runs on {0}","Geçerli olduğu günler: {0}"
"Sale","Satış"
"Sale or refund not recorded","Satış veya iade kaydedilmedi"
"Sale type","Satış türü"
"Sale {0} not found","{0} satışı bulunamadı"
"Sales older than 3 days not in the books: {0}","Muhasebeye işlenmemiş, 3 günden eski satışlar: {0}"
"Sales on account","Veresiye satışlar"
"Sales on account are switched off in LumenPOS Settings.","Veresiye satışlar LumenPOS Ayarlarında kapalı."
"Sales, search and shift reports slow down on a large site.","Büyük bir sitede satışlar, arama ve vardiya raporları yavaşlar."
"Salesperson at the till","Kasada satış elemanı"
"Salesperson required","Satış elemanı zorunlu"
"Scan or type a serial number","Seri numarasını okutun veya yazın"
"See sales by salesperson","Satış elemanına göre satışları gör"
"See the system check","Sistem kontrolünü gör"
"Select a customer (or set a default customer on the POS Profile)","Bir müşteri seçin (veya POS Profilinde varsayılan bir müşteri belirleyin)"
"Select an outlet","Bir şube seçin"
"Select at least one item to return","İade edilecek en az bir ürün seçin"
"Select the invoice to return.","İade edilecek faturayı seçin."
"Selected Customer Groups","Seçilen Müşteri Grupları"
"Selected items were not found on the original sale","Seçilen ürünler orijinal satışta bulunamadı"
"Sell in other currencies","Diğer para birimlerinde sat"
"Sell on account","Veresiye sat"
"Send queued sales in the background","Kuyruktaki satışları arka planda gönder"
"Send this screen with the Error Log entries (ERPNext, Error Log).","Bu ekranı Error Log kayıtlarıyla birlikte gönderin (ERPNext, Error Log)."
"Send this screen. The jobs run again on their own.","Bu ekranı gönderin. İşler kendiliğinden yeniden çalışır."
"Separate per company","Şirket başına ayrı"
"Serial numbers must be SCANNED with a barcode scanner, manual typing is rejected at the till. Turn off if a scanner is unavailable.","Seri numaraları barkod okuyucuyla OKUTULMALIDIR, kasada elle yazma reddedilir. Okuyucu yoksa kapatın."
"Serial {0} belongs to {1}","{0} seri numarası {1} ürününe ait"
"Serial {0} came back on {1}, and ERPNext holds it until the shift close books that sale","{0} seri numarası {1} ile geri geldi ve ERPNext, vardiya kapanışı o satışı işleyene kadar onu bekletir"
"Serial {0} does not exist","{0} seri numarası mevcut değil"
"Serial {0} is already sold on {1}, which the shift close has not booked yet","{0} seri numarası zaten {1} ile satıldı ve vardiya kapanışı bu satışı henüz işlemedi"
"Serial {0} is held by a sale the shift close has not booked yet","{0} seri numarası, vardiya kapanışının henüz işlemediği bir satışta tutuluyor"
"Serial {0} is in {1}, not this register's warehouse","{0} seri numarası bu kasanın deposunda değil, {1} deposunda"
"Serial {0} is not in stock ({1})","{0} seri numarası stokta değil ({1})"
"Serial {0} is scanned twice in this sale","{0} seri numarası bu satışta iki kez okutuldu"
"Serial {0} is selected twice","{0} seri numarası iki kez seçildi"
"Serial {0} was already returned","{0} seri numarası zaten iade edildi"
"Serial {0} was not sold on this invoice","{0} seri numarası bu faturada satılmadı"
"Service Charge Account","Servis Ücreti Hesabı"
"Service charge","Servis ücreti"
"Service charge (%)","Servis ücreti (%)"
"Service charge ({0}%)","Servis ücreti (%{0})"
"Service charge account (global fallback)","Servis ücreti hesabı (genel yedek)"
"Session Totals","Oturum Toplamları"
"Set a Coupon Code or untick 'Requires Coupon Code'","Bir Kupon Kodu belirleyin veya 'Kupon Kodu Gerektirir' işaretini kaldırın"
"Set a Service charge account for {0} in LumenPOS Settings → Company Accounts (or the global default).","LumenPOS Ayarları → Şirket Hesapları bölümünde {0} için bir Servis ücreti hesabı belirleyin (veya genel varsayılanı)."
"Set a customer's credit","Müşteri kredisini ayarla"
"Set automatically once the use limit is reached.","Kullanım sınırına ulaşıldığında otomatik ayarlanır."
"Set both Start Time and End Time, or neither","Hem Başlangıç Saatini hem Bitiş Saatini belirleyin ya da hiçbirini"
"Set by the daily update: per company currency, the published rate, the rate used, when, and any error.","Günlük güncelleme tarafından ayarlanır: şirket para birimi başına yayımlanan kur, kullanılan kur, zamanı ve varsa hata."
"Set up automatically, with a cash account in this currency.","Bu para biriminde bir nakit hesabıyla otomatik kurulur."
"Set up automatically: the customer a walk-in who pays in this currency is billed to.","Otomatik kurulur: bu para biriminde ödeme yapan perakende müşterinin faturalandığı müşteri kaydı."
"Settings are consistent","Ayarlar tutarlı"
"Settings, General, Other currencies: fix the reason and save.","Ayarlar, Genel, Diğer para birimleri: nedeni giderin ve kaydedin."
"Settings, Status, Rebuild missing indexes.","Ayarlar, Durum, Eksik dizinleri yeniden oluştur."
"Several cashiers on one outlet each need their own POS Profile on ERPNext 16.","ERPNext 16'da aynı şubedeki birden fazla kasiyerin her birinin kendi POS Profili olmalıdır."
"Shared by the group","Grupta ortak"
"Shift already open","Vardiya zaten açık"
"Shift from an earlier day","Önceki bir günden kalan vardiya"
"Shift {0} is still being closed ({1}): retry its close from the Register screen.","{0} vardiyası hâlâ kapatılıyor ({1}): kapanışını Kasa ekranından tekrar deneyin."
"Shift {0} recorded cash movements and can't be deleted. Cancel it instead.","{0} vardiyasında nakit hareketleri kayıtlı ve silinemez. Bunun yerine iptal edin."
"Shifts open for more than a day: {0}","Bir günden uzun süredir açık vardiyalar: {0}"
"Shifts stuck in Closing: {0}","Kapanışta takılan vardiyalar: {0}"
"Shifts with an ERPNext day past midnight still to post: {0}","Gece yarısını geçen ve ERPNext günü henüz işlenmemiş vardiyalar: {0}"
"Show a Favourites grid of one-tap items on the sell screen.","Satış ekranında tek dokunuşluk ürünlerden oluşan bir Favoriler ızgarası göster."
"Show a Price check button to look up an item's price + stock without selling it.","Bir ürünü satmadan fiyatını + stoğunu görmek için Fiyat sorgula düğmesini göster."
"Show an Email receipt button so a copy can be sent to the customer's email.","Müşterinin e-posta adresine bir kopya gönderilebilmesi için Fişi e-posta ile gönder düğmesini göster."
"Show item barcode","Ürün barkodunu göster"
"Show item code","Ürün kodunu göster"
"Show out-of-stock items in the grid","Stokta olmayan ürünleri ızgarada göster"
"Show payment method lines","Ödeme yöntemi satırlarını göster"
"Show serial numbers","Seri numaralarını göster"
"Show stock items that are out of stock (qty 0 or less) in the sell grid. Off = only items with stock are shown (non-stock items like services always show).","Stokta olmayan stok ürünlerini (miktar 0 veya daha az) satış ızgarasında göster. Kapalı = yalnızca stoğu olan ürünler gösterilir (hizmetler gibi stok dışı ürünler her zaman görünür)."
"Show store address","Mağaza adresini göster"
"Show tax / VAT ID","Vergi / KDV numarasını göster"
"Show terms & conditions","Şartlar ve koşulları göster"
"Show the equivalent on local sales","Yerel satışlarda karşılığını göster"
"Show the sale note","Satış notunu göster"
"Show unit price (qty × rate)","Birim fiyatı göster (miktar × fiyat)"
"Show what is new after an update","Güncellemeden sonra yenilikleri göster"
"Shown on the invoice when this person approves a discount, e.g. Manager Khobar","Bu kişi bir indirimi onayladığında faturada gösterilir, örn. Kadıköy Yöneticisi"
"Sign in as Administrator to build demo data.","Demo verisi oluşturmak için Administrator olarak oturum açın."
"Simple Discount","Basit İndirim"
"Single Use","Tek Kullanımlık"
"Slow sales logged in the last 7 days: {0}","Son 7 günde kaydedilen yavaş satışlar: {0}"
"Smallest first payment, as a percentage of the total. 0 = any amount.","En küçük ilk ödeme, toplamın yüzdesi olarak. 0 = herhangi bir tutar."
"Snapshot of the cart as JSON","Sepetin JSON olarak anlık görüntüsü"
"Spend and Save","Harca ve Kazan"
"Spent at","Harcandığı yer"
"Stackable promotions combine with each other. Non-stackable promotions compete and only the best one applies.","Birleştirilebilir kampanyalar birbiriyle birleşir. Birleştirilemeyen kampanyalar yarışır ve yalnızca en iyisi uygulanır."
"Standard Price","Standart Fiyat"
"Starts","Başlangıç"
"Status is Active","Durum Etkin"
"Stock Settings, Auto Insert Item Price If Missing is on: a sale of an item with no price in the price list writes that sale's rate into it.","Stock Settings içinde Auto Insert Item Price If Missing açık: fiyat listesinde fiyatı olmayan bir ürünün satışı, o satışın fiyatını listeye yazar."
"Store Credit","Mağaza Bakiyesi"
"Store address","Mağaza adresi"
"Store credit balance is too low to redeem {0}","Mağaza bakiyesi {0} kullanmak için yetersiz"
"Store credit balance is {0}, cannot redeem {1}","Mağaza bakiyesi {0}, {1} kullanılamaz"
"Store credit refunds","Mağaza bakiyesine iadeler"
"Stuck shifts are not retried, nightly cashback, rates and settlements do not run.","Takılan vardiyalar yeniden denenmez, gece çalışan cashback, döviz kuru ve mahsuplaşma işleri de çalışmaz."
"Switch on automatic exchange rates first, and save.","Önce otomatik döviz kurlarını açın ve kaydedin."
"Take a payment","Ödeme al"
"Take customer payments","Müşteri ödemelerini al"
"Take it back as a return, then ring the new goods up as a new sale.","Satışı iade olarak geri alın, ardından yeni ürünleri yeni bir satış olarak okutun."
"Taken By","Alan"
"Tax ({0}%) is added on top of prices: the till shows prices before tax and adds it at the total.","Vergi ({0}%) fiyatların üzerine eklenir: kasa fiyatları vergi öncesi gösterir ve vergiyi toplamda ekler."
"Tax / VAT ID","Vergi / KDV numarası"
"Tax template {0}: some rows are included in prices and some are added on top.","Vergi şablonu {0}: bazı satırlar fiyatlara dahil, bazıları fiyatların üzerine ekleniyor."
"Tax the outlet will add on top of the held prices at hand-over. Zero where the price list already includes it.","Şubenin teslimde rezerve fiyatların üzerine ekleyeceği vergi. Fiyat listesi vergiyi zaten içeriyorsa sıfır."
"Terms & conditions","Şartlar ve koşullar"
"Thank you for your purchase. Your receipt {0} is attached.","Alışverişiniz için teşekkür ederiz. {0} numaralı fişiniz ektedir."
"That code has expired. Ask for a new one.","Bu kodun süresi doldu. Yeni bir kod isteyin."
"That code is not right.","Bu kod doğru değil."
"That current PIN is not right.","Mevcut PIN doğru değil."
"That is more than the {0} still owed on this hold.","Bu tutar, bu rezervasyonda hâlâ borçlu olunan {0} tutarından fazla."
"The POS Opening Entry {0} of this shift was cancelled in ERPNext, so the shift closes against its amendment {1}.","Bu vardiyanın {0} numaralı POS Açılış Kaydı ERPNext'te iptal edildi, bu yüzden vardiya onun düzeltilmiş hali olan {1} üzerinden kapanır."
"The POS sale that took this instalment, its line posts to the deposit liability account.","Bu ödemeyi alan POS satışı, satırı kapora yükümlülük hesabına işlenir."
"The Sales Order that reserves the goods while the hold is open.","Rezervasyon açıkken ürünleri ayıran Satış Siparişi."
"The approval is {0}, not approved.","Onay durumu {0}, onaylanmış değil."
"The approval's register session has closed.","Onayın kasa oturumu kapandı."
"The approved discount ({0}%) is below the {1}% on this sale.","Onaylanan indirim (%{0}) bu satıştaki %{1} oranının altında."
"The automatic rate for {0} did not update","{0} için otomatik kur güncellenmedi"
"The cashback expense account must be an Expense account, and {0} is {1}","Cashback gider hesabı bir Gider hesabı olmalıdır, ancak {0} türü {1}"
"The cashback liability account must be a Liability account, and {0} is {1}","Cashback yükümlülük hesabı bir Yükümlülük hesabı olmalıdır, ancak {0} türü {1}"
"The cashier must enter the terminal / transfer reference before the sale can complete.","Satışın tamamlanabilmesi için kasiyer POS cihazı / havale referansını girmelidir."
"The cashier's register has closed, this request has expired.","Kasiyerin kasası kapandı, bu talebin süresi doldu."
"The company that holds the balance: its liability goes down.","Bakiyeyi tutan şirket: yükümlülüğü azalır."
"The company whose outlet took the balance as payment and gave the goods.","Şubesi bakiyeyi ödeme olarak alan ve ürünleri veren şirket."
"The cost of the cashback program. Earned cashback is debited here, and expired or returned cashback is credited back. Leave empty to create ""Cashback Expense"" under Indirect Expenses.","Cashback programının maliyeti. Kazanılan cashback buraya borç yazılır, süresi dolan veya iade edilen cashback alacak olarak geri yazılır. Dolaylı Giderler altında ""Cashback Expense"" hesabını oluşturmak için boş bırakın."
"The count is short or over: write a reason before closing the register.","Sayımda eksik veya fazla var: kasayı kapatmadan önce bir neden yazın."
"The customer owes {0} on the sales chosen: take at most that.","Müşterinin seçilen satışlardan borcu {0}: en fazla bu tutarı alın."
"The daily summary Journal Entry that booked this row to the accounts. Empty until it is posted. Redeem rows stay empty: the sale's payment books them.","Bu satırı hesaplara işleyen günlük özet Defter Girişi. İşlenene kadar boştur. Kullanım satırları boş kalır: onları satışın ödemesi işler."
"The expected takings could not be worked out when this shift was closed. They are filled in from its POS Closing Entry when it consolidates.","Bu vardiya kapatıldığında beklenen hasılat hesaplanamadı. Vardiya birleştirildiğinde POS Kapanış Kaydından doldurulur."
"The file has no rows","Dosyada satır yok"
"The goods coming back are worth more than the new ones. Choose how to refund {0}.","Geri gelen ürünlerin değeri yenilerinden fazla. {0} tutarının nasıl iade edileceğini seçin."
"The item a deposit is taken on. Blank = LumenPOS creates LUMENPOS-DEPOSIT.","Kaporanın alındığı ürün. Boş = LumenPOS, LUMENPOS-DEPOSIT ürününü oluşturur."
"The languages a cashier can pick at the till, one ERPNext language code per line (en, ar ...). Empty = every language LumenPOS ships, including ones a later update adds. English is always offered. Set from the till: Settings, General, Languages.","Kasiyerin kasada seçebileceği diller, her satıra bir ERPNext dil kodu (en, ar ...). Boş = sonraki güncellemelerle eklenenler dahil LumenPOS ile gelen tüm diller. İngilizce her zaman sunulur. Kasadan ayarlanır: Ayarlar, Genel, Diller."
"The last rate is kept. Settings, Other currencies, Update now.","Son kur korunur. Ayarlar, Diğer para birimleri, Şimdi güncelle."
"The margin for {0} must be from 0 to less than 100%.","{0} için marj 0 veya daha büyük ve %100'den küçük olmalıdır."
"The new items come to {0}, {1} is covered by the return, so {2} is due but {3} was entered.","Yeni ürünlerin tutarı {0}, bunun {1} kadarı iadeyle karşılanıyor, yani {2} ödenmeli ancak {3} girildi."
"The outlet the cashback was earned at. Expire and Reverse rows keep the outlet of the Earn row they come from.","Cashback'in kazanıldığı şube. Süre dolumu ve Geri alma satırları, geldikleri Kazanım satırının şubesini korur."
"The payment method {0} already exists, and its account for {1} ({2}) is in {3}, not {4}. Give it a {4} account, or rename it, so the {4} cash drawer can be set up.","{0} ödeme yöntemi zaten mevcut ve {1} için hesabı ({2}) {4} değil, {3} cinsinden. {4} kasa çekmecesinin kurulabilmesi için ona bir {4} hesabı verin veya adını değiştirin."
"The payment method {0} already exists, and its account for {1} is {2}. LumenPOS needs its own for sales on account: rename yours in ERPNext (Mode of Payment, Rename) and save again.","{0} ödeme yöntemi zaten mevcut ve {1} için hesabı {2}. LumenPOS veresiye satışlar için kendi ödeme yöntemine ihtiyaç duyar: kendinizinkini ERPNext'te yeniden adlandırın (Ödeme Yöntemi, Yeniden Adlandır) ve tekrar kaydedin."
"The promotion only applies when the cashier enters this coupon code at the till","Kampanya yalnızca kasiyer bu kupon kodunu kasada girdiğinde uygulanır"
"The qualifying items must total at least this to earn cashback","Cashback kazanmak için koşulu sağlayan ürünlerin toplamı en az bu kadar olmalıdır"
"The rate must be more than 0.","Kur 0'dan büyük olmalıdır."
"The rates service answered: {0}","Kur servisinin yanıtı: {0}"
"The rates service has no rate for {0}.","Kur servisinde {0} için kur yok."
"The refund split adds up to {0} but the refund is {1}.","İade dağılımının toplamı {0}, ancak iade tutarı {1}."
"The refund split adds up to {0} but {1} is left over after the new items.","İade dağılımının toplamı {0}, ancak yeni ürünlerden sonra {1} kalıyor."
"The sale doctype this entry came from. LumenPOS posts POS Invoices by default, but a profile can be set to post Sales Invoices instead.","Bu kaydın geldiği satış belge türü. LumenPOS varsayılan olarak POS Faturası işler, ancak bir profil bunun yerine Satış Faturası işleyecek şekilde ayarlanabilir."
"The sale this return takes back has not reached the server yet. It goes first, then this return.","Bu iadenin geri aldığı satış henüz sunucuya ulaşmadı. Önce satış, sonra bu iade gönderilir."
"The till has NOT been closed automatically, a close without a real cash count is worthless.","Kasa otomatik olarak KAPATILMADI, gerçek bir nakit sayımı olmadan yapılan kapanış değersizdir."
"The till values this currency this much below the published rate, the way a shop taking it at a market rate does.","Kasa bu para birimini, piyasa kurundan kabul eden bir mağazanın yaptığı gibi, yayımlanan kurun bu kadar altında değerlendirir."
"Theft or loss","Hırsızlık veya kayıp"
"Their sales are not in the books yet.","Bunların satışları henüz muhasebeye işlenmedi."
"There is no exchange rate from {0} to {1}. Set it in LumenPOS Settings, General, Other currencies.","{0} para biriminden {1} para birimine döviz kuru yok. LumenPOS Ayarları, Genel, Diğer para birimleri bölümünden ayarlayın."
"These items are never taken back: {0}","Bu ürünler asla geri alınmaz: {0}"
"These items need an approved return request: {0}","Bu ürünler için onaylanmış bir iade talebi gerekir: {0}"
"These items sell at the price set here while this book is active (by validity + priority). Items not listed keep their normal selling price.","Bu defter etkin olduğu sürece (geçerlilik + önceliğe göre) bu ürünler burada belirlenen fiyattan satılır. Listede olmayan ürünler normal satış fiyatını korur."
"These items were sold together (bundle/offer) and must be returned together: {0}. Use Exchange for a partial swap.","Bu ürünler birlikte satıldı (paket/fırsat) ve birlikte iade edilmelidir: {0}. Kısmi değişim için Değişim'i kullanın."
"They should run every 10 minutes. The workers may be stopped.","Her 10 dakikada bir çalışmaları gerekir. Arka plan süreçleri durmuş olabilir."
"This approval is for a {0}, not a {1}.","Bu onay bir {0} içindir, {1} için değil."
"This approval was already used.","Bu onay zaten kullanıldı."
"This approval was issued to another cashier.","Bu onay başka bir kasiyere verildi."
"This coupon's promotion isn't available right now","Bu kuponun kampanyası şu anda kullanılamıyor"
"This customer is disabled.","Bu müşteri devre dışı."
"This customer is not allowed to buy on account. Allow it on their card in Customers.","Bu müşterinin veresiye alma izni yok. Müşteriler bölümünde kartından izin verin."
"This discount is within the {0}% limit, no approval needed.","Bu indirim %{0} sınırı içinde, onay gerekmiyor."
"This hold is {0}","Bu rezervasyonun durumu: {0}"
"This payment method cannot be used when the cart contains a matching item.","Sepette eşleşen bir ürün varsa bu ödeme yöntemi kullanılamaz."
"This person passes, whatever roles they hold.","Bu kişi, hangi rollere sahip olursa olsun geçer."
"This register is being closed. Reopen it (or wait for the close to finish) before ringing up this sale.","Bu kasa kapatılıyor. Bu satışı okutmadan önce kasayı yeniden açın (veya kapanışın bitmesini bekleyin)."
"This request was already {0}.","Bu talebin durumu zaten: {0}."
"This return approval is for invoice {0}.","Bu iade onayı {0} numaralı fatura içindir."
"This return was refunded without a connection as {0}, but ERPNext calculated {1}. Check the sale and make the return again from Sales History.","Bu iade bağlantı olmadan {0} olarak ödendi, ancak ERPNext {1} hesapladı. Satışı kontrol edin ve iadeyi Satış Geçmişi'nden yeniden yapın."
"This role (plus managers) may return a sale past the return window WITHOUT an approval request. Blank = nobody bypasses (everyone uses the request flow).","Bu rol (ve yöneticiler), iade süresi geçmiş bir satışı onay talebi OLMADAN iade edebilir. Boş = kimse atlayamaz (herkes talep akışını kullanır)."
"This sale was paid by {0}, so it can only be refunded to: {1}. Adjust the refund methods in LumenPOS Settings if needed.","Bu satış {0} ile ödendi, bu yüzden yalnızca şunlara iade edilebilir: {1}. Gerekirse iade yöntemlerini LumenPOS Ayarlarında düzenleyin."
"This sale was rung up as {0} but ERPNext calculated {1} (short by {2}). This is usually a price-list or VAT mismatch. Check that every item is priced on the active price list and that the VAT template's 'included in rate' flag matches your shelf prices (Settings → Status).","Bu satış {0} olarak okutuldu ancak ERPNext {1} hesapladı ({2} eksik). Bu genellikle fiyat listesi veya KDV uyuşmazlığıdır. Her ürünün etkin fiyat listesinde fiyatı olduğunu ve KDV şablonundaki 'fiyata dahil' işaretinin raf fiyatlarınızla uyuştuğunu kontrol edin (Ayarlar → Durum)."
"This sale was rung up at {0}, but the shift sells {1} at {2}. Ring it up again.","Bu satış {0} kuruyla okutuldu, ancak vardiya {1} için {2} kurunu kullanıyor. Satışı yeniden okutun."
"This shift belongs to {0}. Only the cashier who opened the register can sell on it. Close that shift and open your own.","Bu vardiya {0} kullanıcısına ait. Bu vardiyada yalnızca kasayı açan kasiyer satış yapabilir. O vardiyayı kapatın ve kendi vardiyanızı açın."
"This shift was opened on {0}. ERPNext 16 accepts sales only on a shift opened today: close this shift on the Register screen and open a new one.","Bu vardiya {0} tarihinde açıldı. ERPNext 16 yalnızca bugün açılmış bir vardiyada satış kabul eder: bu vardiyayı Kasa ekranından kapatın ve yeni bir vardiya açın."
"This shop asks for at least {0}% down, which is {1}.","Bu mağaza en az %{0} peşinat istiyor, bu da {1} eder."
"This site already has {0} posted POS invoices, so it does not look like an empty demo site. Nothing was created.","Bu sitede zaten {0} işlenmiş POS faturası var, bu yüzden boş bir demo sitesine benzemiyor. Hiçbir şey oluşturulmadı."
"This version of Lumen Reports does not include the LumenPOS dashboard yet. Update Lumen Reports, then try again.","Lumen Reports'un bu sürümü henüz LumenPOS panosunu içermiyor. Lumen Reports'u güncelleyin, sonra tekrar deneyin."
"Tick to EXCLUDE these products instead of including them (e.g. all products except this brand)","Bu ürünleri dahil etmek yerine HARİÇ TUTMAK için işaretleyin (örn. bu marka dışındaki tüm ürünler)"
"Times Used","Kullanım Sayısı"
"To let customers pay with loyalty points, tick 'Allow Partial Payment' on the POS Profile {0}. This version of ERPNext counts only cash and card towards the total, so it rejects a sale that is part points even though the sale is fully settled. LumenPOS still checks every sale adds up before it posts.","Müşterilerin ödül puanıyla ödeme yapabilmesi için {0} POS Profilinde 'Kısmi Ödemeye İzin Ver' seçeneğini işaretleyin. ERPNext'in bu sürümü toplama yalnızca nakit ve kartı sayar, bu yüzden tamamen ödenmiş olsa bile bir kısmı puanla ödenen satışı reddeder. LumenPOS yine de her satışın tutarlı olduğunu işlemeden önce kontrol eder."
"Too many attempts, wait a minute and try again.","Çok fazla deneme, bir dakika bekleyip tekrar deneyin."
"Too many attempts, wait a moment and try again.","Çok fazla deneme, biraz bekleyip tekrar deneyin."
"Total Discounts","Toplam İndirimler"
"Total Sales","Toplam Satışlar"
"Turn till features on or off. Each control is independent.","Kasa özelliklerini açın veya kapatın. Her ayar birbirinden bağımsızdır."
"Unknown delivery app {0}. Add it in LumenPOS Settings","Bilinmeyen teslimat uygulaması: {0}. LumenPOS Ayarlarında ekleyin"
"Unknown item {0}","Bilinmeyen ürün: {0}"
"Unknown request type {0}","Bilinmeyen talep türü: {0}"
"Unlocked by {0}","Kilidi açan: {0}"
"Update exchange rates automatically","Döviz kurlarını otomatik güncelle"
"Usable After (days)","Kullanıma Açılma (gün)"
"Usable From","Kullanılabilir Olduğu Tarih"
"Use Limit","Kullanım Sınırı"
"Used At","Kullanım Zamanı"
"Used On (Invoice)","Kullanıldığı Fatura"
"Used when the outlet has no shift schedule.","Şubenin vardiya çizelgesi yoksa kullanılır."
"Users holding this role (plus LumenPOS/System Managers) can approve discount AND return requests. Requests can only be approved while the cashier's register is still open.","Bu role sahip kullanıcılar (ve LumenPOS/Sistem Yöneticileri) indirim VE iade taleplerini onaylayabilir. Talepler yalnızca kasiyerin kasası hâlâ açıkken onaylanabilir."
"Usually fine. If something stops working after an ERPNext update, send this screen.","Genellikle sorun yoktur. ERPNext güncellemesinden sonra bir şey çalışmayı bırakırsa bu ekranı gönderin."
"Valid For (days)","Geçerlilik Süresi (gün)"
"Valid To","Geçerlilik Bitişi"
"Valid To cannot be before Valid From","Geçerlilik Bitişi, Geçerlilik Başlangıcından önce olamaz"
"Valid Until","Son Geçerlilik"
"Variance threshold","Fark eşiği"
"Walk-in customer","Perakende müşteri"
"Warn about locked accounting periods","Kilitli hesap dönemleri için uyar"
"Warn when offline sales are not protected","Çevrimdışı satışlar korunmuyorsa uyar"
"What is being approved","Onaylanan işlem"
"What the company owes customers in unspent cashback. Earned cashback is credited here and spent cashback is debited. Leave empty to create ""Cashback"" under Current Liabilities.","Şirketin harcanmamış cashback olarak müşterilere borçlu olduğu tutar. Kazanılan cashback buraya alacak, harcanan cashback borç yazılır. Kısa Vadeli Yükümlülükler altında ""Cashback"" hesabını oluşturmak için boş bırakın."
"What the customer pays in the end, tax and all.","Müşterinin sonunda, vergiler dahil ödediği tutar."
"What this rule refuses to take back.","Bu kuralın geri almayı reddettiği ürünler."
"What to call it at the till, e.g. ""Approval code"" or ""Transfer no."". Defaults to ""Reference"".","Kasada ne adla gösterileceği, örn. ""Provizyon kodu"" veya ""Havale no."". Varsayılan: ""Referans""."
"When a counted drawer is short or over at the close. Optional (the default): the cashier may give a reason and say what was done. Required: the register does not close without a reason, checked on the server too. Off: the till does not ask. Set from the till: Settings, General, Register and shifts.","Kapanışta sayılan çekmecede eksik veya fazla olduğunda. İsteğe bağlı (varsayılan): kasiyer bir neden ve yapılan işlemi yazabilir. Zorunlu: kasa neden olmadan kapanmaz, sunucuda da denetlenir. Kapalı: kasa sormaz. Kasadan ayarlanır: Ayarlar, Genel, Kasa ve vardiyalar."
"When an ERPNext Accounting Period locks Sales Invoices today, the till says so as a shift opens (the close posts the shift's sales as a Sales Invoice, so it would fail), and a close it stopped names the period and how to unlock it. The system check lists such periods either way. Set from the till: Settings, General, Register and shifts.","Bir ERPNext Hesap Dönemi bugün Satış Faturalarını kilitlediğinde, kasa vardiya açılırken bunu bildirir (kapanış vardiyanın satışlarını bir Satış Faturası olarak kaydeder, bu yüzden başarısız olurdu) ve engellediği kapanış, dönemi ve kilidin nasıl açılacağını belirtir. Sistem kontrolü bu dönemleri her durumda listeler. Kasadan ayarlanır: Ayarlar, Genel, Kasa ve vardiyalar."
"When several price books apply, the highest priority wins","Birden fazla fiyat defteri geçerli olduğunda en yüksek öncelikli olan kazanır"
"Where it applies","Uygulandığı yer"
"Which price the discount is calculated from. Price Book Price stacks on an active price book. Standard Price discounts from the regular price and gives the customer the lower of the two (never stacks with a price book).","İndirimin hangi fiyattan hesaplanacağı. Fiyat Defteri Fiyatı, etkin bir fiyat defterinin üzerine eklenir. Standart Fiyat, normal fiyattan indirim yapar ve müşteriye ikisinden düşük olanı verir (fiyat defteriyle asla birleşmez)."
"Which sale is being exchanged?","Hangi satış değiştiriliyor?"
"Who can buy on account","Kimler veresiye alabilir"
"Who can do what","Kim ne yapabilir"
"Who may do what at the till. A capability with no row here is open to everyone (except returning past the window, which stays closed unless named). Managers always pass.","Kasada kimin ne yapabileceği. Burada satırı olmayan bir yetki herkese açıktır (süre geçtikten sonra iade hariç, o kimse belirtilmedikçe kapalı kalır). Yöneticiler her zaman geçer."
"Wrong approver passcode for the {0}% discount.","%{0} indirim için onaylayan şifresi yanlış."
"Wrong change given","Yanlış para üstü verildi"
"X-report (mid-shift read)","X raporu (vardiya ortası okuma)"
"You are not allowed to approve requests.","Talepleri onaylama yetkiniz yok."
"You are not allowed to close a register","Kasa kapatma yetkiniz yok"
"You are not allowed to exchange goods","Ürün değişimi yapma yetkiniz yok"
"You are not allowed to hold goods for a customer","Müşteri için ürün rezerve etme yetkiniz yok"
"You are not allowed to open a register","Kasa açma yetkiniz yok"
"You are not allowed to put money in or take it out","Kasaya para koyma veya kasadan para alma yetkiniz yok"
"You are not allowed to reprint a receipt","Fişi yeniden yazdırma yetkiniz yok"
"You are not allowed to sell on account.","Veresiye satış yapma yetkiniz yok."
"You are not allowed to set a customer's credit.","Müşteri kredisini ayarlama yetkiniz yok."
"You are not allowed to take customer payments.","Müşteri ödemesi alma yetkiniz yok."
"You are not assigned to outlet {0}. Ask an administrator to add you under Applicable for Users.","{0} şubesine atanmadınız. Bir sistem yöneticisinden sizi Uygulanabilir Kullanıcılar bölümüne eklemesini isteyin."
"You are not permitted to close a register","Kasa kapatma izniniz yok"
"You are not permitted to make sales","Satış yapma izniniz yok"
"You are not permitted to open a register","Kasa açma izniniz yok"
"You are not permitted to view customers.","Müşterileri görüntüleme izniniz yok."
"You are not permitted to work with {0}","{0} ile çalışma izniniz yok"
"You are not permitted to {0} {1}.","{1} üzerinde {0} izniniz yok."
"You can only manage your own register","Yalnızca kendi kasanızı yönetebilirsiniz"
"You can't approve your own request, another approver must.","Kendi talebinizi onaylayamazsınız, başka bir onaylayan onaylamalıdır."
"You cannot see {0}'s figures","{0} müşterisinin rakamlarını göremezsiniz"
"You do not have access to the POS. Ask an administrator to grant you the LumenPOS Cashier role (or POS Invoice access).","POS'a erişiminiz yok. Bir sistem yöneticisinden size LumenPOS Cashier rolünü (veya POS Faturası erişimini) vermesini isteyin."
"You do not have access to {0}.","{0} için erişiminiz yok."
"You're not allowed to change prices at this outlet ({0} costs {1}).","Bu şubede fiyat değiştirme yetkiniz yok ({0} fiyatı {1})."
"You're not allowed to edit prices or apply discounts on a sale.","Satışta fiyat düzenleme veya indirim uygulama yetkiniz yok."
"You're not allowed to make returns.","İade yapma yetkiniz yok."
"You're not allowed to see sales by salesperson.","Satış elemanına göre satışları görme izniniz yok."
"You're not allowed to see the system check.","Sistem kontrolünü görme izniniz yok."
"You're not allowed to see {0}.","{0} için görüntüleme izniniz yok."
"Your LumenPOS PIN reset code","LumenPOS PIN sıfırlama kodunuz"
"Your VAT / tax registration number.","KDV / vergi kayıt numaranız."
"Your receipt from {0}, {1}","Fişiniz: {0}, {1}"
"Your user has no email address. Ask an administrator to reset your PIN.","Kullanıcınızın e-posta adresi yok. PIN'inizi sıfırlaması için bir sistem yöneticisine başvurun."
"its warehouse belongs to another company","deposu başka bir şirkete ait"
"late return approved by {0}","geç iadeyi onaylayan: {0}"
"made without a connection","bağlantı olmadan yapıldı"
"no payment methods","ödeme yöntemi yok"
"no price list","fiyat listesi yok"
"no reason recorded","neden kaydedilmemiş"
"no warehouse","depo yok"
"not scheduled","planlanmamış"
"the close has not finished","kapanış bitmedi"
"the till paid out {0}","kasa {0} ödedi"
"transaction reference","işlem referansı"
"{0} '{1}' does not exist. Pick it from the dropdown list","{0} '{1}' mevcut değil. Açılır listeden seçin"
"{0} ({1}): {2} to {3}, locks {4}","{0} ({1}): {2} ile {3} arası, {4} kilitli"
"{0} are in {1} only, and this customer buys in {2}.","{0} yalnızca {1} cinsindendir ve bu müşteri {2} ile alışveriş yapar."
"{0} can't be used for this sale ({1}). Choose another payment method.","{0} bu satışta kullanılamaz ({1}). Başka bir ödeme yöntemi seçin."
"{0} can't be used to refund this sale. Allowed: {1}.","{0} bu satışın iadesi için kullanılamaz. İzin verilenler: {1}."
"{0} cannot be returned","{0} iade edilemez"
"{0} does not let prices be changed at the till. Tick Allow User to Edit Rate on its POS Profile to allow it.","{0} şubesinde kasada fiyat değiştirilemez. İzin vermek için POS Profilinde Kullanıcının Fiyatı Düzenlemesine İzin Ver seçeneğini işaretleyin."
"{0} has NO price on price list '{1}', a percentage of 0 is 0","{0} ürününün '{1}' fiyat listesinde fiyatı YOK, 0'ın yüzdesi 0'dır"
"{0} has shift {1} open since {2}: close it first.","{0} kullanıcısının {2} tarihinden beri açık {1} vardiyası var: önce onu kapatın."
"{0} is billed in {1}, but this till sells in {2}. Switch on Other currencies in LumenPOS Settings, choose another customer, or clear the customer's Billing Currency in ERPNext (Customer, Currency and Price List).","{0} için fatura para birimi {1}, ancak bu kasa {2} ile satış yapıyor. LumenPOS Ayarlarında Diğer para birimlerini açın, başka bir müşteri seçin veya ERPNext'te müşterinin Fatura Para Birimini temizleyin (Müşteri, Para Birimi ve Fiyat Listesi)."
"{0} is billed in {1}, which this till does not sell in. Add {1} in LumenPOS Settings, General, Other currencies, or change the customer's Billing Currency.","{0} için fatura para birimi {1}, bu kasa ise bu para biriminde satış yapmıyor. {1} para birimini LumenPOS Ayarları, Genel, Diğer para birimleri bölümünden ekleyin veya müşterinin Fatura Para Birimini değiştirin."
"{0} is kept by LumenPOS for gift cards and hold deposits and cannot be sold as a product.","{0}, LumenPOS tarafından hediye kartları ve rezervasyon kaporaları için ayrılmıştır ve ürün olarak satılamaz."
"{0} is not a field of the customer form","{0}, müşteri formunun bir alanı değil"
"{0} is not a payment method of this outlet.","{0} bu şubenin ödeme yöntemi değil."
"{0} is not a payment taken at the till.","{0} kasada alınmış bir ödeme değil."
"{0} is not an active salesperson.","{0} aktif bir satış elemanı değil."
"{0} is serialized, quantity must be a whole number","{0} seri numaralıdır, miktar tam sayı olmalıdır"
"{0} is serialized: scan {1} serial number(s), got {2}","{0} seri numaralıdır: {1} seri numarası okutun, okutulan {2}"
"{0} is serialized: select {1} serial number(s) to return, got {2}","{0} seri numaralıdır: iade için {1} seri numarası seçin, seçilen {2}"
"{0} issued by {1} and spent at {2}","{0}: veren {1}, harcandığı yer {2}"
"{0} needs a {1} before this sale can be completed.","Bu satış tamamlanmadan önce {0} için {1} gerekir."
"{0} owes {1} of a limit of {2}, so at most {3} can go on account. Take more now, or ask a manager to raise the limit.","{0} müşterisinin borcu {1}, limiti {2}, bu yüzden en fazla {3} veresiye yazılabilir. Şimdi daha fazla ödeme alın veya bir yöneticiden limiti yükseltmesini isteyin."
"{0} paid {1} by {2}","{0}, {1} tutarını {2} ile ödedi"
"{0} paid {1} by {2} at {3}, shift {4}","{0}, {1} tutarını {2} ile {3} şubesinde ödedi, vardiya {4}"
"{0} printed again in the browser","{0} tarayıcıda yeniden yazdırıldı"
"{0} printed again on the receipt printer","{0} fiş yazıcısında yeniden yazdırıldı"
"{0} put on account at {1}: {2}","{0} veresiye yazıldı ({1}): {2}"
"{0} sales · takings {1}","{0} satış · hasılat {1}"
"{0} still has {1} on account. {2}","{0} satışının hâlâ {1} veresiye borcu var. {2}"
"{0} takes {1} off what is owed on account","{0}, veresiye borcundan {1} düşer"
"{0} takes {1} only, and this sale is in {2}.","{0} yalnızca {1} kabul eder ve bu satış {2} cinsinden."
"{0} was sold by {1}, but this till belongs to {2}. A return must be processed by a till in the same company.","{0} satışını {1} yaptı, ancak bu kasa {2} şirketine ait. İade aynı şirketteki bir kasada yapılmalıdır."
"{0}% discount cleared by approved request {1}","%{0} indirim, onaylanan {1} talebiyle onaylandı"
"{0}% discount cleared by passcode","%{0} indirim, onay şifresiyle onaylandı"
"{0}, Create Ledger Entries for Change Amount: on. Saving LumenPOS Settings turns it on.","{0} içinde Create Ledger Entries for Change Amount ayarını açın. LumenPOS ayarlarını kaydetmek bunu açar."
"{0}: allowed on account, limit {1}","{0}: veresiye izin verildi, limit {1}"
"{0}: not allowed on account, limit {1}","{0}: veresiye izin verilmedi, limit {1}"
"{0}: price changed from {1} to {2}","{0}: fiyat {1} değerinden {2} değerine değiştirildi"
"“{0}” is a base selling price list, editing it here would change your normal selling prices. Create a dedicated price list for this book/app instead.","“{0}” temel bir satış fiyat listesidir, burada düzenlemek normal satış fiyatlarınızı değiştirir. Bunun yerine bu defter/uygulama için ayrı bir fiyat listesi oluşturun."
